president,speech_date,year,title,url,source_file,word_count,self_count,collective_count,self_per_1k,collective_per_1k,self_share,speech_type,is_sotu_series,delivery_mode
Abraham Lincoln,1852-07-06,1852,"July 6, 1852: Eulogy on Henry Clay",https://millercenter.org/the-presidency/presidential-speeches/july-6-1852-eulogy-henry-clay,"Abraham_Lincoln_1852-07-06T13:03:58-04:56_July_6,_1852:_Eulogy_on_Henry_Clay.json",10778,72,86,6.68,7.98,0.4557,Other,False,written_era
Abraham Lincoln,1854-10-16,1854,"October 16, 1854: At Peoria, Illinois",https://millercenter.org/the-presidency/presidential-speeches/october-16-1854-peoria-illinois,"Abraham_Lincoln_1854-10-16T13:03:58-04:56_October_16,_1854:_At_Peoria,_Illinois.json",33210,472,422,14.21,12.71,0.528,Other,False,written_era
Abraham Lincoln,1858-06-16,1858,"June 16, 1858: ""A House Divided"" Speech",https://millercenter.org/the-presidency/presidential-speeches/june-16-1858-house-divided-speech,"Abraham_Lincoln_1858-06-16T13:03:58-04:56_June_16,_1858:_""A_House_Divided""_Speech.json",3217,9,48,2.8,14.92,0.1579,Other,False,written_era
Abraham Lincoln,1860-02-27,1860,"February 27, 1860: Cooper Union Address",https://millercenter.org/the-presidency/presidential-speeches/february-27-1860-cooper-union-address,"Abraham_Lincoln_1860-02-27T13:03:58-04:56_February_27,_1860:_Cooper_Union_Address.json",13694,96,368,7.01,26.87,0.2069,Other,False,written_era
Abraham Lincoln,1861-02-11,1861,"February 11, 1861: Farewell Address",https://millercenter.org/the-presidency/presidential-speeches/february-11-1861-farewell-address,"Abraham_Lincoln_1861-02-11T13:03:58-04:56_February_11,_1861:_Farewell_Address.json",152,15,1,98.68,6.58,0.9375,Farewell Address,False,written_era
Abraham Lincoln,1861-03-04,1861,"March 4, 1861: First Inaugural Address",https://millercenter.org/the-presidency/presidential-speeches/march-4-1861-first-inaugural-address,"Abraham_Lincoln_1861-03-04T13:03:58-04:56_March_4,_1861:_First_Inaugural_Address.json",3632,59,23,16.24,6.33,0.7195,Inaugural Address,False,written_era
Abraham Lincoln,1861-07-04,1861,"July 4, 1861: July 4th Message to Congress",https://millercenter.org/the-presidency/presidential-speeches/july-4-1861-july-4th-message-congress,"Abraham_Lincoln_1861-07-04T13:03:58-04:56_July_4,_1861:_July_4th_Message_to_Congress.json",6268,3,37,0.48,5.9,0.075,Address to Congress,False,written_era
Abraham Lincoln,1861-12-03,1861,"December 3, 1861: First Annual Message",https://millercenter.org/the-presidency/presidential-speeches/december-3-1861-first-annual-message,"Abraham_Lincoln_1861-12-03T13:03:58-04:56_December_3,_1861:_First_Annual_Message.json",6951,74,55,10.65,7.91,0.5736,Annual Message,True,written_era
Abraham Lincoln,1862-12-01,1862,"December 1, 1862: Second Annual Message",,"Abraham_Lincoln_1862-12-01T13:03:58-04:56_December_1,_1862:_Second_Annual_Message.json",8291,55,129,6.63,15.56,0.2989,Annual Message,True,written_era
Abraham Lincoln,1863-01-01,1863,"January 1, 1863: Emancipation Proclamation",https://millercenter.org/the-presidency/presidential-speeches/january-1-1863-emancipation-proclamation,"Abraham_Lincoln_1863-01-01T13:03:58-04:56_January_1,_1863:_Emancipation_Proclamation.json",711,10,4,14.06,5.63,0.7143,Other,False,written_era
Abraham Lincoln,1863-08-26,1863,"August 26, 1863: Public Letter to James Conkling",https://millercenter.org/the-presidency/presidential-speeches/august-26-1863-public-letter-james-conkling,"Abraham_Lincoln_1863-08-26T13:03:58-04:56_August_26,_1863:_Public_Letter_to_James_Conkling.json",1688,41,18,24.29,10.66,0.6949,Other,False,written_era
Abraham Lincoln,1863-11-19,1863,"November 19, 1863: Gettysburg Address",https://millercenter.org/the-presidency/presidential-speeches/november-19-1863-gettysburg-address,"Abraham_Lincoln_1863-11-19T13:03:58-04:56_November_19,_1863:_Gettysburg_Address.json",272,0,15,0.0,55.15,0.0,Other,False,written_era
Abraham Lincoln,1863-12-08,1863,"December 8, 1863: Third Annual Message",https://millercenter.org/the-presidency/presidential-speeches/december-8-1863-third-annual-message,"Abraham_Lincoln_1863-12-08T13:03:58-04:56_December_8,_1863:_Third_Annual_Message.json",6078,45,44,7.4,7.24,0.5056,Annual Message,True,written_era
Abraham Lincoln,1864-12-06,1864,"December 6, 1864: Fourth Annual Message",https://millercenter.org/the-presidency/presidential-speeches/december-6-1864-fourth-annual-message,"Abraham_Lincoln_1864-12-06T13:03:58-04:56_December_6,_1864:_Fourth_Annual_Message.json",5802,28,54,4.83,9.31,0.3415,Annual Message,True,written_era
Abraham Lincoln,1865-03-04,1865,"March 4, 1865: Second Inaugural Address",https://millercenter.org/the-presidency/presidential-speeches/march-4-1865-second-inaugural-address,"Abraham_Lincoln_1865-03-04T13:03:58-04:56_March_4,_1865:_Second_Inaugural_Address.json",701,2,11,2.85,15.69,0.1538,Inaugural Address,False,written_era
Andrew Jackson,1829-03-04,1829,"March 4, 1829: First Inaugural Address",https://millercenter.org/the-presidency/presidential-speeches/march-4-1829-first-inaugural-address,"Andrew_Jackson_1829-03-04T13:03:58-04:56_March_4,_1829:_First_Inaugural_Address.json",1128,32,22,28.37,19.5,0.5926,Inaugural Address,False,written_era
Andrew Jackson,1829-05-11,1829,"May 11, 1829: Proclamation Regarding Duties on Austrian Vessels",https://millercenter.org/the-presidency/presidential-speeches/may-11-1829-proclamation-regarding-duties-austrian-vessels,"Andrew_Jackson_1829-05-11T13:03:58-04:56_May_11,_1829:_Proclamation_Regarding_Duties_on_Austrian_Vessels.json",400,3,0,7.5,0.0,1.0,Other,False,written_era
Andrew Jackson,1829-12-08,1829,"December 8, 1829: First Annual Message to Congress",https://millercenter.org/the-presidency/presidential-speeches/december-8-1829-first-annual-message-congress,"Andrew_Jackson_1829-12-08T13:03:58-04:56_December_8,_1829:_First_Annual_Message_to_Congress.json",10493,69,137,6.58,13.06,0.335,Annual Message,True,written_era
Andrew Jackson,1830-05-06,1830,"May 6, 1830: Message Regarding Treaties with the Choctaw Nation of Indians",https://millercenter.org/the-presidency/presidential-speeches/may-6-1830-message-regarding-treaties-choctaw-nation-indians,"Andrew_Jackson_1830-05-06T11:59:58-04:56_May_6,_1830:_Message_Regarding_Treaties_with_the_Choctaw_Nation_of_Indians.json",885,20,2,22.6,2.26,0.9091,Other,False,written_era
Andrew Jackson,1830-05-27,1830,"May 27, 1830: Veto Message Regarding Funding of Infrastructure Development",https://millercenter.org/the-presidency/presidential-speeches/may-27-1830-veto-message-regarding-funding-infrastructure,"Andrew_Jackson_1830-05-27T12:05:58-04:56_May_27,_1830:_Veto_Message_Regarding_Funding_of_Infrastructure_Development.json",5478,66,45,12.05,8.21,0.5946,Other,False,written_era
Andrew Jackson,1830-10-05,1830,"October 5, 1830: Proclamation Regarding the Opening of United States Ports to British Vessels",https://millercenter.org/the-presidency/presidential-speeches/october-5-1830-proclamation-regarding-opening-united-states,"Andrew_Jackson_1830-10-05T13:03:58-04:56_October_5,_1830:_Proclamation_Regarding_the_Opening_of_United_States_Ports_to_British_Vessels.json",837,3,0,3.58,0.0,1.0,Other,False,written_era
Andrew Jackson,1830-12-06,1830,"December 6, 1830: Second Annual Message to Congress",https://millercenter.org/the-presidency/presidential-speeches/december-6-1830-second-annual-message-congress,"Andrew_Jackson_1830-12-06T13:03:58-04:56_December_6,_1830:_Second_Annual_Message_to_Congress.json",14998,165,172,11.0,11.47,0.4896,Annual Message,True,written_era
Andrew Jackson,1831-02-22,1831,"February 22, 1831: Message Regarding Indian Relations",https://millercenter.org/the-presidency/presidential-speeches/february-22-1831-message-regarding-indian-relations,"Andrew_Jackson_1831-02-22T12:12:58-04:56_February_22,_1831:_Message_Regarding_Indian_Relations.json",2603,19,8,7.3,3.07,0.7037,Other,False,written_era
Andrew Jackson,1831-12-06,1831,"December 6, 1831: Third Annual Message to Congress",https://millercenter.org/the-presidency/presidential-speeches/december-6-1831-third-annual-message-congress,"Andrew_Jackson_1831-12-06T13:03:58-04:56_December_6,_1831:_Third_Annual_Message_to_Congress.json",7161,73,156,10.19,21.78,0.3188,Annual Message,True,written_era
Andrew Jackson,1832-02-15,1832,"February 15, 1832: Message Regarding Indian Removal",https://millercenter.org/the-presidency/presidential-speeches/february-15-1832-message-regarding-indian-removal,"Andrew_Jackson_1832-02-15T12:16:58-04:56_February_15,_1832:_Message_Regarding_Indian_Removal.json",409,3,0,7.33,0.0,1.0,Other,False,written_era
Andrew Jackson,1832-07-10,1832,"July 10, 1832: Bank Veto",https://millercenter.org/the-presidency/presidential-speeches/july-10-1832-bank-veto,"Andrew_Jackson_1832-07-10T13:03:58-04:56_July_10,_1832:_Bank_Veto.json",8063,33,77,4.09,9.55,0.3,Other,False,written_era
Andrew Jackson,1832-12-04,1832,"December 4, 1832: Fourth Annual Message to Congress",https://millercenter.org/the-presidency/presidential-speeches/december-4-1832-fourth-annual-message-congress,"Andrew_Jackson_1832-12-04T13:03:58-04:56_December_4,_1832:_Fourth_Annual_Message_to_Congress.json",7844,67,154,8.54,19.63,0.3032,Annual Message,True,written_era
Andrew Jackson,1832-12-06,1832,"December 6, 1832: Veto Message of Internal Improvement Legislation",https://millercenter.org/the-presidency/presidential-speeches/december-6-1832-veto-message-internal-improvement-legislation,"Andrew_Jackson_1832-12-06T12:18:58-04:56_December_6,_1832:_Veto_Message_of_Internal_Improvement_Legislation.json",589,29,3,49.24,5.09,0.9062,Other,False,written_era
Andrew Jackson,1832-12-10,1832,"December 10, 1832: Nullification Proclamation",https://millercenter.org/the-presidency/presidential-speeches/december-10-1832-nullification-proclamation,"Andrew_Jackson_1832-12-10T12:21:58-04:56_December_10,_1832:_Nullification_Proclamation.json",8903,40,103,4.49,11.57,0.2797,Other,False,written_era
Andrew Jackson,1833-01-16,1833,"January 16, 1833: Message Regarding South Carolina Nullification of Federal Legislation",https://millercenter.org/the-presidency/presidential-speeches/january-16-1833-message-regarding-south-carolina-nullification,"Andrew_Jackson_1833-01-16T12:24:58-04:56_January_16,_1833:_Message_Regarding_South_Carolina_Nullification_of_Federal_Legislation.json",11427,40,28,3.5,2.45,0.5882,Other,False,written_era
Andrew Jackson,1833-03-04,1833,"March 4, 1833: Second Inaugural Address",https://millercenter.org/the-presidency/presidential-speeches/march-4-1833-second-inaugural-address,"Andrew_Jackson_1833-03-04T13:03:58-04:56_March_4,_1833:_Second_Inaugural_Address.json",1175,28,28,23.83,23.83,0.5,Inaugural Address,False,written_era
Andrew Jackson,1833-09-18,1833,"September 18, 1833: Message Regarding the Bank of the United States",https://millercenter.org/the-presidency/presidential-speeches/september-18-1833-message-regarding-bank-united-states,"Andrew_Jackson_1833-09-18T12:26:58-04:56_September_18,_1833:_Message_Regarding_the_Bank_of_the_United_States.json",7357,7,20,0.95,2.72,0.2593,Other,False,written_era
Andrew Jackson,1833-12-03,1833,"December 3, 1833: Fifth Annual Message to Congress",https://millercenter.org/the-presidency/presidential-speeches/december-3-1833-fifth-annual-message-congress,"Andrew_Jackson_1833-12-03T13:03:58-04:56_December_3,_1833:_Fifth_Annual_Message_to_Congress.json",7842,73,66,9.31,8.42,0.5252,Annual Message,True,written_era
Andrew Jackson,1833-12-12,1833,"December 12, 1833: Message on the Constitutional Rights and Responsibilities of the President",,"Andrew_Jackson_1833-12-12T13:19:58-04:56_December_12,_1833:_Message_on_the_Constitutional_Rights_and_Responsibilities_of_the_President.json",313,16,0,51.12,0.0,1.0,Other,False,written_era
Andrew Jackson,1834-04-15,1834,"April 15, 1834: Protest of Senate Censure",https://millercenter.org/the-presidency/presidential-speeches/april-15-1834-protest-senate-censure,"Andrew_Jackson_1834-04-15T13:21:58-04:56_April_15,_1834:_Protest_of_Senate_Censure.json",12609,80,52,6.34,4.12,0.6061,Other,False,written_era
Andrew Jackson,1834-04-21,1834,"April 21, 1834: Addendum to the Protest of Senate Censure",https://millercenter.org/the-presidency/presidential-speeches/april-21-1834-addendum-protest-senate-censure,"Andrew_Jackson_1834-04-21T13:25:58-04:56_April_21,_1834:_Addendum_to_the_Protest_of_Senate_Censure.json",456,18,0,39.47,0.0,1.0,Other,False,written_era
Andrew Jackson,1834-12-01,1834,"December 1, 1834: Sixth Annual Message to Congress",https://millercenter.org/the-presidency/presidential-speeches/december-1-1834-sixth-annual-message-congress,"Andrew_Jackson_1834-12-01T13:03:58-04:56_December_1,_1834:_Sixth_Annual_Message_to_Congress.json",13344,129,145,9.67,10.87,0.4708,Annual Message,True,written_era
Andrew Jackson,1835-12-07,1835,"December 7, 1835: Seventh Annual Address to Congress",https://millercenter.org/the-presidency/presidential-speeches/december-7-1835-seventh-annual-address-congress,"Andrew_Jackson_1835-12-07T13:03:58-04:56_December_7,_1835:_Seventh_Annual_Address_to_Congress.json",10793,93,143,8.62,13.25,0.3941,Address to Congress,False,written_era
Andrew Jackson,1836-12-05,1836,"December 5, 1836: Eighth Annual Message to Congress",https://millercenter.org/the-presidency/presidential-speeches/december-5-1836-eighth-annual-message-congress,"Andrew_Jackson_1836-12-05T13:03:58-04:56_December_5,_1836:_Eighth_Annual_Message_to_Congress.json",12345,73,114,5.91,9.23,0.3904,Annual Message,True,written_era
Andrew Jackson,1836-12-21,1836,"December 21, 1836: Statement on the Independence of Texas",https://millercenter.org/the-presidency/presidential-speeches/december-21-1836-statement-independence-texas,"Andrew_Jackson_1836-12-21T13:29:58-04:56_December_21,_1836:_Statement_on_the_Independence_of_Texas.json",1802,13,37,7.21,20.53,0.26,Other,False,written_era
Andrew Jackson,1837-03-04,1837,"March 4, 1837: Farewell Address",https://millercenter.org/the-presidency/presidential-speeches/march-4-1837-farewell-address,"Andrew_Jackson_1837-03-04T17:45:58-04:56_March_4,_1837:_Farewell_Address.json",8254,57,84,6.91,10.18,0.4043,Farewell Address,False,written_era
Andrew Johnson,1865-04-17,1865,"April 17, 1865: Message Following the Death of Abraham Lincoln",https://millercenter.org/the-presidency/presidential-speeches/april-17-1865-message-following-death-abraham-lincoln,"Andrew_Johnson_1865-04-17T13:42:58-04:56_April_17,_1865:_Message_Following_the_Death_of_Abraham_Lincoln.json",357,24,0,67.23,0.0,1.0,Other,False,written_era
Andrew Johnson,1865-04-29,1865,"April 29, 1865: Order Ending Commercial Restrictions on Confederate States",https://millercenter.org/the-presidency/presidential-speeches/april-29-1865-order-ending-commercial-restrictions-confederate,"Andrew_Johnson_1865-04-29T13:43:58-04:56_April_29,_1865:_Order_Ending_Commercial_Restrictions_on_Confederate_States.json",233,1,0,4.29,0.0,1.0,Other,False,written_era
Andrew Johnson,1865-05-02,1865,"May 2, 1865: Establishing Rewards for the Arrest of Certain Confederate Officers",https://millercenter.org/the-presidency/presidential-speeches/may-2-1865-establishing-rewards-arrest-certain-confederate,"Andrew_Johnson_1865-05-02T13:44:58-04:56_May_2,_1865:_Establishing_Rewards_for_the_Arrest_of_Certain_Confederate_Officers.json",903,5,0,5.54,0.0,1.0,Other,False,written_era
Andrew Johnson,1865-05-29,1865,"May 29, 1865: Proclamation Pardoning Persons who Participated in the Rebellion",https://millercenter.org/the-presidency/presidential-speeches/may-29-1865-proclamation-pardoning-persons-who-participated,"Andrew_Johnson_1865-05-29T13:45:58-04:56_May_29,_1865:_Proclamation_Pardoning_Persons_who_Participated_in_the_Rebellion.json",947,8,0,8.45,0.0,1.0,Other,False,written_era
Andrew Johnson,1865-05-29,1865,"May 29, 1865: Message Reestablishing Governments in Former Confederate States",https://millercenter.org/the-presidency/presidential-speeches/may-29-1865-message-reestablishing-governments-former,"Andrew_Johnson_1865-05-29T13:46:58-04:56_May_29,_1865:_Message_Reestablishing_Governments_in_Former_Confederate_States.json",1030,5,0,4.85,0.0,1.0,Other,False,written_era
Andrew Johnson,1865-06-02,1865,"June 2, 1865: Message Regarding Control of Abandoned Lands and Property",https://millercenter.org/the-presidency/presidential-speeches/june-2-1865-message-regarding-control-abandoned-lands-and,"Andrew_Johnson_1865-06-02T14:02:58-04:56_June_2,_1865:_Message_Regarding_Control_of_Abandoned_Lands_and_Property.json",268,0,0,0.0,0.0,,Other,False,written_era
Andrew Johnson,1865-06-06,1865,"June 6, 1865: Executive Order Regarding Discharged Prisoners of War",https://millercenter.org/the-presidency/presidential-speeches/june-6-1865-executive-order-regarding-discharged-prisoners-war,"Andrew_Johnson_1865-06-06T14:03:58-04:56_June_6,_1865:_Executive_Order_Regarding_Discharged_Prisoners_of_War.json",301,1,0,3.32,0.0,1.0,Other,False,written_era
Andrew Johnson,1865-12-04,1865,"December 4, 1865: First Annual Message",,"Andrew_Johnson_1865-12-04T13:03:58-04:56_December_4,_1865:_First_Annual_Message.json",9221,56,127,6.07,13.77,0.306,Annual Message,True,written_era
Andrew Johnson,1865-12-18,1865,"December 18, 1865: Announcement of the Successful Suppression of the Rebellion",https://millercenter.org/the-presidency/presidential-speeches/december-18-1865-announcement-successful-suppression-rebellion,"Andrew_Johnson_1865-12-18T14:06:58-04:56_December_18,_1865:_Announcement_of_the_Successful_Suppression_of_the_Rebellion.json",645,4,0,6.2,0.0,1.0,Other,False,written_era
Andrew Johnson,1866-02-19,1866,"February 19, 1866: Veto Message on Freedmen and Refugee Relief Bureau Legislation",https://millercenter.org/the-presidency/presidential-speeches/february-19-1866-veto-message-freedmen-and-refugee-relief,"Andrew_Johnson_1866-02-19T14:07:58-04:56_February_19,_1866:_Veto_Message_on_Freedmen_and_Refugee_Relief_Bureau_Legislation.json",3879,24,15,6.19,3.87,0.6154,Other,False,written_era
Andrew Johnson,1866-03-27,1866,"March 27, 1866: Veto Message on Civil Rights Legislation",https://millercenter.org/the-presidency/presidential-speeches/march-27-1866-veto-message-civil-rights-legislation,"Andrew_Johnson_1866-03-27T14:09:58-04:56_March_27,_1866:_Veto_Message_on_Civil_Rights_Legislation.json",4427,22,10,4.97,2.26,0.6875,Other,False,written_era
Andrew Johnson,1866-04-02,1866,"April 2, 1866: Proclamation on the End of the Confederate Insurrection",https://millercenter.org/the-presidency/presidential-speeches/april-2-1866-proclamation-end-confederate-insurrection,"Andrew_Johnson_1866-04-02T14:10:58-04:56_April_2,_1866:_Proclamation_on_the_End_of_the_Confederate_Insurrection.json",1367,4,3,2.93,2.19,0.5714,Other,False,written_era
Andrew Johnson,1866-07-24,1866,"July 24, 1866: Message Restoring Tennessee to Former Status",https://millercenter.org/the-presidency/presidential-speeches/july-24-1866-message-restoring-tennessee-former-status,"Andrew_Johnson_1866-07-24T14:11:58-04:56_July_24,_1866:_Message_Restoring_Tennessee_to_Former_Status.json",1290,11,0,8.53,0.0,1.0,Other,False,written_era
Andrew Johnson,1866-08-20,1866,"August 20, 1866: Message Proclaiming End to Insurrection in the United States",https://millercenter.org/the-presidency/presidential-speeches/august-20-1866-message-proclaiming-end-insurrection-united,"Andrew_Johnson_1866-08-20T14:26:58-04:56_August_20,_1866:_Message_Proclaiming_End_to_Insurrection_in_the_United_States.json",1922,4,3,2.08,1.56,0.5714,Other,False,written_era
Andrew Johnson,1866-12-03,1866,"December 3, 1866: Second Annual Message",https://millercenter.org/the-presidency/presidential-speeches/december-3-1866-second-annual-message,"Andrew_Johnson_1866-12-03T14:19:58-04:56_December_3,_1866:_Second_Annual_Message.json",7068,19,74,2.69,10.47,0.2043,Annual Message,True,written_era
Andrew Johnson,1867-01-28,1867,"January 28, 1867: Veto Message on Admitting Colorado into the Union",https://millercenter.org/the-presidency/presidential-speeches/january-28-1867-veto-message-admitting-colorado-union,"Andrew_Johnson_1867-01-28T14:21:58-04:56_January_28,_1867:_Veto_Message_on_Admitting_Colorado_into_the_Union.json",2871,25,12,8.71,4.18,0.6757,Other,False,written_era
Andrew Johnson,1867-01-29,1867,"January 29, 1867: Veto Message on Admitting Nebraska into the Union",https://millercenter.org/the-presidency/presidential-speeches/january-29-1867-veto-message-admitting-nebraska-union,"Andrew_Johnson_1867-01-29T14:29:58-04:56_January_29,_1867:_Veto_Message_on_Admitting_Nebraska_into_the_Union.json",1442,6,4,4.16,2.77,0.6,Other,False,written_era
Andrew Johnson,1867-03-02,1867,"March 2, 1867: Veto Message Regarding Rebel State Governments",https://millercenter.org/the-presidency/presidential-speeches/march-2-1867-veto-message-regarding-rebel-state-governments,"Andrew_Johnson_1867-03-02T14:30:58-04:56_March_2,_1867:_Veto_Message_Regarding_Rebel_State_Governments.json",6739,29,66,4.3,9.79,0.3053,Other,False,written_era
Andrew Johnson,1867-03-23,1867,"March 23, 1867: Veto Message Regarding Rebel State Governments",https://millercenter.org/the-presidency/presidential-speeches/march-23-1867-veto-message-regarding-rebel-state-governments,"Andrew_Johnson_1867-03-23T14:33:58-04:56_March_23,_1867:_Veto_Message_Regarding_Rebel_State_Governments.json",2120,15,14,7.08,6.6,0.5172,Other,False,written_era
Andrew Johnson,1867-06-20,1867,"June 20, 1867: Message Clarifying the Reconstruction Acts",https://millercenter.org/the-presidency/presidential-speeches/june-20-1867-message-clarifying-reconstruction-acts,"Andrew_Johnson_1867-06-20T14:23:58-04:56_June_20,_1867:_Message_Clarifying_the_Reconstruction_Acts.json",1809,2,0,1.11,0.0,1.0,Other,False,written_era
Andrew Johnson,1867-07-19,1867,"July 19, 1867: Message Regarding Reconstruction Legislation",https://millercenter.org/the-presidency/presidential-speeches/july-19-1867-message-regarding-reconstruction-legislation,"Andrew_Johnson_1867-07-19T14:35:58-04:56_July_19,_1867:_Message_Regarding_Reconstruction_Legislation.json",4628,21,12,4.54,2.59,0.6364,Other,False,written_era
Andrew Johnson,1867-09-07,1867,"September 7, 1867: Proclamation Restoring All Rights to Rebellion Participants",https://millercenter.org/the-presidency/presidential-speeches/september-7-1867-proclamation-restoring-all-rights-rebellion,"Andrew_Johnson_1867-09-07T14:38:58-04:56_September_7,_1867:_Proclamation_Restoring_All_Rights_to_Rebellion_Participants.json",1266,7,1,5.53,0.79,0.875,Other,False,written_era
Andrew Johnson,1867-12-03,1867,"December 3, 1867: Third Annual Message to Congress",https://millercenter.org/the-presidency/presidential-speeches/december-3-1867-third-annual-message-congress,"Andrew_Johnson_1867-12-03T14:39:58-04:56_December_3,_1867:_Third_Annual_Message_to_Congress.json",11922,51,165,4.28,13.84,0.2361,Annual Message,True,written_era
Andrew Johnson,1867-12-12,1867,"December 12, 1867: Message Regarding the Suspension of Secretary Stanton",https://millercenter.org/the-presidency/presidential-speeches/december-12-1867-message-regarding-suspension-secretary,"Andrew_Johnson_1867-12-12T11:07:58-04:56_December_12,_1867:_Message_Regarding_the_Suspension_of_Secretary_Stanton.json",5847,135,7,23.09,1.2,0.9507,Other,False,written_era
Andrew Johnson,1868-02-11,1868,"February 11, 1868: Messages Regarding Correspondence with General U.S. Grant",https://millercenter.org/the-presidency/presidential-speeches/february-11-1868-messages-regarding-correspondence-general-us,"Andrew_Johnson_1868-02-11T11:11:58-04:56_February_11,_1868:_Messages_Regarding_Correspondence_with_General_U.S._Grant.json",6254,100,3,15.99,0.48,0.9709,Other,False,written_era
Andrew Johnson,1868-02-22,1868,"February 22, 1868: Message Regarding the Removal of Secretary Stanton",https://millercenter.org/the-presidency/presidential-speeches/february-22-1868-message-regarding-removal-secretary-stanton,"Andrew_Johnson_1868-02-22T11:35:58-04:56_February_22,_1868:_Message_Regarding_the_Removal_of_Secretary_Stanton.json",3213,81,1,25.21,0.31,0.9878,Other,False,written_era
Andrew Johnson,1868-03-25,1868,"March 25, 1868: Veto Message on Legislation Amending the Judiciary",https://millercenter.org/the-presidency/presidential-speeches/march-25-1868-veto-message-legislation-amending-judiciary,"Andrew_Johnson_1868-03-25T11:38:58-04:56_March_25,_1868:_Veto_Message_on_Legislation_Amending_the_Judiciary.json",790,14,4,17.72,5.06,0.7778,Other,False,written_era
Andrew Johnson,1868-06-20,1868,"June 20, 1868: Veto Message Regarding Regulations on Confederate States",https://millercenter.org/the-presidency/presidential-speeches/june-20-1868-veto-message-regarding-regulations-confederate,"Andrew_Johnson_1868-06-20T11:40:58-04:56_June_20,_1868:_Veto_Message_Regarding_Regulations_on_Confederate_States.json",1328,8,3,6.02,2.26,0.7273,Other,False,written_era
Andrew Johnson,1868-07-18,1868,"July 18, 1868: Message Proposing Constitutional Amendments",https://millercenter.org/the-presidency/presidential-speeches/july-18-1868-message-proposing-constitutional-amendments,"Andrew_Johnson_1868-07-18T11:44:58-04:56_July_18,_1868:_Message_Proposing_Constitutional_Amendments.json",3394,23,4,6.78,1.18,0.8519,Other,False,written_era
Andrew Johnson,1868-07-20,1868,"July 20, 1868: Veto Message Regarding Electoral College Participation",https://millercenter.org/the-presidency/presidential-speeches/july-20-1868-veto-message-regarding-electoral-college,"Andrew_Johnson_1868-07-20T11:45:58-04:56_July_20,_1868:_Veto_Message_Regarding_Electoral_College_Participation.json",1624,14,2,8.62,1.23,0.875,Other,False,written_era
Andrew Johnson,1868-12-08,1868,"December 8, 1868: Fourth Annual Message to Congress",https://millercenter.org/the-presidency/presidential-speeches/december-8-1868-fourth-annual-message-congress,"Andrew_Johnson_1868-12-08T11:46:58-04:56_December_8,_1868:_Fourth_Annual_Message_to_Congress.json",9669,28,110,2.9,11.38,0.2029,Annual Message,True,written_era
Barack Obama,2008-08-28,2008,"August 28, 2008: Acceptance Speech at the Democratic National Convention",https://millercenter.org/the-presidency/presidential-speeches/august-28-2008-acceptance-speech-democratic-national,"Barack_Obama_2008-08-28T14:00:00-04:00_August_28,_2008:_Acceptance_Speech_at_the_Democratic_National_Convention.json",4667,113,160,24.21,34.28,0.4139,Nomination Acceptance,False,spoken_era
Barack Obama,2008-11-04,2008,"November 4, 2008: Remarks on Election Night",https://millercenter.org/the-presidency/presidential-speeches/november-4-2008-remarks-election-night,"Barack_Obama_2008-11-04T13:00:00-05:00_November_4,_2008:_Remarks_on_Election_Night.json",1955,38,93,19.44,47.57,0.2901,Other,False,spoken_era
Barack Obama,2009-01-20,2009,"January 20, 2009: Inaugural Address",https://millercenter.org/the-presidency/presidential-speeches/january-20-2009-inaugural-address,"Barack_Obama_2009-01-20T13:00:00-05:00_January_20,_2009:_Inaugural_Address.json",2400,4,156,1.67,65.0,0.025,Inaugural Address,False,spoken_era
Barack Obama,2009-01-29,2009,"January 29, 2009: Remarks on the Lilly Ledbetter Fair Pay Restoration Act Bill Signing",https://millercenter.org/the-presidency/presidential-speeches/january-29-2009-remarks-lilly-ledbetter-fair-pay-restoration,"Barack_Obama_2009-01-29T01:00:00-05:00_January_29,_2009:_Remarks_on_the_Lilly_Ledbetter_Fair_Pay_Restoration_Act_Bill_Signing.json",874,12,26,13.73,29.75,0.3158,Other,False,spoken_era
Barack Obama,2009-02-07,2009,"February 7, 2009: Remarks on the American Recovery and Reinvestment Act",https://millercenter.org/the-presidency/presidential-speeches/february-7-2009-remarks-american-recovery-and-reinvestment-act,"Barack_Obama_2009-02-07T01:00:00-05:00_February_7,_2009:_Remarks_on_the_American_Recovery_and_Reinvestment_Act.json",2490,24,99,9.64,39.76,0.1951,Other,False,spoken_era
Barack Obama,2009-02-24,2009,"February 24, 2009: Address Before a Joint Session of Congress",https://millercenter.org/the-presidency/presidential-speeches/february-24-2009-address-joint-session-congress,"Barack_Obama_2009-02-24T13:00:00-05:00_February_24,_2009:_Address_Before_a_Joint_Session_of_Congress.json",6063,98,275,16.16,45.36,0.2627,Address to Congress,False,spoken_era
Barack Obama,2009-05-26,2009,"May 26, 2009: Remarks on Nominating Judge Sonia Sotomayor to the U.S. Supreme Court",https://millercenter.org/the-presidency/presidential-speeches/may-26-2009-remarks-nominating-judge-sonia-sotomayor-us,"Barack_Obama_2009-05-26T02:00:00-04:00_May_26,_2009:_Remarks_on_Nominating_Judge_Sonia_Sotomayor_to_the_U.S._Supreme_Court.json",1508,21,8,13.93,5.31,0.7241,Other,False,spoken_era
Barack Obama,2009-06-04,2009,"June 4, 2009: Address at Cairo University",https://millercenter.org/the-presidency/presidential-speeches/june-4-2009-address-cairo-university,"Barack_Obama_2009-06-04T14:00:00-04:00_June_4,_2009:_Address_at_Cairo_University.json",5967,81,193,13.57,32.34,0.2956,Other,False,spoken_era
Barack Obama,2009-09-09,2009,"September 9, 2009: Address to Congress on Health Care",https://millercenter.org/the-presidency/presidential-speeches/september-9-2009-address-congress-health-care,"Barack_Obama_2009-09-09T14:00:00-04:00_September_9,_2009:_Address_to_Congress_on_Health_Care.json",5560,81,132,14.57,23.74,0.3803,Address to Congress,False,spoken_era
Barack Obama,2009-12-01,2009,"December 1, 2009: Speech on Strategy in Afghanistan and Pakistan",https://millercenter.org/the-presidency/presidential-speeches/december-1-2009-speech-strategy-afghanistan-and-pakistan,"Barack_Obama_2009-12-01T01:00:00-05:00_December_1,_2009:_Speech_on_Strategy_in_Afghanistan_and_Pakistan.json",4580,57,239,12.45,52.18,0.1926,Other,False,spoken_era
Barack Obama,2009-12-10,2009,"December 10, 2009: Acceptance of Nobel Peace Prize",https://millercenter.org/the-presidency/presidential-speeches/december-10-2009-acceptance-nobel-peace-prize,"Barack_Obama_2009-12-10T01:00:00-05:00_December_10,_2009:_Acceptance_of_Nobel_Peace_Prize.json",4233,54,124,12.76,29.29,0.3034,Other,False,spoken_era
Barack Obama,2010-01-27,2010,"January 27, 2010: 2010 State of the Union Address",https://millercenter.org/the-presidency/presidential-speeches/january-27-2010-2010-state-union-address,"Barack_Obama_2010-01-27T13:00:00-05:00_January_27,_2010:_2010_State_of_the_Union_Address.json",7206,126,323,17.49,44.82,0.2806,State of the Union,True,spoken_era
Barack Obama,2010-02-09,2010,"February 9, 2010: News Conference on Congressional Gridlock",https://millercenter.org/the-presidency/presidential-speeches/february-9-2010-news-conference-congressional-gridlock,"Barack_Obama_2010-02-09T01:00:00-05:00_February_9,_2010:_News_Conference_on_Congressional_Gridlock.json",5168,146,154,28.25,29.8,0.4867,Press/News Conference,False,spoken_era
Barack Obama,2010-03-15,2010,"March 15, 2010: Speech on Health Care Reform",https://millercenter.org/the-presidency/presidential-speeches/march-15-2010-speech-health-care-reform,"Barack_Obama_2010-03-15T01:00:00-04:00_March_15,_2010:_Speech_on_Health_Care_Reform.json",4186,81,83,19.35,19.83,0.4939,Other,False,spoken_era
Barack Obama,2010-04-15,2010,"April 15, 2010: Remarks on Space Exploration in the 21st Century",https://millercenter.org/the-presidency/presidential-speeches/april-15-2010-remarks-space-exploration-21st-century,"Barack_Obama_2010-04-15T02:00:00-04:00_April_15,_2010:_Remarks_on_Space_Exploration_in_the_21st_Century.json",3523,73,128,20.72,36.33,0.3632,Other,False,spoken_era
Barack Obama,2010-04-28,2010,"April 28, 2010: Remarks on Wall Street Reform",https://millercenter.org/the-presidency/presidential-speeches/april-28-2010-remarks-wall-street-reform,"Barack_Obama_2010-04-28T02:00:00-04:00_April_28,_2010:_Remarks_on_Wall_Street_Reform.json",3475,46,103,13.24,29.64,0.3087,Other,False,spoken_era
Barack Obama,2010-06-15,2010,"June 15, 2010: Speech on the BP Oil Spill",https://millercenter.org/the-presidency/presidential-speeches/june-15-2010-speech-bp-oil-spill,"Barack_Obama_2010-06-15T02:00:00-04:00_June_15,_2010:_Speech_on_the_BP_Oil_Spill.json",2677,29,113,10.83,42.21,0.2042,Other,False,spoken_era
Barack Obama,2010-08-31,2010,"August 31, 2010: Address on the End of the Combat Mission in Iraq",https://millercenter.org/the-presidency/presidential-speeches/august-31-2010-address-end-combat-mission-iraq,"Barack_Obama_2010-08-31T02:00:00-04:00_August_31,_2010:_Address_on_the_End_of_the_Combat_Mission_in_Iraq.json",2557,18,134,7.04,52.41,0.1184,Other,False,spoken_era
Barack Obama,2010-09-23,2010,"September 23, 2010: Address to the United Nations",https://millercenter.org/the-presidency/presidential-speeches/september-23-2010-address-united-nations,"Barack_Obama_2010-09-23T02:00:00-04:00_September_23,_2010:_Address_to_the_United_Nations.json",4073,38,155,9.33,38.06,0.1969,Other,False,spoken_era
Barack Obama,2010-11-03,2010,"November 3, 2010: Press Conference After 2010 Midterm Elections",https://millercenter.org/the-presidency/presidential-speeches/november-3-2010-press-conference-after-2010-midterm-elections,"Barack_Obama_2010-11-03T01:00:00-04:00_November_3,_2010:_Press_Conference_After_2010_Midterm_Elections.json",8503,255,252,29.99,29.64,0.503,Press/News Conference,False,spoken_era
Barack Obama,2011-01-12,2011,"January 12, 2011: Remarks at Memorial for Victims of the Tucson, AZ Shooting",https://millercenter.org/the-presidency/presidential-speeches/january-12-2011-remarks-memorial-victims-tucson-az-shooting,"Barack_Obama_2011-01-12T01:00:00-05:00_January_12,_2011:_Remarks_at_Memorial_for_Victims_of_the_Tucson,_AZ_Shooting.json",2775,20,161,7.21,58.02,0.1105,Other,False,spoken_era
Barack Obama,2011-01-25,2011,"January 25, 2011: 2011 State of the Union Address",https://millercenter.org/the-presidency/presidential-speeches/january-25-2011-2011-state-union-address,"Barack_Obama_2011-01-25T01:00:00-05:00_January_25,_2011:_2011_State_of_the_Union_Address.json",6967,78,356,11.2,51.1,0.1797,State of the Union,True,spoken_era
Barack Obama,2011-05-01,2011,"May 1, 2011: Remarks on the Death of Osama Bin Laden",https://millercenter.org/the-presidency/presidential-speeches/may-1-2011-remarks-death-osama-bin-laden,"Barack_Obama_2011-05-01T02:00:00-04:00_May_1,_2011:_Remarks_on_the_Death_of_Osama_Bin_Laden.json",1370,15,94,10.95,68.61,0.1376,Other,False,spoken_era
Barack Obama,2011-05-19,2011,"May 19, 2011: Speech on American Diplomacy in the Middle East and North Africa",https://millercenter.org/the-presidency/presidential-speeches/may-19-2011-speech-american-diplomacy-middle-east-and-north,"Barack_Obama_2011-05-19T02:00:00-04:00_May_19,_2011:_Speech_on_American_Diplomacy_in_the_Middle_East_and_North_Africa.json",5643,27,145,4.78,25.7,0.157,Other,False,spoken_era
Barack Obama,2011-05-25,2011,"May 25, 2011: Address to the British Parliament",https://millercenter.org/the-presidency/presidential-speeches/may-25-2011-address-british-parliament,"Barack_Obama_2011-05-25T02:00:00-04:00_May_25,_2011:_Address_to_the_British_Parliament.json",4230,10,212,2.36,50.12,0.045,Other,False,spoken_era
Barack Obama,2011-06-22,2011,"June 22, 2011: Remarks on the Afghanistan Pullout",https://millercenter.org/the-presidency/presidential-speeches/june-22-2011-remarks-afghanistan-pullout,"Barack_Obama_2011-06-22T02:00:00-04:00_June_22,_2011:_Remarks_on_the_Afghanistan_Pullout.json",2014,14,132,6.95,65.54,0.0959,Other,False,spoken_era
Barack Obama,2011-09-08,2011,"September 8, 2011: Address to Congress on the American Jobs Act",https://millercenter.org/the-presidency/presidential-speeches/september-8-2011-address-congress-american-jobs-act,"Barack_Obama_2011-09-08T02:00:00-04:00_September_8,_2011:_Address_to_Congress_on_the_American_Jobs_Act.json",4154,42,164,10.11,39.48,0.2039,Address to Congress,False,spoken_era
Barack Obama,2011-10-21,2011,"October 21, 2011: Remarks on the End of the War in Iraq",https://millercenter.org/the-presidency/presidential-speeches/october-21-2011-remarks-end-war-iraq,"Barack_Obama_2011-10-21T02:00:00-04:00_October_21,_2011:_Remarks_on_the_End_of_the_War_in_Iraq.json",953,15,48,15.74,50.37,0.2381,Other,False,spoken_era
Barack Obama,2012-01-24,2012,"January 24, 2012: 2012 State of the Union Address",https://millercenter.org/the-presidency/presidential-speeches/january-24-2012-2012-state-union-address,"Barack_Obama_2012-01-24T01:00:00-05:00_January_24,_2012:_2012_State_of_the_Union_Address.json",7096,103,223,14.52,31.43,0.316,State of the Union,True,spoken_era
Barack Obama,2012-09-06,2012,"September 6, 2012: Nominee Acceptance Speech at 2012 Democratic National Convention",https://millercenter.org/the-presidency/presidential-speeches/september-6-2012-nominee-acceptance-speech-2012-democratic,"Barack_Obama_2012-09-06T02:00:00-04:00_September_6,_2012:_Nominee_Acceptance_Speech_at_2012_Democratic_National_Convention.json",4619,111,179,24.03,38.75,0.3828,Nomination Acceptance,False,spoken_era
Barack Obama,2012-11-06,2012,"November 6, 2012: 2012 Election Night Victory Speech",https://millercenter.org/the-presidency/presidential-speeches/november-6-2012-2012-election-night-victory-speech,"Barack_Obama_2012-11-06T01:00:00-05:00_November_6,_2012:_2012_Election_Night_Victory_Speech.json",2199,42,99,19.1,45.02,0.2979,Other,False,spoken_era
Barack Obama,2012-12-16,2012,"December 16, 2012: Remarks on Sandy Hook Elementary Shootings",https://millercenter.org/the-presidency/presidential-speeches/december-16-2012-remarks-sandy-hook-elementary-shootings,"Barack_Obama_2012-12-16T01:00:00-05:00_December_16,_2012:_Remarks_on_Sandy_Hook_Elementary_Shootings.json",1680,11,136,6.55,80.95,0.0748,Other,False,spoken_era
Barack Obama,2013-01-21,2013,"January 21, 2013: Second Inaugural Address",https://millercenter.org/the-presidency/presidential-speeches/january-21-2013-second-inaugural-address,"Barack_Obama_2013-01-21T01:00:00-05:00_January_21,_2013:_Second_Inaugural_Address.json",2127,7,167,3.29,78.51,0.0402,Inaugural Address,False,spoken_era
Barack Obama,2013-01-29,2013,"January 29, 2013: Remarks on Immigration Reform",https://millercenter.org/the-presidency/presidential-speeches/january-29-2013-remarks-immigration-reform,"Barack_Obama_2013-01-29T01:00:00-05:00_January_29,_2013:_Remarks_on_Immigration_Reform.json",3055,30,111,9.82,36.33,0.2128,Other,False,spoken_era
Barack Obama,2013-02-13,2013,"February 13, 2013: 2013 State of the Union Address",https://millercenter.org/the-presidency/presidential-speeches/february-13-2013-2013-state-union-address,"Barack_Obama_2013-02-13T01:00:00-05:00_February_13,_2013:_2013_State_of_the_Union_Address.json",6877,62,344,9.02,50.02,0.1527,State of the Union,True,spoken_era
Barack Obama,2013-03-01,2013,"March 1, 2013: Statement on the Government Sequester",https://millercenter.org/the-presidency/presidential-speeches/march-1-2013-statement-government-sequester,"Barack_Obama_2013-03-01T01:00:00-05:00_March_1,_2013:_Statement_on_the_Government_Sequester.json",5291,162,149,30.62,28.16,0.5209,Other,False,spoken_era
Barack Obama,2013-03-21,2013,"March 21, 2013: Address to the People of Israel",https://millercenter.org/the-presidency/presidential-speeches/march-21-2013-address-people-israel,"Barack_Obama_2013-03-21T01:00:00-04:00_March_21,_2013:_Address_to_the_People_of_Israel.json",5449,131,80,24.04,14.68,0.6209,Other,False,spoken_era
Barack Obama,2013-04-08,2013,"April 8, 2013: Speech on Gun Violence",https://millercenter.org/the-presidency/presidential-speeches/april-8-2013-speech-gun-violence,"Barack_Obama_2013-04-08T02:00:00-04:00_April_8,_2013:_Speech_on_Gun_Violence.json",3246,69,114,21.26,35.12,0.377,Other,False,spoken_era
Barack Obama,2013-07-19,2013,"July 19, 2013: Remarks on Trayvon Martin",https://millercenter.org/the-presidency/presidential-speeches/july-19-2013-remarks-trayvon-martin,"Barack_Obama_2013-07-19T02:00:00-04:00_July_19,_2013:_Remarks_on_Trayvon_Martin.json",2147,68,46,31.67,21.43,0.5965,Other,False,spoken_era
Barack Obama,2013-07-24,2013,"July 24, 2013: Remarks on Education and the Economy",https://millercenter.org/the-presidency/presidential-speeches/july-24-2013-remarks-education-and-economy,"Barack_Obama_2013-07-24T02:00:00-04:00_July_24,_2013:_Remarks_on_Education_and_the_Economy.json",4377,79,159,18.05,36.33,0.3319,Other,False,spoken_era
Barack Obama,2013-09-10,2013,"September 10, 2013: Address to the Nation on Syria",https://millercenter.org/the-presidency/presidential-speeches/september-10-2013-address-nation-syria,"Barack_Obama_2013-09-10T02:00:00-04:00_September_10,_2013:_Address_to_the_Nation_on_Syria.json",2194,47,63,21.42,28.71,0.4273,Other,False,spoken_era
Barack Obama,2013-12-04,2013,"December 4, 2013: Speech on Economic Mobility",https://millercenter.org/the-presidency/presidential-speeches/december-4-2013-speech-economic-mobility,"Barack_Obama_2013-12-04T01:00:00-05:00_December_4,_2013:_Speech_on_Economic_Mobility.json",6544,67,208,10.24,31.78,0.2436,Other,False,spoken_era
Barack Obama,2014-01-28,2014,"January 28, 2014: 2014 State of the Union Address",https://millercenter.org/the-presidency/presidential-speeches/january-28-2014-2014-state-union-address,"Barack_Obama_2014-01-28T01:00:00-05:00_January_28,_2014:_2014_State_of_the_Union_Address.json",6828,89,279,13.03,40.86,0.2418,State of the Union,True,spoken_era
Barack Obama,2014-11-20,2014,"November 20, 2014: Address to the Nation on Immigration",https://millercenter.org/the-presidency/presidential-speeches/november-20-2014-address-nation-immigration,"Barack_Obama_2014-11-20T01:00:00-05:00_November_20,_2014:_Address_to_the_Nation_on_Immigration.json",2210,38,104,17.19,47.06,0.2676,Other,False,spoken_era
Barack Obama,2015-01-20,2015,"January 20, 2015: 2015 State of the Union Address",https://millercenter.org/the-presidency/presidential-speeches/january-20-2015-2015-state-union-address,"Barack_Obama_2015-01-20T01:00:00-05:00_January_20,_2015:_2015_State_of_the_Union_Address.json",6815,106,358,15.55,52.53,0.2284,State of the Union,True,spoken_era
Barack Obama,2015-03-07,2015,"March 7, 2015: Remarks at the 50th Anniversary of the Selma Marches",,"Barack_Obama_2015-03-07T01:00:00-05:00_March_7,_2015:_Remarks_at_the_50th_Anniversary_of_the_Selma_Marches.json",3676,6,171,1.63,46.52,0.0339,Other,False,spoken_era
Barack Obama,2015-06-26,2015,"June 26, 2015: Remarks in Eulogy for the Honorable Reverend Clementa Pickney",https://millercenter.org/the-presidency/presidential-speeches/june-26-2015-remarks-eulogy-honorable-reverend-clementa,"Barack_Obama_2015-06-26T02:00:00-04:00_June_26,_2015:_Remarks_in_Eulogy_for_the_Honorable_Reverend_Clementa_Pickney.json",3012,23,107,7.64,35.52,0.1769,Other,False,spoken_era
Barack Obama,2016-01-12,2016,"January 12, 2016: 2016 State of the Union Address",https://millercenter.org/the-presidency/presidential-speeches/january-12-2016-2016-state-union-address,"Barack_Obama_2016-01-12T01:00:00-05:00_January_12,_2016:_2016_State_of_the_Union_Address.json",6095,86,286,14.11,46.92,0.2312,State of the Union,True,spoken_era
Barack Obama,2016-03-22,2016,"March 22, 2016: Remarks to the People of Cuba",https://millercenter.org/the-presidency/presidential-speeches/march-22-2016-remarks-people-cuba,"Barack_Obama_2016-03-22T01:00:00-04:00_March_22,_2016:_Remarks_to_the_People_of_Cuba.json",4065,101,109,24.85,26.81,0.481,Other,False,spoken_era
Barack Obama,2016-05-15,2016,"May 15, 2016: Commencement Address at Rutgers University",https://millercenter.org/the-presidency/presidential-speeches/may-15-2016-commencement-address-rutgers-university,"Barack_Obama_2016-05-15T02:00:00-04:00_May_15,_2016:_Commencement_Address_at_Rutgers_University.json",4865,79,157,16.24,32.27,0.3347,Other,False,spoken_era
Barack Obama,2017-01-10,2017,"January 10, 2017: Farewell Address to the Nation",https://millercenter.org/the-presidency/presidential-speeches/january-10-2017-farewell-address-nation,"Barack_Obama_2017-01-10T20:00:00-05:00_January_10,_2017:_Farewell_Address_to_the_Nation.json",4797,89,239,18.55,49.82,0.2713,Farewell Address,False,spoken_era
Benjamin Harrison,1889-03-04,1889,"March 4, 1889: Inaugural Address",https://millercenter.org/the-presidency/presidential-speeches/march-4-1889-inaugural-address,"Benjamin_Harrison_1889-03-04T13:00:00-05:00_March_4,_1889:_Inaugural_Address.json",4104,24,105,5.85,25.58,0.186,Inaugural Address,False,written_era
Benjamin Harrison,1889-04-04,1889,"April 4, 1889: Commemoration of the Centennial of Washington’s Inauguration",https://millercenter.org/the-presidency/presidential-speeches/april-4-1889-commemoration-centennial-washingtons-inauguration,"Benjamin_Harrison_1889-04-04T15:09:00-05:00_April_4,_1889:_Commemoration_of_the_Centennial_of_Washington’s_Inauguration.json",354,3,5,8.47,14.12,0.375,Other,False,written_era
Benjamin Harrison,1889-06-04,1889,"June 4, 1889: Statement on the Johnstown Flood",https://millercenter.org/the-presidency/presidential-speeches/june-4-1889-statement-johnstown-flood,"Benjamin_Harrison_1889-06-04T15:17:00-05:00_June_4,_1889:_Statement_on_the_Johnstown_Flood.json",764,23,9,30.1,11.78,0.7188,Other,False,written_era
Benjamin Harrison,1889-12-03,1889,"December 3, 1889: First Annual Message",https://millercenter.org/the-presidency/presidential-speeches/december-3-1889-first-annual-message,"Benjamin_Harrison_1889-12-03T15:24:00-05:00_December_3,_1889:_First_Annual_Message.json",12920,86,133,6.66,10.29,0.3927,Annual Message,True,written_era
Benjamin Harrison,1890-04-19,1890,"April 19, 1890: Statement at the International American Conference",https://millercenter.org/the-presidency/presidential-speeches/april-19-1890-statement-international-american-conference,"Benjamin_Harrison_1890-04-19T15:26:00-05:00_April_19,_1890:_Statement_at_the_International_American_Conference.json",208,6,8,28.85,38.46,0.4286,Other,False,written_era
Benjamin Harrison,1890-05-30,1890,"May 30, 1890: Address Honoring President Garfield",https://millercenter.org/the-presidency/presidential-speeches/may-30-1890-address-honoring-president-garfield,"Benjamin_Harrison_1890-05-30T15:28:00-05:00_May_30,_1890:_Address_Honoring_President_Garfield.json",290,2,3,6.9,10.34,0.4,Other,False,written_era
Benjamin Harrison,1890-06-19,1890,"June 19, 1890: Message Regarding the International American Conference",https://millercenter.org/the-presidency/presidential-speeches/june-19-1890-message-regarding-international-american,"Benjamin_Harrison_1890-06-19T17:05:00-05:00_June_19,_1890:_Message_Regarding_the_International_American_Conference.json",376,4,11,10.64,29.26,0.2667,Other,False,written_era
Benjamin Harrison,1890-10-23,1890,"October 23, 1890: Proclamation Regarding Indian Title to Land",https://millercenter.org/the-presidency/presidential-speeches/october-23-1890-proclamation-regarding-indian-title-land,"Benjamin_Harrison_1890-10-23T15:38:00-05:00_October_23,_1890:_Proclamation_Regarding_Indian_Title_to_Land.json",908,4,0,4.41,0.0,1.0,Other,False,written_era
Benjamin Harrison,1890-12-01,1890,"December 1, 1890: Second Annual Message",https://millercenter.org/the-presidency/presidential-speeches/december-1-1890-second-annual-message,"Benjamin_Harrison_1890-12-01T13:00:00-05:00_December_1,_1890:_Second_Annual_Message.json",11423,65,110,5.69,9.63,0.3714,Annual Message,True,written_era
Benjamin Harrison,1891-01-31,1891,"January 31, 1891: Message Regarding Death of Treasury Secretary",https://millercenter.org/the-presidency/presidential-speeches/january-31-1891-message-regarding-death-treasury-secretary,"Benjamin_Harrison_1891-01-31T15:41:00-05:00_January_31,_1891:_Message_Regarding_Death_of_Treasury_Secretary.json",490,5,1,10.2,2.04,0.8333,Other,False,written_era
Benjamin Harrison,1891-12-09,1891,"December 9, 1891: Third Annual Message",https://millercenter.org/the-presidency/presidential-speeches/december-9-1891-third-annual-message,"Benjamin_Harrison_1891-12-09T13:00:00-05:00_December_9,_1891:_Third_Annual_Message.json",16126,104,122,6.45,7.57,0.4602,Annual Message,True,written_era
Benjamin Harrison,1892-01-25,1892,"January 25, 1892: Message Regarding Valparaiso Incident",https://millercenter.org/the-presidency/presidential-speeches/january-25-1892-message-regarding-valparaiso-incident,"Benjamin_Harrison_1892-01-25T15:55:00-05:00_January_25,_1892:_Message_Regarding_Valparaiso_Incident.json",5986,45,60,7.52,10.02,0.4286,Other,False,written_era
Benjamin Harrison,1892-01-28,1892,"January 28, 1892: Message Regarding US-Chilean Affairs",https://millercenter.org/the-presidency/presidential-speeches/january-28-1892-message-regarding-us-chilean-affairs,"Benjamin_Harrison_1892-01-28T15:58:00-05:00_January_28,_1892:_Message_Regarding_US-Chilean_Affairs.json",298,7,4,23.49,13.42,0.6364,Other,False,written_era
Benjamin Harrison,1892-09-03,1892,"September 3, 1892: Speech Accepting the Republican Nomination",https://millercenter.org/the-presidency/presidential-speeches/september-3-1892-speech-accepting-republican-nomination,"Benjamin_Harrison_1892-09-03T15:59:00-05:00_September_3,_1892:_Speech_Accepting_the_Republican_Nomination.json",7835,55,112,7.02,14.29,0.3293,Other,False,written_era
Benjamin Harrison,1892-12-06,1892,"December 6, 1892: Fourth Annual Message",https://millercenter.org/the-presidency/presidential-speeches/december-6-1892-fourth-annual-message,"Benjamin_Harrison_1892-12-06T13:00:00-05:00_December_6,_1892:_Fourth_Annual_Message.json",13295,101,180,7.6,13.54,0.3594,Annual Message,True,written_era
Benjamin Harrison,1893-02-15,1893,"February 15, 1893: Message Regarding Hawaiian Annexation",https://millercenter.org/the-presidency/presidential-speeches/february-15-1893-message-regarding-hawaiian-annexation,"Benjamin_Harrison_1893-02-15T16:03:00-05:00_February_15,_1893:_Message_Regarding_Hawaiian_Annexation.json",655,5,1,7.63,1.53,0.8333,Other,False,written_era
Bill Clinton,1993-01-20,1993,"January 20, 1993: First Inaugural",https://millercenter.org/the-presidency/presidential-speeches/january-20-1993-first-inaugural,"Bill_Clinton_1993-01-20T13:00:00-05:00_January_20,_1993:_First_Inaugural.json",1600,15,124,9.38,77.5,0.1079,Other,False,spoken_era
Bill Clinton,1993-01-29,1993,"January 29, 1993: Press Conference on ""Gays in the Military""",https://millercenter.org/the-presidency/presidential-speeches/january-29-1993-press-conference-gays-military,"Bill_Clinton_1993-01-29T13:00:00-05:00_January_29,_1993:_Press_Conference_on_""Gays_in_the_Military"".json",2323,75,25,32.29,10.76,0.75,Press/News Conference,False,spoken_era
Bill Clinton,1993-02-05,1993,"February 5, 1993: Remarks at the Signing of the Family Medical Leave Act",,"Bill_Clinton_1993-02-05T13:00:00-05:00_February_5,_1993:_Remarks_at_the_Signing_of_the_Family_Medical_Leave_Act.json",1042,24,30,23.03,28.79,0.4444,Other,False,spoken_era
Bill Clinton,1993-02-17,1993,"February 17, 1993: Address Before a Joint Session of Congress",https://millercenter.org/the-presidency/presidential-speeches/february-17-1993-address-joint-session-congress,"Bill_Clinton_1993-02-17T13:00:00-05:00_February_17,_1993:_Address_Before_a_Joint_Session_of_Congress.json",6958,139,307,19.98,44.12,0.3117,Address to Congress,False,spoken_era
Bill Clinton,1993-04-30,1993,"April 30, 1993: National Service Address",https://millercenter.org/the-presidency/presidential-speeches/april-30-1993-national-service-address,"Bill_Clinton_1993-04-30T14:00:00-04:00_April_30,_1993:_National_Service_Address.json",5062,103,134,20.35,26.47,0.4346,Other,False,spoken_era
Bill Clinton,1993-05-05,1993,"May 5, 1993: Remarks on Operation Restore Hope",https://millercenter.org/the-presidency/presidential-speeches/may-5-1993-remarks-operation-restore-hope,"Bill_Clinton_1993-05-05T14:00:00-04:00_May_5,_1993:_Remarks_on_Operation_Restore_Hope.json",992,4,33,4.03,33.27,0.1081,Other,False,spoken_era
Bill Clinton,1993-06-06,1993,"June 6, 1993: Speech at the 25th Anniversary Memorial Mass for Robert F. Kennedy",https://millercenter.org/the-presidency/presidential-speeches/june-6-1993-speech-25th-anniversary-memorial-mass-robert-f,"Bill_Clinton_1993-06-06T14:00:00-04:00_June_6,_1993:_Speech_at_the_25th_Anniversary_Memorial_Mass_for_Robert_F._Kennedy.json",1084,10,47,9.23,43.36,0.1754,Other,False,spoken_era
Bill Clinton,1993-09-13,1993,"September 13, 1993: Remarks at the Signing of the Israeli-Palestinian Agreement",https://millercenter.org/the-presidency/presidential-speeches/september-13-1993-remarks-signing-israeli-palestinian,"Bill_Clinton_1993-09-13T14:00:00-04:00_September_13,_1993:_Remarks_at_the_Signing_of_the_Israeli-Palestinian_Agreement.json",1130,1,30,0.88,26.55,0.0323,Other,False,spoken_era
Bill Clinton,1993-09-22,1993,"September 22, 1993: Address on Health Care Reform",https://millercenter.org/the-presidency/presidential-speeches/september-22-1993-address-health-care-reform,"Bill_Clinton_1993-09-22T14:00:00-04:00_September_22,_1993:_Address_on_Health_Care_Reform.json",7154,80,282,11.18,39.42,0.221,Other,False,spoken_era
Bill Clinton,1993-10-07,1993,"October 7, 1993: Address on Somalia",https://millercenter.org/the-presidency/presidential-speeches/october-7-1993-address-somalia,"Bill_Clinton_1993-10-07T13:00:00-04:00_October_7,_1993:_Address_on_Somalia.json",1854,25,111,13.48,59.87,0.1838,Other,False,spoken_era
Bill Clinton,1993-11-13,1993,"November 13, 1993: Remarks to the Convocation of the Church of God in Christ in Memphis",https://millercenter.org/the-presidency/presidential-speeches/november-13-1993-remarks-convocation-church-god-christ-memphis,"Bill_Clinton_1993-11-13T13:00:00-05:00_November_13,_1993:_Remarks_to_the_Convocation_of_the_Church_of_God_in_Christ_in_Memphis.json",4268,125,160,29.29,37.49,0.4386,Other,False,spoken_era
Bill Clinton,1993-12-08,1993,"December 8, 1993: Remarks on the Signing of NAFTA",https://millercenter.org/the-presidency/presidential-speeches/december-8-1993-remarks-signing-nafta,"Bill_Clinton_1993-12-08T13:00:00-05:00_December_8,_1993:_Remarks_on_the_Signing_of_NAFTA.json",2580,58,126,22.48,48.84,0.3152,Other,False,spoken_era
Bill Clinton,1994-01-25,1994,"January 25, 1994: State of the Union Address",https://millercenter.org/the-presidency/presidential-speeches/january-25-1994-state-union-address,"Bill_Clinton_1994-01-25T13:00:00-05:00_January_25,_1994:_State_of_the_Union_Address.json",7376,116,313,15.73,42.43,0.2704,State of the Union,True,spoken_era
Bill Clinton,1994-06-06,1994,"June 6, 1994: Remarks at the U.S. National Cemetery",https://millercenter.org/the-presidency/presidential-speeches/june-6-1994-remarks-us-national-cemetery,"Bill_Clinton_1994-06-06T14:00:00-04:00_June_6,_1994:_Remarks_at_the_U.S._National_Cemetery.json",1309,3,46,2.29,35.14,0.0612,Other,False,spoken_era
Bill Clinton,1994-07-12,1994,"July 12, 1994: Remarks at the Brandenburg Gate",https://millercenter.org/the-presidency/presidential-speeches/july-12-1994-remarks-brandenburg-gate,"Bill_Clinton_1994-07-12T14:00:00-04:00_July_12,_1994:_Remarks_at_the_Brandenburg_Gate.json",749,7,18,9.35,24.03,0.28,Other,False,spoken_era
Bill Clinton,1995-01-24,1995,"January 24, 1995: State of the Union Address",https://millercenter.org/the-presidency/presidential-speeches/january-24-1995-state-union-address,"Bill_Clinton_1995-01-24T13:00:00-05:00_January_24,_1995:_State_of_the_Union_Address.json",9160,155,422,16.92,46.07,0.2686,State of the Union,True,spoken_era
Bill Clinton,1995-04-23,1995,"April 23, 1995: Time for Healing Ceremony",https://millercenter.org/the-presidency/presidential-speeches/april-23-1995-time-healing-ceremony,"Bill_Clinton_1995-04-23T14:00:00-04:00_April_23,_1995:_Time_for_Healing_Ceremony.json",910,12,45,13.19,49.45,0.2105,Other,False,spoken_era
Bill Clinton,1995-07-19,1995,"July 19, 1995: Address on Affirmative Action",https://millercenter.org/the-presidency/presidential-speeches/july-19-1995-address-affirmative-action,"Bill_Clinton_1995-07-19T14:00:00-04:00_July_19,_1995:_Address_on_Affirmative_Action.json",6430,94,199,14.62,30.95,0.3208,Other,False,spoken_era
Bill Clinton,1995-10-16,1995,"October 16, 1995: Address on Race Relations",https://millercenter.org/the-presidency/presidential-speeches/october-16-1995-address-race-relations,"Bill_Clinton_1995-10-16T13:00:00-04:00_October_16,_1995:_Address_on_Race_Relations.json",4635,89,144,19.2,31.07,0.382,Other,False,spoken_era
Bill Clinton,1995-11-27,1995,"November 27, 1995: Address on Bosnia",https://millercenter.org/the-presidency/presidential-speeches/november-27-1995-address-bosnia,"Bill_Clinton_1995-11-27T13:00:00-05:00_November_27,_1995:_Address_on_Bosnia.json",2913,33,120,11.33,41.19,0.2157,Other,False,spoken_era
Bill Clinton,1995-11-30,1995,"November 30, 1995: Address to the Employees of the Mackie Metal Plant",https://millercenter.org/the-presidency/presidential-speeches/november-30-1995-address-employees-mackie-metal-plant,"Bill_Clinton_1995-11-30T13:00:00-05:00_November_30,_1995:_Address_to_the_Employees_of_the_Mackie_Metal_Plant.json",3036,41,64,13.5,21.08,0.3905,Other,False,spoken_era
Bill Clinton,1996-01-23,1996,"January 23, 1996: State of the Union Address",https://millercenter.org/the-presidency/presidential-speeches/january-23-1996-state-union-address,"Bill_Clinton_1996-01-23T13:00:00-05:00_January_23,_1996:_State_of_the_Union_Address.json",6312,106,291,16.79,46.1,0.267,State of the Union,True,spoken_era
Bill Clinton,1996-06-25,1996,"June 25, 1996: Victims Rights Announcement",https://millercenter.org/the-presidency/presidential-speeches/june-25-1996-victims-rights-announcement,"Bill_Clinton_1996-06-25T14:00:00-04:00_June_25,_1996:_Victims_Rights_Announcement.json",1902,32,36,16.82,18.93,0.4706,Other,False,spoken_era
Bill Clinton,1996-08-29,1996,"August 29, 1996: Remarks at the Democratic National Convention",https://millercenter.org/the-presidency/presidential-speeches/august-29-1996-remarks-democratic-national-convention,"Bill_Clinton_1996-08-29T14:00:00-04:00_August_29,_1996:_Remarks_at_the_Democratic_National_Convention.json",7036,172,323,24.45,45.91,0.3475,Other,False,spoken_era
Bill Clinton,1996-10-06,1996,"October 6, 1996: Presidential Debate with Senator Bob Dole",https://millercenter.org/the-presidency/presidential-speeches/october-6-1996-presidential-debate-senator-bob-dole,"Bill_Clinton_1996-10-06T14:00:00-04:00_October_6,_1996:_Presidential_Debate_with_Senator_Bob_Dole.json",16918,674,441,39.84,26.07,0.6045,Debate,False,spoken_era
Bill Clinton,1996-11-03,1996,"November 3, 1996: Remarks to the Congregation of St. Paul's AME Church",https://millercenter.org/the-presidency/presidential-speeches/november-3-1996-remarks-congregation-st-pauls-ame-church,"Bill_Clinton_1996-11-03T13:00:00-05:00_November_3,_1996:_Remarks_to_the_Congregation_of_St._Paul's_AME_Church.json",3150,55,175,17.46,55.56,0.2391,Other,False,spoken_era
Bill Clinton,1997-01-20,1997,"January 20, 1997: Second Inaugural",https://millercenter.org/the-presidency/presidential-speeches/january-20-1997-second-inaugural,"Bill_Clinton_1997-01-20T13:00:00-05:00_January_20,_1997:_Second_Inaugural.json",2158,8,134,3.71,62.09,0.0563,Other,False,spoken_era
Bill Clinton,1997-02-04,1997,"February 4, 1997: State of the Union Address",https://millercenter.org/the-presidency/presidential-speeches/february-4-1997-state-union-address,"Bill_Clinton_1997-02-04T13:00:00-05:00_February_4,_1997:_State_of_the_Union_Address.json",6723,83,353,12.35,52.51,0.1904,State of the Union,True,spoken_era
Bill Clinton,1997-04-22,1997,"April 22, 1997: Address to the People and Relief Workers of Grand Forks, ND",https://millercenter.org/the-presidency/presidential-speeches/april-22-1997-address-people-and-relief-workers-grand-forks-nd,"Bill_Clinton_1997-04-22T14:00:00-04:00_April_22,_1997:_Address_to_the_People_and_Relief_Workers_of_Grand_Forks,_ND.json",1212,40,29,33.0,23.93,0.5797,Other,False,spoken_era
Bill Clinton,1998-01-26,1998,"January 26, 1998: Response to the Lewinsky Allegations",https://millercenter.org/the-presidency/presidential-speeches/january-26-1998-response-lewinsky-allegations,"Bill_Clinton_1998-01-26T13:00:00-05:00_January_26,_1998:_Response_to_the_Lewinsky_Allegations.json",942,33,24,35.03,25.48,0.5789,Other,False,spoken_era
Bill Clinton,1998-01-27,1998,"January 27, 1998: State of the Union Address",https://millercenter.org/the-presidency/presidential-speeches/january-27-1998-state-union-address,"Bill_Clinton_1998-01-27T13:00:00-05:00_January_27,_1998:_State_of_the_Union_Address.json",7292,109,308,14.95,42.24,0.2614,State of the Union,True,spoken_era
Bill Clinton,1998-03-23,1998,"March 23, 1998: Remarks to the People of Ghana",https://millercenter.org/the-presidency/presidential-speeches/march-23-1998-remarks-people-ghana,"Bill_Clinton_1998-03-23T13:00:00-05:00_March_23,_1998:_Remarks_to_the_People_of_Ghana.json",1663,19,53,11.43,31.87,0.2639,Other,False,spoken_era
Bill Clinton,1998-03-25,1998,"March 25, 1998: Remarks to the People of Rwanda",https://millercenter.org/the-presidency/presidential-speeches/march-25-1998-remarks-people-rwanda,"Bill_Clinton_1998-03-25T13:00:00-05:00_March_25,_1998:_Remarks_to_the_People_of_Rwanda.json",2236,29,77,12.97,34.44,0.2736,Other,False,spoken_era
Bill Clinton,1998-08-17,1998,"August 17, 1998: Statement on His Testimony Before the Grand Jury",https://millercenter.org/the-presidency/presidential-speeches/august-17-1998-statement-his-testimony-grand-jury,"Bill_Clinton_1998-08-17T14:00:00-04:00_August_17,_1998:_Statement_on_His_Testimony_Before_the_Grand_Jury.json",539,48,8,89.05,14.84,0.8571,Other,False,spoken_era
Bill Clinton,1999-01-19,1999,"January 19, 1999: State of the Union Address",https://millercenter.org/the-presidency/presidential-speeches/january-19-1999-state-union-address,"Bill_Clinton_1999-01-19T13:00:00-05:00_January_19,_1999:_State_of_the_Union_Address.json",7466,115,362,15.4,48.49,0.2411,State of the Union,True,spoken_era
Bill Clinton,1999-03-24,1999,"March 24, 1999: Statement on Kosovo",https://millercenter.org/the-presidency/presidential-speeches/march-24-1999-statement-kosovo,"Bill_Clinton_1999-03-24T13:00:00-05:00_March_24,_1999:_Statement_on_Kosovo.json",1897,12,84,6.33,44.28,0.125,Other,False,spoken_era
Bill Clinton,1999-06-10,1999,"June 10, 1999: Address on the Kosovo Agreement",https://millercenter.org/the-presidency/presidential-speeches/june-10-1999-address-kosovo-agreement,"Bill_Clinton_1999-06-10T14:00:00-04:00_June_10,_1999:_Address_on_the_Kosovo_Agreement.json",1669,18,49,10.78,29.36,0.2687,Other,False,spoken_era
Bill Clinton,2000-01-27,2000,"January 27, 2000: State of the Union Address",https://millercenter.org/the-presidency/presidential-speeches/january-27-2000-state-union-address,"Bill_Clinton_2000-01-27T13:00:00-05:00_January_27,_2000:_State_of_the_Union_Address.json",9037,178,412,19.7,45.59,0.3017,State of the Union,True,spoken_era
Bill Clinton,2001-01-18,2001,"January 18, 2001: Farewell Address",https://millercenter.org/the-presidency/presidential-speeches/january-18-2001-farewell-address,"Bill_Clinton_2001-01-18T13:00:00-05:00_January_18,_2001:_Farewell_Address.json",1102,26,55,23.59,49.91,0.321,Farewell Address,False,spoken_era
Calvin Coolidge,1923-12-06,1923,"December 6, 1923: First Annual Message",https://millercenter.org/the-presidency/presidential-speeches/december-6-1923-first-annual-message,"Calvin_Coolidge_1923-12-06T13:00:00-05:00_December_6,_1923:_First_Annual_Message.json",6694,34,124,5.08,18.52,0.2152,Annual Message,True,spoken_era
Calvin Coolidge,1924-12-03,1924,"December 3, 1924: Second Annual Message",https://millercenter.org/the-presidency/presidential-speeches/december-3-1924-second-annual-message,"Calvin_Coolidge_1924-12-03T13:00:00-05:00_December_3,_1924:_Second_Annual_Message.json",6945,54,128,7.78,18.43,0.2967,Annual Message,True,spoken_era
Calvin Coolidge,1925-03-04,1925,"March 4, 1925: Inaugural Address",https://millercenter.org/the-presidency/presidential-speeches/march-4-1925-inaugural-address,"Calvin_Coolidge_1925-03-04T13:00:00-05:00_March_4,_1925:_Inaugural_Address.json",4053,10,155,2.47,38.24,0.0606,Inaugural Address,False,spoken_era
Calvin Coolidge,1925-07-03,1925,"July 3, 1925: Centennial of Washington’s Command of the Continental Army",https://millercenter.org/the-presidency/presidential-speeches/july-3-1925-centennial-washingtons-command-continental-army,"Calvin_Coolidge_1925-07-03T18:51:00-04:00_July_3,_1925:_Centennial_of_Washington’s_Command_of_the_Continental_Army.json",6302,14,44,2.22,6.98,0.2414,Other,False,spoken_era
Calvin Coolidge,1925-10-20,1925,"October 20, 1925: Message Regarding Relationship of Church and State",https://millercenter.org/the-presidency/presidential-speeches/october-20-1925-message-regarding-relationship-church-and,"Calvin_Coolidge_1925-10-20T18:52:00-05:00_October_20,_1925:_Message_Regarding_Relationship_of_Church_and_State.json",2408,27,47,11.21,19.52,0.3649,Other,False,spoken_era
Calvin Coolidge,1925-12-08,1925,"December 8, 1925: Third Annual Message",https://millercenter.org/the-presidency/presidential-speeches/december-8-1925-third-annual-message,"Calvin_Coolidge_1925-12-08T13:00:00-05:00_December_8,_1925:_Third_Annual_Message.json",10798,36,195,3.33,18.06,0.1558,Annual Message,True,spoken_era
Calvin Coolidge,1926-07-05,1926,"July 5, 1926: Declaration of Independence Anniversary Commemoration",https://millercenter.org/the-presidency/presidential-speeches/july-5-1926-declaration-independence-anniversary-commemoration,"Calvin_Coolidge_1926-07-05T18:54:00-04:00_July_5,_1926:_Declaration_of_Independence_Anniversary_Commemoration.json",4407,4,66,0.91,14.98,0.0571,Other,False,spoken_era
Calvin Coolidge,1926-12-07,1926,"December 7, 1926: Fourth Annual Message",https://millercenter.org/the-presidency/presidential-speeches/december-7-1926-fourth-annual-message,"Calvin_Coolidge_1926-12-07T13:00:00-05:00_December_7,_1926:_Fourth_Annual_Message.json",10249,45,210,4.39,20.49,0.1765,Annual Message,True,spoken_era
Calvin Coolidge,1927-02-22,1927,"February 22, 1927: Address Regarding Washington’s Birthday",https://millercenter.org/the-presidency/presidential-speeches/february-22-1927-address-regarding-washingtons-birthday,"Calvin_Coolidge_1927-02-22T18:56:00-05:00_February_22,_1927:_Address_Regarding_Washington’s_Birthday.json",4738,2,59,0.42,12.45,0.0328,Other,False,spoken_era
Calvin Coolidge,1927-08-10,1927,"August 10, 1927: Address at the Opening of Work on Mount Rushmore in Black Hills, SD",https://millercenter.org/the-presidency/presidential-speeches/august-10-1927-address-opening-work-mount-rushmore-black-hills,"Calvin_Coolidge_1927-08-10T13:00:00-04:00_August_10,_1927:_Address_at_the_Opening_of_Work_on_Mount_Rushmore_in_Black_Hills,_SD.json",1044,0,26,0.0,24.9,0.0,Other,False,spoken_era
Calvin Coolidge,1927-12-06,1927,"December 6, 1927: Fifth Annual Message",https://millercenter.org/the-presidency/presidential-speeches/december-6-1927-fifth-annual-message,"Calvin_Coolidge_1927-12-06T13:00:00-05:00_December_6,_1927:_Fifth_Annual_Message.json",8723,6,143,0.69,16.39,0.0403,Annual Message,True,spoken_era
Calvin Coolidge,1928-12-04,1928,"December 4, 1928: Sixth Annual Message",https://millercenter.org/the-presidency/presidential-speeches/december-4-1928-sixth-annual-message,"Calvin_Coolidge_1928-12-04T13:00:00-05:00_December_4,_1928:_Sixth_Annual_Message.json",8001,37,122,4.62,15.25,0.2327,Annual Message,True,spoken_era
Chester A. Arthur,1881-09-22,1881,"September 22, 1881: Address Upon Assuming the Office of the President",https://millercenter.org/the-presidency/presidential-speeches/september-22-1881-address-upon-assuming-office-president,"Chester_A._Arthur_1881-09-22T14:54:58-04:56_September_22,_1881:_Address_Upon_Assuming_the_Office_of_the_President.json",433,3,8,6.93,18.48,0.2727,Other,False,written_era
Chester A. Arthur,1881-12-06,1881,"December 6, 1881: First Annual Message",https://millercenter.org/the-presidency/presidential-speeches/december-6-1881-first-annual-message,"Chester_A._Arthur_1881-12-06T13:03:58-04:56_December_6,_1881:_First_Annual_Message.json",13079,97,101,7.42,7.72,0.4899,Annual Message,True,written_era
Chester A. Arthur,1882-04-04,1882,"April 4, 1882: Veto of the Chinese Exclusion Act",https://millercenter.org/the-presidency/presidential-speeches/april-4-1882-veto-chinese-exclusion-act,"Chester_A._Arthur_1882-04-04T14:57:58-04:56_April_4,_1882:_Veto_of_the_Chinese_Exclusion_Act.json",3002,25,36,8.33,11.99,0.4098,Other,False,written_era
Chester A. Arthur,1882-04-18,1882,"April 18, 1882: Message Regarding Congress of American Countries",https://millercenter.org/the-presidency/presidential-speeches/april-18-1882-message-regarding-congress-american-countries,"Chester_A._Arthur_1882-04-18T14:59:58-04:56_April_18,_1882:_Message_Regarding_Congress_of_American_Countries.json",1680,11,5,6.55,2.98,0.6875,Other,False,written_era
Chester A. Arthur,1882-07-01,1882,"July 1, 1882: Veto of Safety Regulations Bill",https://millercenter.org/the-presidency/presidential-speeches/july-1-1882-veto-safety-regulations-bill,"Chester_A._Arthur_1882-07-01T15:08:58-04:56_July_1,_1882:_Veto_of_Safety_Regulations_Bill.json",1194,11,1,9.21,0.84,0.9167,Other,False,written_era
Chester A. Arthur,1882-08-01,1882,"August 1, 1882: Veto of River and Harbors Act",https://millercenter.org/the-presidency/presidential-speeches/august-1-1882-veto-river-and-harbors-act,"Chester_A._Arthur_1882-08-01T15:09:58-04:56_August_1,_1882:_Veto_of_River_and_Harbors_Act.json",821,23,0,28.01,0.0,1.0,Other,False,written_era
Chester A. Arthur,1882-12-04,1882,"December 4, 1882: Second Annual Message",https://millercenter.org/the-presidency/presidential-speeches/december-4-1882-second-annual-message,"Chester_A._Arthur_1882-12-04T13:03:58-04:56_December_4,_1882:_Second_Annual_Message.json",10089,106,52,10.51,5.15,0.6709,Annual Message,True,written_era
Chester A. Arthur,1883-12-04,1883,"December 4, 1883: Third Annual Message",https://millercenter.org/the-presidency/presidential-speeches/december-4-1883-third-annual-message,"Chester_A._Arthur_1883-12-04T13:00:00-05:00_December_4,_1883:_Third_Annual_Message.json",8233,72,62,8.75,7.53,0.5373,Annual Message,True,written_era
Chester A. Arthur,1884-07-01,1884,"July 1, 1884: Message Regarding Settlement on Indian Territory",https://millercenter.org/the-presidency/presidential-speeches/july-1-1884-message-regarding-settlement-indian-territory,"Chester_A._Arthur_1884-07-01T15:10:00-05:00_July_1,_1884:_Message_Regarding_Settlement_on_Indian_Territory.json",331,4,0,12.08,0.0,1.0,Other,False,written_era
Chester A. Arthur,1884-12-01,1884,"December 1, 1884: Fourth Annual Message",https://millercenter.org/the-presidency/presidential-speeches/december-1-1884-fourth-annual-message,"Chester_A._Arthur_1884-12-01T13:00:00-05:00_December_1,_1884:_Fourth_Annual_Message.json",8808,71,85,8.06,9.65,0.4551,Annual Message,True,written_era
Chester A. Arthur,1884-12-10,1884,"December 10, 1884: Message Regarding Central American Canal",https://millercenter.org/the-presidency/presidential-speeches/december-10-1884-message-regarding-central-american-canal,"Chester_A._Arthur_1884-12-10T15:12:00-05:00_December_10,_1884:_Message_Regarding_Central_American_Canal.json",1839,6,13,3.26,7.07,0.3158,Other,False,written_era
Donald Trump,2017-01-20,2017,"January 20, 2017: Inaugural Address",https://millercenter.org/the-presidency/presidential-speeches/january-20-2017-inaugural-address,"Donald_Trump_2017-01-20T11:00:00-05:00_January_20,_2017:_Inaugural_Address.json",1434,4,99,2.79,69.04,0.0388,Inaugural Address,False,spoken_era
Donald Trump,2017-02-28,2017,"February 28, 2017: Address to Joint Session of Congress",https://millercenter.org/the-presidency/presidential-speeches/february-28-2017-address-joint-session-congress,"Donald_Trump_2017-02-28T20:00:00-05:00_February_28,_2017:_Address_to_Joint_Session_of_Congress.json",4664,51,229,10.93,49.1,0.1821,Address to Congress,False,spoken_era
Donald Trump,2017-06-29,2017,"June 29, 2017: Speech at the Unleashing American Energy Event",https://millercenter.org/the-presidency/presidential-speeches/june-29-2017-speech-unleashing-american-energy-event,"Donald_Trump_2017-06-29T15:30:00-04:00_June_29,_2017:_Speech_at_the_Unleashing_American_Energy_Event.json",2469,68,111,27.54,44.96,0.3799,Other,False,spoken_era
Donald Trump,2017-07-24,2017,"July 24, 2017: Speech at the Boy Scout Jamboree",,"Donald_Trump_2017-07-24T19:00:00-04:00_July_24,_2017:_Speech_at_the_Boy_Scout_Jamboree_.json",4283,114,93,26.62,21.71,0.5507,Other,False,spoken_era
Donald Trump,2017-09-19,2017,"September 19, 2017: Address to the United Nations General Assembly",,"Donald_Trump_2017-09-19T10:04:00-04:00_September_19,_2017:_Address_to_the_United_Nations_General_Assembly_.json",4579,18,169,3.93,36.91,0.0963,Other,False,spoken_era
Donald Trump,2017-12-18,2017,"December 18, 2017: Remarks on National Security Strategy",,"Donald_Trump_2017-12-18T14:00:00-05:00_December_18,_2017:_Remarks_on_National_Security_Strategy.json",3057,28,197,9.16,64.44,0.1244,Other,False,spoken_era
Donald Trump,2018-01-26,2018,"January 26, 2018: Address at the World Economic Forum",https://millercenter.org/the-presidency/presidential-speeches/january-26-2018-address-world-economic-forum,"Donald_Trump_2018-01-26T14:02:00-05:00_January_26,_2018:_Address_at_the_World_Economic_Forum.json",3703,102,141,27.55,38.08,0.4198,Other,False,spoken_era
Donald Trump,2018-01-30,2018,"January 30, 2018: State of the Union Address",https://millercenter.org/the-presidency/presidential-speeches/january-30-2018-state-union-address,"Donald_Trump_2018-01-30T21:00:00-05:00_January_30,_2018:_State_of_the_Union_Address.json",5127,43,244,8.39,47.59,0.1498,State of the Union,True,spoken_era
Donald Trump,2018-02-01,2018,"February 1, 2018: Remarks at the House and Senate Republican Member Conference",,"Donald_Trump_2018-02-01T14:00:00-05:00_February_1,_2018:_Remarks_at_the_House_and_Senate_Republican_Member_Conference.json",5504,126,286,22.89,51.96,0.3058,Other,False,spoken_era
Donald Trump,2018-02-15,2018,"February 15, 2018: Statement on the School Shooting in Parkland, Florida",,"Donald_Trump_2018-02-15T11:28:00-05:00_February_15,_2018:_Statement_on_the_School_Shooting_in_Parkland,_Florida.json",698,10,35,14.33,50.14,0.2222,Other,False,spoken_era
Donald Trump,2018-02-23,2018,"February 23, 2018: Remarks at the Conservative Political Action Conference",https://millercenter.org/the-presidency/presidential-speeches/february-23-2018-remarks-conservative-political-action,"Donald_Trump_2018-02-23T12:12:12-05:00_February_23,_2018:_Remarks_at_the_Conservative_Political_Action_Conference.json",9875,259,449,26.23,45.47,0.3658,Other,False,spoken_era
Donald Trump,2018-03-19,2018,"March 19, 2018: Remarks on Combating the Opioid Crisis",https://millercenter.org/the-presidency/presidential-speeches/march-19-2018-remarks-combating-opioid-crisis,"Donald_Trump_2018-03-19T14:35:00-04:00_March_19,_2018:_Remarks_on_Combating_the_Opioid_Crisis.json",4965,61,224,12.29,45.12,0.214,Other,False,spoken_era
Donald Trump,2018-07-24,2018,"July 24, 2018: Speech at the Veterans of Foreign Wars National Convention",https://millercenter.org/the-presidency/presidential-speeches/july-24-2018-speech-veterans-foreign-wars-national-convention,"Donald_Trump_2018-07-24T13:00:00-04:00_July_24,_2018:_Speech_at_the_Veterans_of_Foreign_Wars_National_Convention.json",6020,151,275,25.08,45.68,0.3545,Other,False,spoken_era
Donald Trump,2018-09-25,2018,"September 25, 2018: Address at the 73rd Session of the United Nations General Assembly",https://millercenter.org/the-presidency/presidential-speeches/september-25-2018-address-73rd-session-united-nations-general,"Donald_Trump_2018-09-25T10:30:00-04:00_September_25,_2018:_Address_at_the_73rd_Session_of_the_United_Nations_General_Assembly.json",3629,27,157,7.44,43.26,0.1467,Other,False,spoken_era
Donald Trump,2019-01-19,2019,"January 19, 2019: Remarks about the US Southern Border",,"Donald_Trump_2019-01-19T16:00:00-05:00_January_19,_2019:_Remarks_about_the_US_Southern_Border.json",1515,16,68,10.56,44.88,0.1905,Other,False,spoken_era
Donald Trump,2019-02-05,2019,"February 5, 2019: State of the Union Address",https://millercenter.org/the-presidency/presidential-speeches/february-5-2019-state-union-address,"Donald_Trump_2019-02-05T21:00:00-05:00_February_5,_2019:_State_of_the_Union_Address.json",5169,62,231,11.99,44.69,0.2116,State of the Union,True,spoken_era
Donald Trump,2019-02-15,2019,"February 15, 2019: Speech Declaring a National Emergency",https://millercenter.org/the-presidency/presidential-speeches/february-15-2019-speech-declaring-national-emergency,"Donald_Trump_2019-02-15T11:30:00-05:00_February_15,_2019:_Speech_Declaring_a_National_Emergency.json",8693,316,289,36.35,33.25,0.5223,Other,False,spoken_era
Donald Trump,2019-09-24,2019,"September 24, 2019: Remarks at the United Nations General Assembly",https://millercenter.org/the-presidency/presidential-speeches/september-24-2019-remarks-united-nations-general-assembly,"Donald_Trump_2019-09-24T10:12:00-04:00_September_24,_2019:_Remarks_at_the_United_Nations_General_Assembly.json",3847,29,125,7.54,32.49,0.1883,Other,False,spoken_era
Donald Trump,2019-09-25,2019,"September 25, 2019: Press Conference",,"Donald_Trump_2019-09-25T16:30:00-04:00_September_25,_2019:_Press_Conference.json",6992,201,225,28.75,32.18,0.4718,Press/News Conference,False,spoken_era
Donald Trump,2019-10-27,2019,"October 27, 2019: Statement on the the Death of Abu Bakr al-Baghdadi",,"Donald_Trump_2019-10-27T10:00:00-04:00_October_27,_2019:_Statement_on_the_the_Death_of_Abu_Bakr_al-Baghdadi.json",741,8,11,10.8,14.84,0.4211,Other,False,spoken_era
Donald Trump,2020-01-03,2020,"January 3, 2020: Remarks on the Killing of Qasem Soleimani",,"Donald_Trump_2020-01-03T15:13:13-05:00_January_3,_2020:_Remarks_on_the_Killing_of_Qasem_Soleimani.json",523,6,18,11.47,34.42,0.25,Other,False,spoken_era
Donald Trump,2020-01-08,2020,"January 8, 2020: Statement on Iran",https://millercenter.org/the-presidency/presidential-speeches/january-8-2020-statement-iran,"Donald_Trump_2020-01-08T11:30:02-05:00_January_8,_2020:_Statement_on_Iran.json",1045,9,30,8.61,28.71,0.2308,Other,False,spoken_era
Donald Trump,2020-01-24,2020,"January 24, 2020: Speech at March for Life",https://millercenter.org/the-presidency/presidential-speeches/january-24-2020-speech-march-life,"Donald_Trump_2020-01-24T12:30:00-05:00_January_24,_2020:_Speech_at_March_for_Life.json",1495,24,54,16.05,36.12,0.3077,Other,False,spoken_era
Donald Trump,2020-02-04,2020,"February 4, 2020: State of the Union Address",,"Donald_Trump_2020-02-04T21:00:00-05:00_February_4,_2020:_State_of_the_Union_Address.json",6360,89,203,13.99,31.92,0.3048,State of the Union,True,spoken_era
Donald Trump,2020-02-06,2020,"February 6, 2020: Remarks after His Acquittal",https://millercenter.org/the-presidency/presidential-speeches/february-6-2020-remarks-after-his-acquittal,"Donald_Trump_2020-02-06T12:30:00-05:00_February_6,_2020:_Remarks_after_His_Acquittal_.json",9538,423,211,44.35,22.12,0.6672,Other,False,spoken_era
Donald Trump,2020-03-11,2020,"March 11, 2020: Statement on the Coronavirus",https://millercenter.org/the-presidency/presidential-speeches/march-11-2020-statement-coronavirus,"Donald_Trump_2020-03-11T21:00:00-04:00_March_11,_2020:_Statement_on_the_Coronavirus.json",1276,16,47,12.54,36.83,0.254,Other,False,spoken_era
Donald Trump,2020-03-13,2020,"March 13, 2020: Press Conference about the Coronavirus",https://millercenter.org/the-presidency/presidential-speeches/march-13-2020-press-conference-about-coronavirus,"Donald_Trump_2020-03-13T15:30:00-04:00_March_13,_2020:_Press_Conference_about_the_Coronavirus.json",12658,208,429,16.43,33.89,0.3265,Press/News Conference,False,spoken_era
Donald Trump,2020-04-13,2020,"April 13, 2020: Coronavirus Task Force Briefing",https://millercenter.org/the-presidency/presidential-speeches/april-13-2020-coronavirus-task-force-briefing,"Donald_Trump_2020-04-13T17:30:00-04:00_April_13,_2020:_Coronavirus_Task_Force_Briefing.json",26576,750,840,28.22,31.61,0.4717,Other,False,spoken_era
Donald Trump,2020-04-15,2020,"April 15, 2020: Press Briefing with the Coronavirus Task Force",https://millercenter.org/the-presidency/presidential-speeches/april-15-2020-press-briefing-coronavirus-task-force,"Donald_Trump_2020-04-15T17:30:00-04:00_April_15,_2020:_Press_Briefing_with_the_Coronavirus_Task_Force.json",9815,140,440,14.26,44.83,0.2414,Other,False,spoken_era
Donald Trump,2020-04-23,2020,"April 23, 2020: Task Force Briefing on the Coronavirus Pandemic",,"Donald_Trump_2020-04-23T17:50:00-04:00_April_23,_2020:_Task_Force_Briefing_on_the_Coronavirus_Pandemic_.json",12509,307,422,24.54,33.74,0.4211,Other,False,spoken_era
Donald Trump,2020-06-01,2020,"June 1, 2020: Statement on Protests Against Police Brutality",https://millercenter.org/the-presidency/presidential-speeches/june-1-2020-statement-protests-against-police-brutality,"Donald_Trump_2020-06-01T18:43:00-04:00_June_1,_2020:_Statement_on_Protests_Against_Police_Brutality_.json",807,18,29,22.3,35.94,0.383,Other,False,spoken_era
Donald Trump,2020-06-13,2020,"June 13, 2020: Address at West Point Graduation",,"Donald_Trump_2020-06-13T10:30:00-04:00_June_13,_2020:_Address_at_West_Point_Graduation.json",2892,22,60,7.61,20.75,0.2683,Other,False,spoken_era
Donald Trump,2020-06-20,2020,"June 20, 2020: Campaign Rally in Tulsa, Oklahoma",https://millercenter.org/the-presidency/presidential-speeches/june-20-2020-campaign-rally-tulsa-oklahoma,"Donald_Trump_2020-06-20T19:00:00-04:00_June_20,_2020:_Campaign_Rally_in_Tulsa,_Oklahoma.json",12551,422,388,33.62,30.91,0.521,Other,False,spoken_era
Donald Trump,2020-07-04,2020,"July 4, 2020: Remarks at Salute to America",,"Donald_Trump_2020-07-04T18:50:00-04:00_July_4,_2020:_Remarks_at_Salute_to_America.json",3022,12,177,3.97,58.57,0.0635,Other,False,spoken_era
Donald Trump,2020-08-08,2020,"August 8, 2020: Press Conference on Executive Orders",,"Donald_Trump_2020-08-08T16:20:00-04:00_August_8,_2020:_Press_Conference_on_Executive_Orders.json",5451,83,174,15.23,31.92,0.323,Press/News Conference,False,spoken_era
Donald Trump,2020-09-07,2020,"September 7, 2020: Labor Day Press Conference",https://millercenter.org/the-presidency/presidential-speeches/september-7-2020-labor-day-press-conference,"Donald_Trump_2020-09-07T13:30:00-04:00_September_7,_2020:_Labor_Day_Press_Conference.json",8709,289,227,33.18,26.06,0.5601,Press/News Conference,False,spoken_era
Donald Trump,2020-09-26,2020,"September 26, 2020: Announcing His Nominee for the US Supreme Court",,"Donald_Trump_2020-09-26T17:00:00-04:00_September_26,_2020:_Announcing_His_Nominee_for_the_US_Supreme_Court.json",2232,101,44,45.25,19.71,0.6966,Other,False,spoken_era
Donald Trump,2020-10-26,2020,"October 26, 2020: Swearing-In Ceremony of the Honorable Amy Coney Barrett to the US Supreme Court",https://millercenter.org/the-presidency/presidential-speeches/october-26-2020-swearing-ceremony-honorable-amy-coney-barrett,"Donald_Trump_2020-10-26T21:00:00-04:00_October_26,_2020:_Swearing-In_Ceremony_of_the_Honorable_Amy_Coney_Barrett_to_the_US_Supreme_Court_.json",1494,42,40,28.11,26.77,0.5122,Other,False,spoken_era
Donald Trump,2020-11-05,2020,"November 5, 2020: Remarks on the 2020 Election",https://millercenter.org/the-presidency/presidential-speeches/november-5-2020-remarks-2020-election,"Donald_Trump_2020-11-05T19:00:00-05:00_November_5,_2020:_Remarks_on_the_2020_Election.json",2628,51,84,19.41,31.96,0.3778,Other,False,spoken_era
Donald Trump,2021-01-06,2021,"January 6, 2021: Speech Urging Supporters to Go Home",,"Donald_Trump_2021-01-06T15:30:00-05:00_January_6,_2021:_Speech_Urging_Supporters_to_Go_Home.json",166,4,12,24.1,72.29,0.25,Other,False,spoken_era
Donald Trump,2021-01-07,2021,"January 7, 2021: Message After Pro-Trump Mob Overruns US Capitol",,"Donald_Trump_2021-01-07T10:00:00-05:00_January_7,_2021:_Message_After_Pro-Trump_Mob_Overruns_US_Capitol.json",362,12,13,33.15,35.91,0.48,Other,False,spoken_era
Donald Trump,2021-01-13,2021,"January 13, 2021: Statement about the Violence at the Capitol",,"Donald_Trump_2021-01-13T13:00:00-05:00_January_13,_2021:_Statement_about_the_Violence_at_the_Capitol.json",642,17,31,26.48,48.29,0.3542,Other,False,spoken_era
Donald Trump,2021-01-19,2021,"January 19, 2021: Farewell Address",https://millercenter.org/the-presidency/presidential-speeches/january-19-2021-farewell-address,"Donald_Trump_2021-01-19T22:01:01-05:00_January_19,_2021:_Farewell_Address.json",2778,59,166,21.24,59.76,0.2622,Farewell Address,False,spoken_era
Donald Trump,2025-01-20,2025,"January 20, 2025: Inaugural Address",https://millercenter.org/the-presidency/presidential-speeches/january-20-2025-inaugural-address,"Donald_Trump_2025-01-20T12:10:00-05:00_January_20,_2025:_Inaugural_Address.json",2909,54,164,18.56,56.38,0.2477,Inaugural Address,False,spoken_era
Donald Trump,2025-03-04,2025,"March 4, 2025: Address to a Joint Session of Congress",,"Donald_Trump_2025-03-04T21:15:00-05:00_March_4,_2025:_Address_to_a_Joint_Session_of_Congress.json",10005,169,364,16.89,36.38,0.3171,Address to Congress,False,spoken_era
Donald Trump,2025-06-21,2025,"June 21, 2025: Address to the American People",https://millercenter.org/the-presidency/presidential-speeches/june-21-2025-address-american-people,"Donald_Trump_2025-06-21T22:00:00-04:00_June_21,_2025:_Address_to_the_American_People.json",525,10,12,19.05,22.86,0.4545,Other,False,spoken_era
Donald Trump,2025-09-23,2025,"September 23, 2025: Address before the 80th United Nations General Assembly",,"Donald_Trump_2025-09-23T10:00:00-04:00_September_23,_2025:_Address_before_the_80th_United_Nations_General_Assembly.json",8219,169,222,20.56,27.01,0.4322,Other,False,spoken_era
Donald Trump,2025-09-30,2025,"September 30, 2025: Remarks to Military Leaders",,"Donald_Trump_2025-09-30T10:00:00-04:00_September_30,_2025:_Remarks_to_Military_Leaders.json",12174,397,479,32.61,39.35,0.4532,Other,False,spoken_era
Donald Trump,2025-12-17,2025,"December 17, 2025: Address to the Nation",,"Donald_Trump_2025-12-17T20:00:00-05:00_December_17,_2025:_Address_to_the_Nation.json",2589,32,89,12.36,34.38,0.2645,Other,False,spoken_era
Donald Trump,2026-01-03,2026,"January 3, 2026: Statement on U.S. Action in Venezuela",,"Donald_Trump_2026-01-03T11:00:00-05:00_January_3,_2026:_Statement_on_U.S._Action_in_Venezuela.json",2913,35,128,12.02,43.94,0.2147,Other,False,spoken_era
Donald Trump,2026-02-24,2026,"February 24, 2026: State of the Union Address",,"Donald_Trump_2026-02-24T20:00:00-05:00_February_24,_2026:_State_of_the_Union_Address.json",10489,205,295,19.54,28.12,0.41,State of the Union,True,spoken_era
Donald Trump,2026-02-28,2026,"February 28, 2026: Remarks on the U.S. Military Operations Against Iran",,"Donald_Trump_2026-02-28T00:00:00-05:00_February_28,_2026:_Remarks_on_the_U.S._Military_Operations_Against_Iran.json",1053,9,32,8.55,30.39,0.2195,Other,False,spoken_era
Donald Trump,2026-04-01,2026,"April 1, 2026: Address to the Nation on Iran",,"Donald_Trump_2026-04-01T21:00:00-04:00_April_1,_2026:_Address_to_the_Nation_on_Iran.json",2725,41,94,15.05,34.5,0.3037,Other,False,spoken_era
Donald Trump,2026-07-16,2026,"July 16,2026: Address to the Nation on Election Security",,"Donald_Trump_2026-07-16T21:00:00-04:00_July_16,2026:_Address_to_the_Nation_on_Election_Security.json",3388,22,101,6.49,29.81,0.1789,Other,False,spoken_era
Donald Trump,2026-07-16,2026,"July 16, 2026: Address to the Nation on Election Security",,"Donald_Trump_2026-07-16T21:00:00-04:00_July_16,_2026:_Address_to_the_Nation_on_Election_Security.json",3388,22,101,6.49,29.81,0.1789,Other,False,spoken_era
Dwight D. Eisenhower,1953-01-20,1953,"January 20, 1953: First Inaugural Address",https://millercenter.org/the-presidency/presidential-speeches/january-20-1953-first-inaugural-address,"Dwight_D._Eisenhower_1953-01-20T13:00:00-05:00_January_20,_1953:_First_Inaugural_Address.json",2455,12,138,4.89,56.21,0.08,Inaugural Address,False,spoken_era
Dwight D. Eisenhower,1953-02-02,1953,"February 2, 1953: State of the Union Address",https://millercenter.org/the-presidency/presidential-speeches/february-2-1953-state-union-address,"Dwight_D._Eisenhower_1953-02-02T18:00:00-05:00_February_2,_1953:_State_of_the_Union_Address_.json",6988,44,197,6.3,28.19,0.1826,State of the Union,True,spoken_era
Dwight D. Eisenhower,1953-04-16,1953,"April 16, 1953: Chance for Peace",https://millercenter.org/the-presidency/presidential-speeches/april-16-1953-chance-peace,"Dwight_D._Eisenhower_1953-04-16T13:00:00-05:00_April_16,_1953:_Chance_for_Peace.json",2890,5,30,1.73,10.38,0.1429,Other,False,spoken_era
Dwight D. Eisenhower,1953-12-08,1953,"December 8, 1953: Atoms for Peace",https://millercenter.org/the-presidency/presidential-speeches/december-8-1953-atoms-peace,"Dwight_D._Eisenhower_1953-12-08T13:00:00-05:00_December_8,_1953:_Atoms_for_Peace.json",3057,43,36,14.07,11.78,0.5443,Other,False,spoken_era
Dwight D. Eisenhower,1954-01-07,1954,"January 7, 1954: State of the Union Address",https://millercenter.org/the-presidency/presidential-speeches/january-7-1954-state-union-address,"Dwight_D._Eisenhower_1954-01-07T18:00:00-05:00_January_7,_1954:_State_of_the_Union_Address.json",6035,55,180,9.11,29.83,0.234,State of the Union,True,spoken_era
Dwight D. Eisenhower,1955-01-06,1955,"January 6, 1955: State of the Union Address",https://millercenter.org/the-presidency/presidential-speeches/january-6-1955-state-union-address,"Dwight_D._Eisenhower_1955-01-06T18:00:00-05:00_January_6,_1955:_State_of_the_Union_Address.json",7270,76,240,10.45,33.01,0.2405,State of the Union,True,spoken_era
Dwight D. Eisenhower,1956-01-05,1956,"January 5, 1956: State of the Union Address",https://millercenter.org/the-presidency/presidential-speeches/january-5-1956-state-union-address,"Dwight_D._Eisenhower_1956-01-05T10:00:00-05:00_January_5,_1956:_State_of_the_Union_Address.json",8296,63,237,7.59,28.57,0.21,State of the Union,True,spoken_era
Dwight D. Eisenhower,1956-08-23,1956,"August 23, 1956: Republican National Convention",https://millercenter.org/the-presidency/presidential-speeches/august-23-1956-republican-national-convention,"Dwight_D._Eisenhower_1956-08-23T13:00:00-04:00_August_23,_1956:_Republican_National_Convention.json",4372,56,114,12.81,26.08,0.3294,Other,False,spoken_era
Dwight D. Eisenhower,1957-01-05,1957,"January 5, 1957: Eisenhower Doctrine",https://millercenter.org/the-presidency/presidential-speeches/january-5-1957-eisenhower-doctrine,"Dwight_D._Eisenhower_1957-01-05T13:00:00-05:00_January_5,_1957:_Eisenhower_Doctrine.json",3408,32,61,9.39,17.9,0.3441,Other,False,spoken_era
Dwight D. Eisenhower,1957-01-10,1957,"January 10, 1957: State of the Union Address",https://millercenter.org/the-presidency/presidential-speeches/january-10-1957-state-union-address,"Dwight_D._Eisenhower_1957-01-10T12:00:00-05:00_January_10,_1957:_State_of_the_Union_Address.json",4193,30,134,7.15,31.96,0.1829,State of the Union,True,spoken_era
Dwight D. Eisenhower,1957-01-21,1957,"January 21, 1957: Second Inaugural Address",https://millercenter.org/the-presidency/presidential-speeches/january-21-1957-second-inaugural-address,"Dwight_D._Eisenhower_1957-01-21T12:00:00-05:00_January_21,_1957:_Second_Inaugural_Address.json",1659,5,91,3.01,54.85,0.0521,Inaugural Address,False,spoken_era
Dwight D. Eisenhower,1958-01-09,1958,"January 9, 1958: State of the Union Address",https://millercenter.org/the-presidency/presidential-speeches/january-9-1958-state-union-address,"Dwight_D._Eisenhower_1958-01-09T12:00:00-05:00_January_9,_1958:_State_of_the_Union_Address.json",4983,43,178,8.63,35.72,0.1946,State of the Union,True,spoken_era
Dwight D. Eisenhower,1959-01-09,1959,"January 9, 1959: State of the Union Address",https://millercenter.org/the-presidency/presidential-speeches/january-9-1959-state-union-address,"Dwight_D._Eisenhower_1959-01-09T12:00:00-05:00_January_9,_1959:_State_of_the_Union_Address.json",4997,35,194,7.0,38.82,0.1528,State of the Union,True,spoken_era
Dwight D. Eisenhower,1960-01-07,1960,"January 7, 1960: State of the Union Address",https://millercenter.org/the-presidency/presidential-speeches/january-7-1960-state-union-address,"Dwight_D._Eisenhower_1960-01-07T12:00:00-05:00_January_7,_1960:_State_of_the_Union_Address.json",5692,60,194,10.54,34.08,0.2362,State of the Union,True,spoken_era
Dwight D. Eisenhower,1961-01-17,1961,"January 17, 1961: Farewell Address",https://millercenter.org/the-presidency/presidential-speeches/january-17-1961-farewell-address,"Dwight_D._Eisenhower_1961-01-17T13:00:00-05:00_January_17,_1961:_Farewell_Address.json",1852,30,59,16.2,31.86,0.3371,Farewell Address,False,spoken_era
Franklin D. Roosevelt,1933-03-04,1933,"March 4, 1933: First Inaugural Address",https://millercenter.org/the-presidency/presidential-speeches/march-4-1933-first-inaugural-address,"Franklin_D._Roosevelt_1933-03-04T13:00:00-05:00_March_4,_1933:_First_Inaugural_Address.json",1899,32,63,16.85,33.18,0.3368,Inaugural Address,False,spoken_era
Franklin D. Roosevelt,1933-03-12,1933,"March 12, 1933: Fireside Chat 1: On the Banking Crisis",https://millercenter.org/the-presidency/presidential-speeches/march-12-1933-fireside-chat-1-banking-crisis,"Franklin_D._Roosevelt_1933-03-12T13:00:00-05:00_March_12,_1933:_Fireside_Chat_1:_On_the_Banking_Crisis.json",1791,26,23,14.52,12.84,0.5306,Fireside Chat,False,spoken_era
Franklin D. Roosevelt,1933-05-07,1933,"May 7, 1933: Fireside Chat 2: On Progress During the First Two Months",https://millercenter.org/the-presidency/presidential-speeches/may-7-1933-fireside-chat-2-progress-during-first-two-months,"Franklin_D._Roosevelt_1933-05-07T13:00:00-04:00_May_7,_1933:_Fireside_Chat_2:_On_Progress_During_the_First_Two_Months.json",2968,33,80,11.12,26.95,0.292,Fireside Chat,False,spoken_era
Franklin D. Roosevelt,1933-07-24,1933,"July 24, 1933: Fireside Chat 3: On the National Recovery Administration",https://millercenter.org/the-presidency/presidential-speeches/july-24-1933-fireside-chat-3-national-recovery-administration,"Franklin_D._Roosevelt_1933-07-24T13:00:00-04:00_July_24,_1933:_Fireside_Chat_3:_On_the_National_Recovery_Administration.json",2965,49,58,16.53,19.56,0.4579,Fireside Chat,False,spoken_era
Franklin D. Roosevelt,1933-10-22,1933,"October 22, 1933: Fireside Chat 4: On Economic Progress",https://millercenter.org/the-presidency/presidential-speeches/october-22-1933-fireside-chat-4-economic-progress,"Franklin_D._Roosevelt_1933-10-22T13:00:00-05:00_October_22,_1933:_Fireside_Chat_4:_On_Economic_Progress.json",2701,36,47,13.33,17.4,0.4337,Fireside Chat,False,spoken_era
Franklin D. Roosevelt,1934-06-28,1934,"June 28, 1934: Fireside Chat 5: On Addressing the Critics",https://millercenter.org/the-presidency/presidential-speeches/june-28-1934-fireside-chat-5-addressing-critics,"Franklin_D._Roosevelt_1934-06-28T13:00:00-04:00_June_28,_1934:_Fireside_Chat_5:_On_Addressing_the_Critics.json",2526,35,52,13.86,20.59,0.4023,Fireside Chat,False,spoken_era
Franklin D. Roosevelt,1934-09-30,1934,"September 30, 1934: Fireside Chat 6: On Government and Capitalism",https://millercenter.org/the-presidency/presidential-speeches/september-30-1934-fireside-chat-6-government-and-capitalism,"Franklin_D._Roosevelt_1934-09-30T13:00:00-05:00_September_30,_1934:_Fireside_Chat_6:_On_Government_and_Capitalism.json",3154,29,60,9.19,19.02,0.3258,Fireside Chat,False,spoken_era
Franklin D. Roosevelt,1935-04-28,1935,"April 28, 1935: Fireside Chat 7: On the Works Relief Program and Social Security Act",https://millercenter.org/the-presidency/presidential-speeches/april-28-1935-fireside-chat-7-works-relief-program-and-social,"Franklin_D._Roosevelt_1935-04-28T13:00:00-04:00_April_28,_1935:_Fireside_Chat_7:_On_the_Works_Relief_Program_and_Social_Security_Act.json",3080,43,41,13.96,13.31,0.5119,Fireside Chat,False,spoken_era
Franklin D. Roosevelt,1936-06-27,1936,"June 27, 1936: Democratic National Convention",https://millercenter.org/the-presidency/presidential-speeches/june-27-1936-democratic-national-convention,"Franklin_D._Roosevelt_1936-06-27T13:00:00-04:00_June_27,_1936:_Democratic_National_Convention.json",1998,20,56,10.01,28.03,0.2632,Other,False,spoken_era
Franklin D. Roosevelt,1936-09-06,1936,"September 6, 1936: Fireside Chat 8: On Farmers and Laborers",https://millercenter.org/the-presidency/presidential-speeches/september-6-1936-fireside-chat-8-farmers-and-laborers,"Franklin_D._Roosevelt_1936-09-06T13:00:00-04:00_September_6,_1936:_Fireside_Chat_8:_On_Farmers_and_Laborers.json",3201,33,52,10.31,16.24,0.3882,Fireside Chat,False,spoken_era
Franklin D. Roosevelt,1936-10-31,1936,"October 31, 1936: Speech at Madison Square Garden",https://millercenter.org/the-presidency/presidential-speeches/october-31-1936-speech-madison-square-garden,"Franklin_D._Roosevelt_1936-10-31T13:00:00-05:00_October_31,_1936:_Speech_at_Madison_Square_Garden.json",2456,27,66,10.99,26.87,0.2903,Other,False,spoken_era
Franklin D. Roosevelt,1937-01-20,1937,"January 20, 1937: Second Inaugural Address",https://millercenter.org/the-presidency/presidential-speeches/january-20-1937-second-inaugural-address,"Franklin_D._Roosevelt_1937-01-20T13:00:00-05:00_January_20,_1937:_Second_Inaugural_Address.json",1821,18,88,9.88,48.33,0.1698,Inaugural Address,False,spoken_era
Franklin D. Roosevelt,1937-03-09,1937,"March 9, 1937: Fireside Chat 9: On ""Court-Packing""",https://millercenter.org/the-presidency/presidential-speeches/march-9-1937-fireside-chat-9-court-packing,"Franklin_D._Roosevelt_1937-03-09T13:00:00-05:00_March_9,_1937:_Fireside_Chat_9:_On_""Court-Packing"".json",4055,69,62,17.02,15.29,0.5267,Fireside Chat,False,spoken_era
Franklin D. Roosevelt,1937-10-05,1937,"October 5, 1937: Quarantine Speech",https://millercenter.org/the-presidency/presidential-speeches/october-5-1937-quarantine-speech,"Franklin_D._Roosevelt_1937-10-05T13:00:00-05:00_October_5,_1937:_Quarantine_Speech.json",1864,15,18,8.05,9.66,0.4545,Other,False,spoken_era
Franklin D. Roosevelt,1937-10-12,1937,"October 12, 1937: Fireside Chat 10: On New Legislation",https://millercenter.org/the-presidency/presidential-speeches/october-12-1937-fireside-chat-10-new-legislation,"Franklin_D._Roosevelt_1937-10-12T13:00:00-05:00_October_12,_1937:_Fireside_Chat_10:_On_New_Legislation.json",3261,53,59,16.25,18.09,0.4732,Fireside Chat,False,spoken_era
Franklin D. Roosevelt,1937-11-14,1937,"November 14, 1937: Fireside Chat 11: On the Unemployment Census",https://millercenter.org/the-presidency/presidential-speeches/november-14-1937-fireside-chat-11-unemployment-census,"Franklin_D._Roosevelt_1937-11-14T13:00:00-05:00_November_14,_1937:_Fireside_Chat_11:_On_the_Unemployment_Census.json",1629,11,55,6.75,33.76,0.1667,Fireside Chat,False,spoken_era
Franklin D. Roosevelt,1938-04-14,1938,"April 14, 1938: Fireside Chat 12: On the Recession",https://millercenter.org/the-presidency/presidential-speeches/april-14-1938-fireside-chat-12-recession,"Franklin_D._Roosevelt_1938-04-14T13:00:00-05:00_April_14,_1938:_Fireside_Chat_12:_On_the_Recession.json",4575,91,95,19.89,20.77,0.4892,Fireside Chat,False,spoken_era
Franklin D. Roosevelt,1938-06-24,1938,"June 24, 1938: Fireside Chat 13: On Purging the Democratic Party",https://millercenter.org/the-presidency/presidential-speeches/june-24-1938-fireside-chat-13-purging-democratic-party,"Franklin_D._Roosevelt_1938-06-24T13:00:00-04:00_June_24,_1938:_Fireside_Chat_13:_On_Purging_the_Democratic_Party.json",3503,54,43,15.42,12.28,0.5567,Fireside Chat,False,spoken_era
Franklin D. Roosevelt,1938-07-08,1938,"July 8, 1938: Dedication of a Memorial to the Northwest Territory",https://millercenter.org/the-presidency/presidential-speeches/july-8-1938-dedication-memorial-northwest-territory,"Franklin_D._Roosevelt_1938-07-08T13:00:00-04:00_July_8,_1938:_Dedication_of_a_Memorial_to_the_Northwest_Territory.json",1437,6,15,4.18,10.44,0.2857,Other,False,spoken_era
Franklin D. Roosevelt,1939-09-03,1939,"September 3, 1939: Fireside Chat 14: On the European War",https://millercenter.org/the-presidency/presidential-speeches/september-3-1939-fireside-chat-14-european-war,"Franklin_D._Roosevelt_1939-09-03T13:00:00-04:00_September_3,_1939:_Fireside_Chat_14:_On_the_European_War.json",1241,35,21,28.2,16.92,0.625,Fireside Chat,False,spoken_era
Franklin D. Roosevelt,1940-05-26,1940,"May 26, 1940: Fireside Chat 15: On National Defense",https://millercenter.org/the-presidency/presidential-speeches/may-26-1940-fireside-chat-15-national-defense,"Franklin_D._Roosevelt_1940-05-26T14:00:00-04:00_May_26,_1940:_Fireside_Chat_15:_On_National_Defense.json",3790,39,124,10.29,32.72,0.2393,Fireside Chat,False,spoken_era
Franklin D. Roosevelt,1940-06-10,1940,"June 10, 1940: ""Stab in the Back"" Speech",https://millercenter.org/the-presidency/presidential-speeches/june-10-1940-stab-back-speech,"Franklin_D._Roosevelt_1940-06-10T14:00:00-04:00_June_10,_1940:_""Stab_in_the_Back""_Speech.json",1973,18,35,9.12,17.74,0.3396,Other,False,spoken_era
Franklin D. Roosevelt,1940-07-19,1940,"July 19, 1940: Democratic National Convention",https://millercenter.org/the-presidency/presidential-speeches/july-19-1940-democratic-national-convention,"Franklin_D._Roosevelt_1940-07-19T14:00:00-04:00_July_19,_1940:_Democratic_National_Convention.json",3536,109,48,30.83,13.57,0.6943,Other,False,spoken_era
Franklin D. Roosevelt,1940-12-29,1940,"December 29, 1940: Fireside Chat 16: On the ""Arsenal of Democracy""",https://millercenter.org/the-presidency/presidential-speeches/december-29-1940-fireside-chat-16-arsenal-democracy,"Franklin_D._Roosevelt_1940-12-29T14:00:00-05:00_December_29,_1940:_Fireside_Chat_16:_On_the_""Arsenal_of_Democracy"".json",4034,38,123,9.42,30.49,0.236,Fireside Chat,False,spoken_era
Franklin D. Roosevelt,1941-01-06,1941,"January 6, 1941: State of the Union (Four Freedoms)",https://millercenter.org/the-presidency/presidential-speeches/january-6-1941-state-union-four-freedoms,"Franklin_D._Roosevelt_1941-01-06T14:00:00-05:00_January_6,_1941:_State_of_the_Union_(Four_Freedoms).json",3314,16,136,4.83,41.04,0.1053,State of the Union,True,spoken_era
Franklin D. Roosevelt,1941-01-20,1941,"January 20, 1941: Third Inaugural Address",https://millercenter.org/the-presidency/presidential-speeches/january-20-1941-third-inaugural-address,"Franklin_D._Roosevelt_1941-01-20T14:00:00-05:00_January_20,_1941:_Third_Inaugural_Address.json",1353,2,53,1.48,39.17,0.0364,Inaugural Address,False,spoken_era
Franklin D. Roosevelt,1941-03-15,1941,"March 15, 1941: On Lend Lease",https://millercenter.org/the-presidency/presidential-speeches/march-15-1941-lend-lease,"Franklin_D._Roosevelt_1941-03-15T14:00:00-05:00_March_15,_1941:_On_Lend_Lease.json",3020,23,84,7.62,27.81,0.215,Other,False,spoken_era
Franklin D. Roosevelt,1941-05-27,1941,"May 27, 1941: Fireside Chat 17: On An Unlimited National Emergency",https://millercenter.org/the-presidency/presidential-speeches/may-27-1941-fireside-chat-17-unlimited-national-emergency,"Franklin_D._Roosevelt_1941-05-27T14:00:00-04:00_May_27,_1941:_Fireside_Chat_17:_On_An_Unlimited_National_Emergency.json",4603,31,165,6.73,35.85,0.1582,Fireside Chat,False,spoken_era
Franklin D. Roosevelt,1941-09-11,1941,"September 11, 1941: Fireside Chat 18: On The Greer Incident",https://millercenter.org/the-presidency/presidential-speeches/september-11-1941-fireside-chat-18-greer-incident,"Franklin_D._Roosevelt_1941-09-11T14:00:00-04:00_September_11,_1941:_Fireside_Chat_18:_On_The_Greer_Incident.json",3060,16,70,5.23,22.88,0.186,Fireside Chat,False,spoken_era
Franklin D. Roosevelt,1941-12-08,1941,"December 8, 1941: Address to Congress Requesting a Declaration of War",,"Franklin_D._Roosevelt_1941-12-08T14:00:00-05:00_December_8,_1941:_Address_to_Congress_Requesting_a_Declaration_of_War.json",514,6,16,11.67,31.13,0.2727,Address to Congress,False,spoken_era
Franklin D. Roosevelt,1941-12-09,1941,"December 9, 1941: Fireside Chat 19: On the War with Japan",https://millercenter.org/the-presidency/presidential-speeches/december-9-1941-fireside-chat-19-war-japan,"Franklin_D._Roosevelt_1941-12-09T14:00:00-05:00_December_9,_1941:_Fireside_Chat_19:_On_the_War_with_Japan.json",3009,25,116,8.31,38.55,0.1773,Fireside Chat,False,spoken_era
Franklin D. Roosevelt,1941-12-11,1941,"December 11, 1941: Message to Congress Requesting War Declarations with Germany and Italy",https://millercenter.org/the-presidency/presidential-speeches/december-11-1941-message-congress-requesting-war-declarations,"Franklin_D._Roosevelt_1941-12-11T14:00:00-05:00_December_11,_1941:_Message_to_Congress_Requesting_War_Declarations_with_Germany_and_Italy.json",139,1,0,7.19,0.0,1.0,Address to Congress,False,spoken_era
Franklin D. Roosevelt,1942-02-23,1942,"February 23, 1942: Fireside Chat 20: On the Progress of the War",https://millercenter.org/the-presidency/presidential-speeches/february-23-1942-fireside-chat-20-progress-war,"Franklin_D._Roosevelt_1942-02-23T14:00:00-04:00_February_23,_1942:_Fireside_Chat_20:_On_the_Progress_of_the_War.json",4224,24,140,5.68,33.14,0.1463,Fireside Chat,False,spoken_era
Franklin D. Roosevelt,1942-04-28,1942,"April 28, 1942: Fireside Chat 21: On Sacrifice",https://millercenter.org/the-presidency/presidential-speeches/april-28-1942-fireside-chat-21-sacrifice,"Franklin_D._Roosevelt_1942-04-28T14:00:00-04:00_April_28,_1942:_Fireside_Chat_21:_On_Sacrifice.json",3858,22,84,5.7,21.77,0.2075,Fireside Chat,False,spoken_era
Franklin D. Roosevelt,1942-09-07,1942,"September 7, 1942: Fireside Chat 22: On Inflation and Food Prices",https://millercenter.org/the-presidency/presidential-speeches/september-7-1942-fireside-chat-22-inflation-and-food-prices,"Franklin_D._Roosevelt_1942-09-07T14:00:00-04:00_September_7,_1942:_Fireside_Chat_22:_On_Inflation_and_Food_Prices.json",3160,57,81,18.04,25.63,0.413,Fireside Chat,False,spoken_era
Franklin D. Roosevelt,1942-10-12,1942,"October 12, 1942: Fireside Chat 23: On the Home Front",https://millercenter.org/the-presidency/presidential-speeches/october-12-1942-fireside-chat-23-home-front,"Franklin_D._Roosevelt_1942-10-12T14:00:00-04:00_October_12,_1942:_Fireside_Chat_23:_On_the_Home_Front.json",3481,51,94,14.65,27.0,0.3517,Fireside Chat,False,spoken_era
Franklin D. Roosevelt,1943-01-07,1943,"January 7, 1943: State of the Union Address",https://millercenter.org/the-presidency/presidential-speeches/january-7-1943-state-union-address,"Franklin_D._Roosevelt_1943-01-07T13:00:00-04:00_January_7,_1943:_State_of_the_Union_Address.json",4575,38,179,8.31,39.13,0.1751,State of the Union,True,spoken_era
Franklin D. Roosevelt,1943-05-02,1943,"May 2, 1943: Fireside Chat 24: On the Coal Crisis",https://millercenter.org/the-presidency/presidential-speeches/may-2-1943-fireside-chat-24-coal-crisis,"Franklin_D._Roosevelt_1943-05-02T14:00:00-04:00_May_2,_1943:_Fireside_Chat_24:_On_the_Coal_Crisis.json",2458,56,63,22.78,25.63,0.4706,Fireside Chat,False,spoken_era
Franklin D. Roosevelt,1943-07-28,1943,"July 28, 1943: Fireside Chat 25: On the Fall of Mussolini",https://millercenter.org/the-presidency/presidential-speeches/july-28-1943-fireside-chat-25-fall-mussolini,"Franklin_D._Roosevelt_1943-07-28T14:00:00-04:00_July_28,_1943:_Fireside_Chat_25:_On_the_Fall_of_Mussolini.json",3442,24,95,6.97,27.6,0.2017,Fireside Chat,False,spoken_era
Franklin D. Roosevelt,1943-09-08,1943,"September 8, 1943: Fireside Chat 26: On the Armistice in Italy",https://millercenter.org/the-presidency/presidential-speeches/september-8-1943-fireside-chat-26-armistice-italy,"Franklin_D._Roosevelt_1943-09-08T14:00:00-04:00_September_8,_1943:_Fireside_Chat_26:_On_the_Armistice_in_Italy.json",1464,12,58,8.2,39.62,0.1714,Fireside Chat,False,spoken_era
Franklin D. Roosevelt,1943-12-01,1943,"December 1, 1943: The Tehran Declaration",https://millercenter.org/the-presidency/presidential-speeches/december-1-1943-tehran-declaration,"Franklin_D._Roosevelt_1943-12-01T13:00:00-04:00_December_1,_1943:_The_Tehran_Declaration.json",350,0,27,0.0,77.14,0.0,Other,False,spoken_era
Franklin D. Roosevelt,1943-12-24,1943,"December 24, 1943: Fireside Chat 27: On the Tehran and Cairo Conferences",https://millercenter.org/the-presidency/presidential-speeches/december-24-1943-fireside-chat-27-tehran-and-cairo-conferences,"Franklin_D._Roosevelt_1943-12-24T13:00:00-04:00_December_24,_1943:_Fireside_Chat_27:_On_the_Tehran_and_Cairo_Conferences.json",3382,54,108,15.97,31.93,0.3333,Fireside Chat,False,spoken_era
Franklin D. Roosevelt,1944-01-11,1944,"January 11, 1944: Fireside Chat 28: On the State of the Union",https://millercenter.org/the-presidency/presidential-speeches/january-11-1944-fireside-chat-28-state-union,"Franklin_D._Roosevelt_1944-01-11T13:00:00-04:00_January_11,_1944:_Fireside_Chat_28:_On_the_State_of_the_Union.json",3452,48,84,13.9,24.33,0.3636,State of the Union,True,spoken_era
Franklin D. Roosevelt,1944-06-05,1944,"June 5, 1944: Fireside Chat 29: On the Fall of Rome",https://millercenter.org/the-presidency/presidential-speeches/june-5-1944-fireside-chat-29-fall-rome,"Franklin_D._Roosevelt_1944-06-05T14:00:00-04:00_June_5,_1944:_Fireside_Chat_29:_On_the_Fall_of_Rome.json",1664,8,40,4.81,24.04,0.1667,Fireside Chat,False,spoken_era
Franklin D. Roosevelt,1944-06-12,1944,"June 12, 1944: Fireside Chat 30: Opening Fifth War Loan Drive",https://millercenter.org/the-presidency/presidential-speeches/june-12-1944-fireside-chat-30-opening-fifth-war-loan-drive,"Franklin_D._Roosevelt_1944-06-12T14:00:00-04:00_June_12,_1944:_Fireside_Chat_30:_Opening_Fifth_War_Loan_Drive.json",1646,7,52,4.25,31.59,0.1186,Fireside Chat,False,spoken_era
Franklin D. Roosevelt,1944-07-20,1944,"July 20, 1944: Democratic National Convention",https://millercenter.org/the-presidency/presidential-speeches/july-20-1944-democratic-national-convention,"Franklin_D._Roosevelt_1944-07-20T14:00:00-04:00_July_20,_1944:_Democratic_National_Convention.json",1766,22,39,12.46,22.08,0.3607,Other,False,spoken_era
Franklin D. Roosevelt,1945-01-20,1945,"January 20, 1945: Fourth Inaugural Address",https://millercenter.org/the-presidency/presidential-speeches/january-20-1945-fourth-inaugural-address,"Franklin_D._Roosevelt_1945-01-20T13:00:00-04:00_January_20,_1945:_Fourth_Inaugural_Address.json",558,8,42,14.34,75.27,0.16,Inaugural Address,False,spoken_era
Franklin D. Roosevelt,1945-02-11,1945,"February 11, 1945: Joint Statement with Churchill and Stalin on the Yalta Conference",https://millercenter.org/the-presidency/presidential-speeches/february-11-1945-joint-statement-churchill-and-stalin-yalta,"Franklin_D._Roosevelt_1945-02-11T13:00:00-04:00_February_11,_1945:_Joint_Statement_with_Churchill_and_Stalin_on_the_Yalta_Conference.json",2015,0,27,0.0,13.4,0.0,Other,False,spoken_era
Franklin D. Roosevelt,1945-03-01,1945,"March 1, 1945: Address to Congress on Yalta",https://millercenter.org/the-presidency/presidential-speeches/march-1-1945-address-congress-yalta,"Franklin_D._Roosevelt_1945-03-01T13:00:00-04:00_March_1,_1945:_Address_to_Congress_on_Yalta.json",6032,94,96,15.58,15.92,0.4947,Address to Congress,False,spoken_era
Franklin Pierce,1853-03-04,1853,"March 4, 1853: Inaugural Address",https://millercenter.org/the-presidency/presidential-speeches/march-4-1853-inaugural-address,"Franklin_Pierce_1853-03-04T13:03:58-04:56_March_4,_1853:_Inaugural_Address.json",3125,57,54,18.24,17.28,0.5135,Inaugural Address,False,written_era
Franklin Pierce,1853-12-05,1853,"December 5, 1853: First Annual Message",https://millercenter.org/the-presidency/presidential-speeches/december-5-1853-first-annual-message,"Franklin_Pierce_1853-12-05T13:03:58-04:56_December_5,_1853:_First_Annual_Message.json",9542,69,91,7.23,9.54,0.4312,Annual Message,True,written_era
Franklin Pierce,1854-01-18,1854,"January 18, 1854: Proclamation",https://millercenter.org/the-presidency/presidential-speeches/january-18-1854-proclamation,"Franklin_Pierce_1854-01-18T13:03:58-04:56_January_18,_1854:_Proclamation.json",270,6,4,22.22,14.81,0.6,Other,False,written_era
Franklin Pierce,1854-02-10,1854,"February 10, 1854: Message to Senate on Treaty with Mexico",https://millercenter.org/the-presidency/presidential-speeches/february-10-1854-message-senate-treaty-mexico,"Franklin_Pierce_1854-02-10T13:10:58-04:56_February_10,_1854:_Message_to_Senate_on_Treaty_with_Mexico.json",583,2,0,3.43,0.0,1.0,Other,False,written_era
Franklin Pierce,1854-03-14,1854,"March 14, 1854: Message Regarding Proposed US-Mexican Convention",https://millercenter.org/the-presidency/presidential-speeches/march-14-1854-message-regarding-proposed-us-mexican-convention,"Franklin_Pierce_1854-03-14T13:13:58-04:56_March_14,_1854:_Message_Regarding_Proposed_US-Mexican_Convention.json",541,6,1,11.09,1.85,0.8571,Other,False,written_era
Franklin Pierce,1854-05-15,1854,"May 15, 1854: Message Regarding Transit Across Central America",https://millercenter.org/the-presidency/presidential-speeches/may-15-1854-message-regarding-transit-across-central-america,"Franklin_Pierce_1854-05-15T13:23:58-04:56_May_15,_1854:_Message_Regarding_Transit_Across_Central_America.json",3027,4,30,1.32,9.91,0.1176,Other,False,written_era
Franklin Pierce,1854-08-01,1854,"August 1, 1854: Message Regarding US-Spanish Relations",https://millercenter.org/the-presidency/presidential-speeches/august-1-1854-message-regarding-us-spanish-relations,"Franklin_Pierce_1854-08-01T13:15:58-04:56_August_1,_1854:_Message_Regarding_US-Spanish_Relations.json",678,10,9,14.75,13.27,0.5263,Other,False,written_era
Franklin Pierce,1854-08-04,1854,"August 4, 1854: Veto Message on Legislation Funding Public Works",https://millercenter.org/the-presidency/presidential-speeches/august-4-1854-veto-message-legislation-funding-public-works,"Franklin_Pierce_1854-08-04T13:16:58-04:56_August_4,_1854:_Veto_Message_on_Legislation_Funding_Public_Works.json",521,14,0,26.87,0.0,1.0,Other,False,written_era
Franklin Pierce,1854-12-04,1854,"December 4, 1854: Second Annual Message",https://millercenter.org/the-presidency/presidential-speeches/december-4-1854-second-annual-message,"Franklin_Pierce_1854-12-04T13:03:58-04:56_December_4,_1854:_Second_Annual_Message.json",10099,60,109,5.94,10.79,0.355,Annual Message,True,written_era
Franklin Pierce,1854-12-30,1854,"December 30, 1854: Expansion of August 4 Veto Message",https://millercenter.org/the-presidency/presidential-speeches/december-30-1854-expansion-august-4-veto-message,"Franklin_Pierce_1854-12-30T13:18:58-04:56_December_30,_1854:_Expansion_of_August_4_Veto_Message.json",7096,15,17,2.11,2.4,0.4688,Other,False,written_era
Franklin Pierce,1855-12-31,1855,"December 31, 1855: Third Annual Message",https://millercenter.org/the-presidency/presidential-speeches/december-31-1855-third-annual-message,"Franklin_Pierce_1855-12-31T13:03:58-04:56_December_31,_1855:_Third_Annual_Message.json",11589,41,61,3.54,5.26,0.402,Annual Message,True,written_era
Franklin Pierce,1856-01-24,1856,"January 24, 1856: Message Regarding Disturbances in Kansas",https://millercenter.org/the-presidency/presidential-speeches/january-24-1856-message-regarding-disturbances-kansas,"Franklin_Pierce_1856-01-24T13:20:58-04:56_January_24,_1856:_Message_Regarding_Disturbances_in_Kansas.json",4201,8,5,1.9,1.19,0.6154,Other,False,written_era
Franklin Pierce,1856-02-11,1856,"February 11, 1856: Proclamation Addressing Disturbances in Kansas",https://millercenter.org/the-presidency/presidential-speeches/february-11-1856-proclamation-addressing-disturbances-kansas,"Franklin_Pierce_1856-02-11T13:21:58-04:56_February_11,_1856:_Proclamation_Addressing_Disturbances_in_Kansas.json",633,6,1,9.48,1.58,0.8571,Other,False,written_era
Franklin Pierce,1856-08-21,1856,"August 21, 1856: Special Session Message Regarding Military Support",https://millercenter.org/the-presidency/presidential-speeches/august-21-1856-special-session-message-regarding-military,"Franklin_Pierce_1856-08-21T13:25:58-04:56_August_21,_1856:_Special_Session_Message_Regarding_Military_Support.json",904,2,5,2.21,5.53,0.2857,Other,False,written_era
Franklin Pierce,1856-12-02,1856,"December 2, 1856: Fourth Annual Message",https://millercenter.org/the-presidency/presidential-speeches/december-2-1856-fourth-annual-message,"Franklin_Pierce_1856-12-02T13:03:58-04:56_December_2,_1856:_Fourth_Annual_Message.json",10470,40,53,3.82,5.06,0.4301,Annual Message,True,written_era
George H. W. Bush,1988-08-18,1988,"August 18, 1988: Acceptance Speech at the Republican National Convention",https://millercenter.org/the-presidency/presidential-speeches/august-18-1988-acceptance-speech-republican-national,"George_H._W._Bush_1988-08-18T14:00:00-04:00_August_18,_1988:_Acceptance_Speech_at_the_Republican_National_Convention.json",4062,155,129,38.16,31.76,0.5458,Nomination Acceptance,False,spoken_era
George H. W. Bush,1988-09-25,1988,"September 25, 1988: Debate with Michael Dukakis",https://millercenter.org/the-presidency/presidential-speeches/september-25-1988-debate-michael-dukakis,"George_H._W._Bush_1988-09-25T13:00:00-04:00_September_25,_1988:_Debate_with_Michael_Dukakis.json",15624,538,413,34.43,26.43,0.5657,Debate,False,spoken_era
George H. W. Bush,1989-01-20,1989,"January 20, 1989: Inaugural Address",https://millercenter.org/the-presidency/presidential-speeches/january-20-1989-inaugural-address,"George_H._W._Bush_1989-01-20T13:00:00-05:00_January_20,_1989:_Inaugural_Address.json",2313,39,118,16.86,51.02,0.2484,Inaugural Address,False,spoken_era
George H. W. Bush,1989-02-09,1989,"February 9, 1989: Address Before a Joint Session of Congress",https://millercenter.org/the-presidency/presidential-speeches/february-9-1989-address-joint-session-congress,"George_H._W._Bush_1989-02-09T13:00:00-05:00_February_9,_1989:_Address_Before_a_Joint_Session_of_Congress.json",4794,125,199,26.07,41.51,0.3858,Address to Congress,False,spoken_era
George H. W. Bush,1989-05-12,1989,"May 12, 1989: Commencement Address at Texas A&M University",https://millercenter.org/the-presidency/presidential-speeches/may-12-1989-commencement-address-texas-am-university,"George_H._W._Bush_1989-05-12T14:00:00-04:00_May_12,_1989:_Commencement_Address_at_Texas_A&M_University.json",2446,36,72,14.72,29.44,0.3333,Other,False,spoken_era
George H. W. Bush,1989-12-20,1989,"December 20, 1989: Address to the Nation on Panama",https://millercenter.org/the-presidency/presidential-speeches/december-20-1989-address-nation-panama,"George_H._W._Bush_1989-12-20T13:00:00-05:00_December_20,_1989:_Address_to_the_Nation_on_Panama.json",769,19,8,24.71,10.4,0.7037,Other,False,spoken_era
George H. W. Bush,1990-01-31,1990,"January 31, 1990: State of the Union Address",https://millercenter.org/the-presidency/presidential-speeches/january-31-1990-state-union-address,"George_H._W._Bush_1990-01-31T13:00:00-05:00_January_31,_1990:_State_of_the_Union_Address.json",3767,59,164,15.66,43.54,0.2646,State of the Union,True,spoken_era
George H. W. Bush,1990-07-26,1990,"July 26, 1990: Remarks on the Signing of the Americans with Disabilities Act",https://millercenter.org/the-presidency/presidential-speeches/july-26-1990-remarks-signing-americans-disabilities-act,"George_H._W._Bush_1990-07-26T14:00:00-04:00_July_26,_1990:_Remarks_on_the_Signing_of_the_Americans_with_Disabilities_Act.json",1811,38,51,20.98,28.16,0.427,Other,False,spoken_era
George H. W. Bush,1990-08-08,1990,"August 8, 1990: Address on Iraq's Invasion of Kuwait",https://millercenter.org/the-presidency/presidential-speeches/august-8-1990-address-iraqs-invasion-kuwait,"George_H._W._Bush_1990-08-08T14:00:00-04:00_August_8,_1990:_Address_on_Iraq's_Invasion_of_Kuwait.json",1418,25,32,17.63,22.57,0.4386,Other,False,spoken_era
George H. W. Bush,1990-09-11,1990,"September 11, 1990: Address Before a Joint Session of Congress",,"George_H._W._Bush_1990-09-11T14:00:00-04:00_September_11,_1990:_Address_Before_a_Joint_Session_of_Congress.json",3250,39,122,12.0,37.54,0.2422,Address to Congress,False,spoken_era
George H. W. Bush,1990-10-01,1990,"October 1, 1990: Address to the United Nations",https://millercenter.org/the-presidency/presidential-speeches/october-1-1990-address-united-nations,"George_H._W._Bush_1990-10-01T13:00:00-04:00_October_1,_1990:_Address_to_the_United_Nations.json",2749,24,66,8.73,24.01,0.2667,Other,False,spoken_era
George H. W. Bush,1990-10-02,1990,"October 2, 1990: Address to the Nation on the Budget",https://millercenter.org/the-presidency/presidential-speeches/october-2-1990-address-nation-budget,"George_H._W._Bush_1990-10-02T13:00:00-04:00_October_2,_1990:_Address_to_the_Nation_on_the_Budget.json",1123,15,32,13.36,28.5,0.3191,Other,False,spoken_era
George H. W. Bush,1991-01-16,1991,"January 16, 1991: Address to the Nation on the Invasion of Iraq",https://millercenter.org/the-presidency/presidential-speeches/january-16-1991-address-nation-invasion-iraq,"George_H._W._Bush_1991-01-16T13:00:00-05:00_January_16,_1991:_Address_to_the_Nation_on_the_Invasion_of_Iraq.json",1502,14,41,9.32,27.3,0.2545,Other,False,spoken_era
George H. W. Bush,1991-01-29,1991,"January 29, 1991: State of the Union Address",https://millercenter.org/the-presidency/presidential-speeches/january-29-1991-state-union-address,"George_H._W._Bush_1991-01-29T13:00:00-05:00_January_29,_1991:_State_of_the_Union_Address.json",3954,29,188,7.33,47.55,0.1336,State of the Union,True,spoken_era
George H. W. Bush,1991-02-27,1991,"February 27, 1991: Address on the End of the Gulf War",https://millercenter.org/the-presidency/presidential-speeches/february-27-1991-address-end-gulf-war,"George_H._W._Bush_1991-02-27T13:00:00-05:00_February_27,_1991:_Address_on_the_End_of_the_Gulf_War.json",774,3,32,3.88,41.34,0.0857,Other,False,spoken_era
George H. W. Bush,1991-03-06,1991,"March 6, 1991: Address Before a Joint Session of Congress on the End of the Gulf War",https://millercenter.org/the-presidency/presidential-speeches/march-6-1991-address-joint-session-congress-end-gulf-war,"George_H._W._Bush_1991-03-06T13:00:00-05:00_March_6,_1991:_Address_Before_a_Joint_Session_of_Congress_on_the_End_of_the_Gulf_War.json",2776,27,125,9.73,45.03,0.1776,Address to Congress,False,spoken_era
George H. W. Bush,1991-07-31,1991,"July 31, 1991: Press Conference with Mikhail Gorbachev",https://millercenter.org/the-presidency/presidential-speeches/july-31-1991-press-conference-mikhail-gorbachev,"George_H._W._Bush_1991-07-31T14:00:00-04:00_July_31,_1991:_Press_Conference_with_Mikhail_Gorbachev.json",11860,326,464,27.49,39.12,0.4127,Press/News Conference,False,spoken_era
George H. W. Bush,1992-01-28,1992,"January 28, 1992: State of the Union Address",https://millercenter.org/the-presidency/presidential-speeches/january-28-1992-state-union-address,"George_H._W._Bush_1992-01-28T13:00:00-05:00_January_28,_1992:_State_of_the_Union_Address.json",5084,155,168,30.49,33.04,0.4799,State of the Union,True,spoken_era
George H. W. Bush,1992-08-20,1992,"August 20, 1992: Republican National Convention",https://millercenter.org/the-presidency/presidential-speeches/august-20-1992-republican-national-convention,"George_H._W._Bush_1992-08-20T14:00:00-04:00_August_20,_1992:_Republican_National_Convention.json",4986,187,117,37.51,23.47,0.6151,Other,False,spoken_era
George H. W. Bush,1992-10-11,1992,"October 11, 1992: Debate with Bill Clinton and Ross Perot",https://millercenter.org/the-presidency/presidential-speeches/october-11-1992-debate-bill-clinton-and-ross-perot,"George_H._W._Bush_1992-10-11T13:00:00-04:00_October_11,_1992:_Debate_with_Bill_Clinton_and_Ross_Perot.json",16346,486,507,29.73,31.02,0.4894,Debate,False,spoken_era
George H. W. Bush,1992-12-04,1992,"December 4, 1992: Address on Somalia",https://millercenter.org/the-presidency/presidential-speeches/december-4-1992-address-somalia,"George_H._W._Bush_1992-12-04T13:00:00-05:00_December_4,_1992:_Address_on_Somalia.json",1127,17,39,15.08,34.61,0.3036,Other,False,spoken_era
George H. W. Bush,1992-12-15,1992,"December 15, 1992: Remarks at Texas A&M University",https://millercenter.org/the-presidency/presidential-speeches/december-15-1992-remarks-texas-am-university,"George_H._W._Bush_1992-12-15T13:00:00-05:00_December_15,_1992:_Remarks_at_Texas_A&M_University.json",3765,53,132,14.08,35.06,0.2865,Other,False,spoken_era
George H. W. Bush,1993-01-05,1993,"January 5, 1993: Address at West Point",https://millercenter.org/the-presidency/presidential-speeches/january-5-1993-address-west-point,"George_H._W._Bush_1993-01-05T13:00:00-05:00_January_5,_1993:_Address_at_West_Point.json",3306,60,69,18.15,20.87,0.4651,Other,False,spoken_era
George W. Bush,2001-01-20,2001,"January 20, 2001: First Inaugural Address",https://millercenter.org/the-presidency/presidential-speeches/january-20-2001-first-inaugural-address,"George_W._Bush_2001-01-20T13:00:00-05:00_January_20,_2001:_First_Inaugural_Address.json",1584,15,111,9.47,70.08,0.119,Inaugural Address,False,spoken_era
George W. Bush,2001-01-29,2001,"January 29, 2001: Remarks on Faith-Based and Community Initiatives",https://millercenter.org/the-presidency/presidential-speeches/january-29-2001-remarks-faith-based-and-community-initiatives,"George_W._Bush_2001-01-29T11:55:00-05:00_January_29,_2001:_Remarks_on_Faith-Based_and_Community_Initiatives.json",1058,33,18,31.19,17.01,0.6471,Other,False,spoken_era
George W. Bush,2001-06-07,2001,"June 7, 2001: Remarks on Signing the Economic Growth and Tax Relief Reconciliation Act",https://millercenter.org/the-presidency/presidential-speeches/june-7-2001-remarks-signing-economic-growth-and-tax-relief,"George_W._Bush_2001-06-07T14:00:00-04:00_June_7,_2001:_Remarks_on_Signing_the_Economic_Growth_and_Tax_Relief_Reconciliation_Act.json",903,12,17,13.29,18.83,0.4138,Other,False,spoken_era
George W. Bush,2001-08-09,2001,"August 10, 2001: Address to the Nation on Stem Cell Research",https://millercenter.org/the-presidency/presidential-speeches/august-10-2001-address-nation-stem-cell-research,"George_W._Bush_2001-08-09T23:01:00-04:00_August_10,_2001:_Address_to_the_Nation_on_Stem_Cell_Research.json",1732,35,31,20.21,17.9,0.5303,Other,False,spoken_era
George W. Bush,2001-09-11,2001,"September 11, 2001: Address to the Nation on the Terrorist Attacks",,"George_W._Bush_2001-09-11T22:30:00-04:00_September_11,_2001:_Address_to_the_Nation_on_the_Terrorist_Attacks.json",593,10,28,16.86,47.22,0.2632,Other,False,spoken_era
George W. Bush,2001-09-20,2001,"September 20, 2001: Address on the U.S. Response to the Attacks of September 11",https://millercenter.org/the-presidency/presidential-speeches/september-20-2001-address-us-response-attacks-september-11,"George_W._Bush_2001-09-20T23:00:00-04:00_September_20,_2001:_Address_on_the_U.S._Response_to_the_Attacks_of_September_11.json",2986,32,121,10.72,40.52,0.2092,Other,False,spoken_era
George W. Bush,2002-01-08,2002,"January 8, 2002: Remarks on No Child Left Behind Bill",https://millercenter.org/the-presidency/presidential-speeches/january-8-2002-remarks-no-child-left-behind-bill,"George_W._Bush_2002-01-08T10:50:00-05:00_January_8,_2002:_Remarks_on_No_Child_Left_Behind_Bill.json",2299,46,62,20.01,26.97,0.4259,Other,False,spoken_era
George W. Bush,2002-01-29,2002,"January 29, 2002: State of the Union Address",https://millercenter.org/the-presidency/presidential-speeches/january-29-2002-state-union-address,"George_W._Bush_2002-01-29T13:00:00-05:00_January_29,_2002:_State_of_the_Union_Address.json",3819,51,173,13.35,45.3,0.2277,State of the Union,True,spoken_era
George W. Bush,2002-06-01,2002,"June 1, 2002: Graduation Speech at West Point",https://millercenter.org/the-presidency/presidential-speeches/june-1-2002-graduation-speech-west-point,"George_W._Bush_2002-06-01T11:13:00-04:00_June_1,_2002:_Graduation_Speech_at_West_Point.json",2848,26,85,9.13,29.85,0.2342,Other,False,spoken_era
George W. Bush,2002-06-06,2002,"June 6, 2002: Address to the Nation on the Department of Homeland Security",https://millercenter.org/the-presidency/presidential-speeches/june-6-2002-address-nation-department-homeland-security,"George_W._Bush_2002-06-06T22:00:00-04:00_June_6,_2002:_Address_to_the_Nation_on_the_Department_of_Homeland_Security.json",1498,16,62,10.68,41.39,0.2051,Other,False,spoken_era
George W. Bush,2002-06-19,2002,"June 19, 2002: Speech on New Mother and Child HIV Prevention Initiative",https://millercenter.org/the-presidency/presidential-speeches/june-19-2002-speech-new-mother-and-child-hiv-prevention,"George_W._Bush_2002-06-19T11:04:00-04:00_June_19,_2002:_Speech_on_New_Mother_and_Child_HIV_Prevention_Initiative.json",941,12,28,12.75,29.76,0.3,Other,False,spoken_era
George W. Bush,2002-09-12,2002,"September 12, 2002: Remarks at the UN General Assembly",https://millercenter.org/the-presidency/presidential-speeches/september-12-2002-remarks-un-general-assembly,"George_W._Bush_2002-09-12T12:39:00-04:00_September_12,_2002:_Remarks_at_the_UN_General_Assembly.json",2775,4,57,1.44,20.54,0.0656,Other,False,spoken_era
George W. Bush,2003-01-28,2003,"January 28, 2003: State of the Union Address",https://millercenter.org/the-presidency/presidential-speeches/january-28-2003-state-union-address,"George_W._Bush_2003-01-28T13:00:00-05:00_January_28,_2003:_State_of_the_Union_Address.json",5346,39,180,7.3,33.67,0.1781,State of the Union,True,spoken_era
George W. Bush,2003-03-17,2003,"March 17, 2003: Address to the Nation on Iraq",https://millercenter.org/the-presidency/presidential-speeches/march-17-2003-address-nation-iraq,"George_W._Bush_2003-03-17T09:01:00-05:00_March_17,_2003:_Address_to_the_Nation_on_Iraq.json",1766,10,54,5.66,30.58,0.1562,Other,False,spoken_era
George W. Bush,2003-03-19,2003,"March 20, 2003: Address on the Start of the Iraq War",https://millercenter.org/the-presidency/presidential-speeches/march-20-2003-address-start-iraq-war,"George_W._Bush_2003-03-19T23:16:00-05:00_March_20,_2003:_Address_on_the_Start_of_the_Iraq_War.json",577,6,21,10.4,36.4,0.2222,Other,False,spoken_era
George W. Bush,2003-11-06,2003,"November 6, 2003: Remarks on Freedom in Iraq and Middle East",https://millercenter.org/the-presidency/presidential-speeches/november-6-2003-remarks-freedom-iraq-and-middle-east,"George_W._Bush_2003-11-06T12:05:00-05:00_November_6,_2003:_Remarks_on_Freedom_in_Iraq_and_Middle_East.json",3576,18,52,5.03,14.54,0.2571,Other,False,spoken_era
George W. Bush,2003-12-08,2003,"December 8, 2003: Address on Signing Medicare Legislation",https://millercenter.org/the-presidency/presidential-speeches/december-8-2003-address-signing-medicare-legislation,"George_W._Bush_2003-12-08T12:10:00-05:00_December_8,_2003:_Address_on_Signing_Medicare_Legislation.json",2532,20,52,7.9,20.54,0.2778,Other,False,spoken_era
George W. Bush,2004-01-07,2004,"January 7, 2004: Temporary Worker Program Proposal",https://millercenter.org/the-presidency/presidential-speeches/january-7-2004-temporary-worker-program-proposal,"George_W._Bush_2004-01-07T15:45:00-05:00_January_7,_2004:_Temporary_Worker_Program_Proposal.json",2387,30,77,12.57,32.26,0.2804,Other,False,spoken_era
George W. Bush,2004-01-20,2004,"January 20, 2004: State of the Union Address",https://millercenter.org/the-presidency/presidential-speeches/january-20-2004-state-union-address,"George_W._Bush_2004-01-20T13:00:00-05:00_January_20,_2004:_State_of_the_Union_Address.json",5157,46,176,8.92,34.13,0.2072,State of the Union,True,spoken_era
George W. Bush,2004-07-17,2004,"July 17, 2004: Remarks on National Security and the War Effort",https://millercenter.org/the-presidency/presidential-speeches/july-17-2004-remarks-national-security-and-war-effort,"George_W._Bush_2004-07-17T12:15:00-04:00_July_17,_2004:_Remarks_on_National_Security_and_the_War_Effort.json",2515,18,92,7.16,36.58,0.1636,Other,False,spoken_era
George W. Bush,2004-09-03,2004,"September 3, 2004: Remarks at the Republican National Convention",https://millercenter.org/the-presidency/presidential-speeches/september-3-2004-remarks-republican-national-convention,"George_W._Bush_2004-09-03T00:08:00-04:00_September_3,_2004:_Remarks_at_the_Republican_National_Convention.json",5251,109,203,20.76,38.66,0.3494,Other,False,spoken_era
George W. Bush,2005-01-20,2005,"January 20, 2005: Second Inaugural Address",https://millercenter.org/the-presidency/presidential-speeches/january-20-2005-second-inaugural-address-0,"George_W._Bush_2005-01-20T01:00:00-05:00_January_20,_2005:_Second_Inaugural_Address.json",2067,11,92,5.32,44.51,0.1068,Inaugural Address,False,spoken_era
George W. Bush,2005-02-02,2005,"February 2, 2005: State of the Union Address",https://millercenter.org/the-presidency/presidential-speeches/february-2-2005-state-union-address,"George_W._Bush_2005-02-02T13:00:00-05:00_February_2,_2005:_State_of_the_Union_Address.json",5047,48,184,9.51,36.46,0.2069,State of the Union,True,spoken_era
George W. Bush,2005-08-31,2005,"August 31, 2005: Remarks on Hurricane Katrina Relief Efforts",https://millercenter.org/the-presidency/presidential-speeches/august-31-2005-remarks-hurricane-katrina-relief-efforts,"George_W._Bush_2005-08-31T19:11:00-04:00_August_31,_2005:_Remarks_on_Hurricane_Katrina_Relief_Efforts.json",1130,21,24,18.58,21.24,0.4667,Other,False,spoken_era
George W. Bush,2005-09-15,2005,"September 16, 2005: Hurricane Relief Address from New Orleans",https://millercenter.org/the-presidency/presidential-speeches/september-16-2005-hurricane-relief-address-new-orleans,"George_W._Bush_2005-09-15T22:02:00-04:00_September_16,_2005:_Hurricane_Relief_Address_from_New_Orleans.json",3287,34,62,10.34,18.86,0.3542,Other,False,spoken_era
George W. Bush,2005-12-18,2005,"December 19, 2005: Address on Renewal in Iraq",https://millercenter.org/the-presidency/presidential-speeches/december-19-2005-address-renewal-iraq,"George_W._Bush_2005-12-18T22:01:00-05:00_December_19,_2005:_Address_on_Renewal_in_Iraq.json",2227,35,85,15.72,38.17,0.2917,Other,False,spoken_era
George W. Bush,2006-01-31,2006,"January 31, 2006: State of the Union Address",https://millercenter.org/the-presidency/presidential-speeches/january-31-2006-state-union-address,"George_W._Bush_2006-01-31T13:00:00-05:00_January_31,_2006:_State_of_the_Union_Address.json",5297,42,254,7.93,47.95,0.1419,State of the Union,True,spoken_era
George W. Bush,2006-07-19,2006,"July 19, 2006: Remarks on Stem Cell Research Policy",https://millercenter.org/the-presidency/presidential-speeches/july-19-2006-remarks-stem-cell-research-policy,"George_W._Bush_2006-07-19T16:08:00-04:00_July_19,_2006:_Remarks_on_Stem_Cell_Research_Policy.json",1648,36,43,21.84,26.09,0.4557,Other,False,spoken_era
George W. Bush,2007-01-10,2007,"January 11, 2007: Address on Military Operations in Iraq",https://millercenter.org/the-presidency/presidential-speeches/january-11-2007-address-military-operations-iraq,"George_W._Bush_2007-01-10T22:01:00-05:00_January_11,_2007:_Address_on_Military_Operations_in_Iraq.json",2899,16,99,5.52,34.15,0.1391,Other,False,spoken_era
George W. Bush,2007-01-23,2007,"January 23, 2007: State of the Union Address",https://millercenter.org/the-presidency/presidential-speeches/january-23-2007-state-union-address,"George_W._Bush_2007-01-23T13:00:00-05:00_January_23,_2007:_State_of_the_Union_Address.json",5531,39,225,7.05,40.68,0.1477,State of the Union,True,spoken_era
George W. Bush,2007-04-09,2007,"April 9, 2007: Speech on Comprehensive Immigration Reform",https://millercenter.org/the-presidency/presidential-speeches/april-9-2007-speech-comprehensive-immigration-reform,"George_W._Bush_2007-04-09T15:21:00-04:00_April_9,_2007:_Speech_on_Comprehensive_Immigration_Reform.json",3562,82,81,23.02,22.74,0.5031,Other,False,spoken_era
George W. Bush,2008-01-28,2008,"January 28, 2008: State of the Union Address",https://millercenter.org/the-presidency/presidential-speeches/january-28-2008-state-union-address,"George_W._Bush_2008-01-28T13:00:00-05:00_January_28,_2008:_State_of_the_Union_Address.json",5697,47,275,8.25,48.27,0.146,State of the Union,True,spoken_era
George W. Bush,2008-03-19,2008,"March 19, 2008: Remarks on the War on Terror",https://millercenter.org/the-presidency/presidential-speeches/march-19-2008-remarks-war-terror,"George_W._Bush_2008-03-19T13:00:00-04:00_March_19,_2008:_Remarks_on_the_War_on_Terror.json",3156,13,96,4.12,30.42,0.1193,Other,False,spoken_era
George W. Bush,2008-10-03,2008,"October 3, 2008: Remarks on Emergency Economic Stabilization Act of 2008",https://millercenter.org/the-presidency/presidential-speeches/october-3-2008-remarks-emergency-economic-stabilization-act,"George_W._Bush_2008-10-03T16:03:00-04:00_October_3,_2008:_Remarks_on_Emergency_Economic_Stabilization_Act_of_2008.json",672,6,16,8.93,23.81,0.2727,Other,False,spoken_era
George W. Bush,2008-11-13,2008,"November 13, 2008: Speech on Financial Markets and the World Economy",https://millercenter.org/the-presidency/presidential-speeches/november-13-2008-speech-financial-markets-and-world-economy,"George_W._Bush_2008-11-13T14:58:00-05:00_November_13,_2008:_Speech_on_Financial_Markets_and_the_World_Economy.json",2954,22,65,7.45,22.0,0.2529,Other,False,spoken_era
George W. Bush,2008-12-19,2008,"December 19, 2008: Remarks on Plan to Assist Automakers",https://millercenter.org/the-presidency/presidential-speeches/december-19-2008-remarks-plan-assist-automakers,"George_W._Bush_2008-12-19T10:01:00-05:00_December_19,_2008:_Remarks_on_Plan_to_Assist_Automakers.json",1034,9,12,8.7,11.61,0.4286,Other,False,spoken_era
George W. Bush,2009-01-12,2009,"January 12, 2009: Final Press Conference",https://millercenter.org/the-presidency/presidential-speeches/january-12-2009-final-press-conference,"George_W._Bush_2009-01-12T10:17:00-05:00_January_12,_2009:_Final_Press_Conference.json",7050,272,54,38.58,7.66,0.8344,Press/News Conference,False,spoken_era
George W. Bush,2009-01-15,2009,"January 15, 2009: Farewell Address to the Nation",https://millercenter.org/the-presidency/presidential-speeches/january-15-2009-farewell-address-nation,"George_W._Bush_2009-01-15T13:00:00-05:00_January_15,_2009:_Farewell_Address_to_the_Nation.json",1857,50,71,26.93,38.23,0.4132,Farewell Address,False,spoken_era
George Washington,1789-04-30,1789,"April 30, 1789: First Inaugural Address",https://millercenter.org/the-presidency/presidential-speeches/april-30-1789-first-inaugural-address,"George_Washington_1789-04-30T13:03:58-04:56_April_30,_1789:_First_Inaugural_Address.json",1433,57,3,39.78,2.09,0.95,Inaugural Address,False,spoken_era
George Washington,1789-10-03,1789,"October 3, 1789: Thanksgiving Proclamation",https://millercenter.org/the-presidency/presidential-speeches/october-3-1789-thanksgiving-proclamation,"George_Washington_1789-10-03T13:03:58-04:56_October_3,_1789:_Thanksgiving_Proclamation.json",435,2,17,4.6,39.08,0.1053,Other,False,spoken_era
George Washington,1790-01-08,1790,"January 8, 1790: First Annual Message to Congress",https://millercenter.org/the-presidency/presidential-speeches/january-8-1790-first-annual-message-congress,"George_Washington_1790-01-08T13:03:58-04:56_January_8,_1790:_First_Annual_Message_to_Congress.json",848,9,11,10.61,12.97,0.45,Annual Message,True,spoken_era
George Washington,1790-12-08,1790,"December 8, 1790: Second Annual Message to Congress",https://millercenter.org/the-presidency/presidential-speeches/december-8-1790-second-annual-message-congress,"George_Washington_1790-12-08T13:03:58-04:56_December_8,_1790:_Second_Annual_Message_to_Congress.json",1400,15,28,10.71,20.0,0.3488,Annual Message,True,spoken_era
George Washington,1790-12-29,1790,"December 29, 1790: Talk to the Chiefs and Counselors of the Seneca Nation",https://millercenter.org/the-presidency/presidential-speeches/december-29-1790-talk-chiefs-and-counselors-seneca-nation,"George_Washington_1790-12-29T13:03:58-04:56_December_29,_1790:_Talk_to_the_Chiefs_and_Counselors_of_the_Seneca_Nation.json",1399,25,0,17.87,0.0,1.0,Other,False,spoken_era
George Washington,1791-10-25,1791,"October 25, 1791: Third Annual Message to Congress",https://millercenter.org/the-presidency/presidential-speeches/october-25-1791-third-annual-message-congress,"George_Washington_1791-10-25T13:03:58-04:56_October_25,_1791:_Third_Annual_Message_to_Congress.json",2265,9,4,3.97,1.77,0.6923,Annual Message,True,spoken_era
George Washington,1792-04-05,1792,"April 5, 1792: Veto Message on Congressional Redistricting",https://millercenter.org/the-presidency/presidential-speeches/april-5-1792-veto-message-congressional-redistricting,"George_Washington_1792-04-05T13:03:58-04:56_April_5,_1792:_Veto_Message_on_Congressional_Redistricting.json",155,2,0,12.9,0.0,1.0,Other,False,spoken_era
George Washington,1792-11-06,1792,"November 6, 1792: Fourth Annual Message to Congress",https://millercenter.org/the-presidency/presidential-speeches/november-6-1792-fourth-annual-message-congress,"George_Washington_1792-11-06T13:03:58-04:56_November_6,_1792:_Fourth_Annual_Message_to_Congress.json",2354,32,14,13.59,5.95,0.6957,Annual Message,True,spoken_era
George Washington,1792-12-12,1792,"December 12, 1792: Proclamation Against Crimes Against the Cherokee Nations",https://millercenter.org/the-presidency/presidential-speeches/december-12-1792-proclamation-against-crimes-against-cherokee,"George_Washington_1792-12-12T13:03:58-04:56_December_12,_1792:_Proclamation_Against_Crimes_Against_the_Cherokee_Nations.json",190,4,0,21.05,0.0,1.0,Other,False,spoken_era
George Washington,1793-03-04,1793,"March 4, 1793: Second Inaugural Address",https://millercenter.org/the-presidency/presidential-speeches/march-4-1793-second-inaugural-address,"George_Washington_1793-03-04T13:03:58-04:56_March_4,_1793:_Second_Inaugural_Address.json",135,9,0,66.67,0.0,1.0,Inaugural Address,False,spoken_era
George Washington,1793-04-22,1793,"April 22, 1793: Proclamation of Neutrality",https://millercenter.org/the-presidency/presidential-speeches/april-22-1793-proclamation-neutrality,"George_Washington_1793-04-22T13:03:58-04:56_April_22,_1793:_Proclamation_of_Neutrality.json",237,3,0,12.66,0.0,1.0,Other,False,spoken_era
George Washington,1793-12-03,1793,"December 3, 1793: Fifth Annual Message to Congress",https://millercenter.org/the-presidency/presidential-speeches/december-3-1793-fifth-annual-message-congress,"George_Washington_1793-12-03T13:03:58-04:56_December_3,_1793:_Fifth_Annual_Message_to_Congress.json",1831,21,20,11.47,10.92,0.5122,Annual Message,True,spoken_era
George Washington,1794-08-07,1794,"August 7, 1794: Proclamation against Opposition to Execution of Laws and Excise Duties in Western Pennsylvania",https://millercenter.org/the-presidency/presidential-speeches/august-7-1794-proclamation-against-opposition-execution-laws,"George_Washington_1794-08-07T13:03:58-04:56_August_7,_1794:_Proclamation_against_Opposition_to_Execution_of_Laws_and_Excise_Duties_in_Western_Pennsylvania.json",1283,8,0,6.24,0.0,1.0,Other,False,spoken_era
George Washington,1794-09-25,1794,"September 25, 1794: Proclamation of Militia Service",https://millercenter.org/the-presidency/presidential-speeches/september-25-1794-proclamation-militia-service,"George_Washington_1794-09-25T13:03:58-04:56_September_25,_1794:_Proclamation_of_Militia_Service.json",653,7,0,10.72,0.0,1.0,Other,False,spoken_era
George Washington,1794-11-19,1794,"November 19, 1794: Sixth Annual Message to Congress",https://millercenter.org/the-presidency/presidential-speeches/november-19-1794-sixth-annual-message-congress,"George_Washington_1794-11-19T13:03:58-04:56_November_19,_1794:_Sixth_Annual_Message_to_Congress.json",2925,31,31,10.6,10.6,0.5,Annual Message,True,spoken_era
George Washington,1795-07-10,1795,"July 10, 1795: Proclamation of Pardons in Western Pennsylvania",https://millercenter.org/the-presidency/presidential-speeches/july-10-1795-proclamation-pardons-western-pennsylvania,"George_Washington_1795-07-10T13:03:58-04:56_July_10,_1795:_Proclamation_of_Pardons_in_Western_Pennsylvania.json",382,2,0,5.24,0.0,1.0,Other,False,spoken_era
George Washington,1795-12-08,1795,"December 8, 1795: Seventh Annual Message to Congress",https://millercenter.org/the-presidency/presidential-speeches/december-8-1795-seventh-annual-message-congress,"George_Washington_1795-12-08T13:03:58-04:56_December_8,_1795:_Seventh_Annual_Message_to_Congress.json",1977,23,56,11.63,28.33,0.2911,Annual Message,True,spoken_era
George Washington,1796-03-30,1796,"March 30, 1796: Message to the House of Representatives, Declining to Submit Diplomatic Instructions and Corresponde",https://millercenter.org/the-presidency/presidential-speeches/march-30-1796-message-house-representatives-declining-submit,"George_Washington_1796-03-30T13:03:58-04:56_March_30,_1796:_Message_to_the_House_of_Representatives,_Declining_to_Submit_Diplomatic_Instructions_and_Corresponde.json",1065,20,1,18.78,0.94,0.9524,Other,False,spoken_era
George Washington,1796-08-29,1796,"August 29, 1796: Talk to the Cherokee Nation",https://millercenter.org/the-presidency/presidential-speeches/august-29-1796-talk-cherokee-nation,"George_Washington_1796-08-29T13:03:58-04:56_August_29,_1796:_Talk_to_the_Cherokee_Nation.json",1602,57,3,35.58,1.87,0.95,Other,False,spoken_era
George Washington,1796-09-19,1796,"September 19, 1796: Farewell Address",https://millercenter.org/the-presidency/presidential-speeches/september-19-1796-farewell-address,"George_Washington_1796-09-19T13:03:58-04:56_September_19,_1796:_Farewell_Address.json",6073,97,54,15.97,8.89,0.6424,Farewell Address,False,spoken_era
George Washington,1796-12-07,1796,"December 7, 1796: Eighth Annual Message to Congress",https://millercenter.org/the-presidency/presidential-speeches/december-7-1796-eighth-annual-message-congress,"George_Washington_1796-12-07T13:03:58-04:56_December_7,_1796:_Eighth_Annual_Message_to_Congress.json",2862,27,28,9.43,9.78,0.4909,Annual Message,True,spoken_era
Gerald Ford,1974-08-09,1974,"August 9, 1974: Remarks on Taking the Oath of Office",https://millercenter.org/the-presidency/presidential-speeches/august-9-1974-remarks-taking-oath-office,"Gerald_Ford_1974-08-09T13:00:00-04:00_August_9,_1974:_Remarks_on_Taking_the_Oath_of_Office.json",847,58,17,68.48,20.07,0.7733,Oath of Office,False,spoken_era
Gerald Ford,1974-09-08,1974,"September 8, 1974: Remarks on Pardoning Richard Nixon",https://millercenter.org/the-presidency/presidential-speeches/september-8-1974-remarks-pardoning-richard-nixon,"Gerald_Ford_1974-09-08T13:00:00-04:00_September_8,_1974:_Remarks_on_Pardoning_Richard_Nixon.json",1087,71,11,65.32,10.12,0.8659,Other,False,spoken_era
Gerald Ford,1974-09-16,1974,"September 16, 1974: Remarks on Clemency for Vietnam Era Draft Evaders",https://millercenter.org/the-presidency/presidential-speeches/september-16-1974-remarks-clemency-vietnam-era-draft-evaders,"Gerald_Ford_1974-09-16T13:00:00-04:00_September_16,_1974:_Remarks_on_Clemency_for_Vietnam_Era_Draft_Evaders.json",586,25,5,42.66,8.53,0.8333,Other,False,spoken_era
Gerald Ford,1974-09-18,1974,"September 18, 1974: Address to the General Assembly of the United Nations",https://millercenter.org/the-presidency/presidential-speeches/september-18-1974-address-general-assembly-united-nations,"Gerald_Ford_1974-09-18T13:00:00-04:00_September_18,_1974:_Address_to_the_General_Assembly_of_the_United_Nations.json",2076,21,64,10.12,30.83,0.2471,Other,False,spoken_era
Gerald Ford,1974-10-08,1974,"October 8, 1974: ""Whip Inflation Now"" Speech",https://millercenter.org/the-presidency/presidential-speeches/october-8-1974-whip-inflation-now-speech,"Gerald_Ford_1974-10-08T13:00:00-04:00_October_8,_1974:_""Whip_Inflation_Now""_Speech.json",4285,146,91,34.07,21.24,0.616,Other,False,spoken_era
Gerald Ford,1975-01-15,1975,"January 15, 1975: State of the Union Address",https://millercenter.org/the-presidency/presidential-speeches/january-15-1975-state-union-address,"Gerald_Ford_1975-01-15T13:00:00-05:00_January_15,_1975:_State_of_the_Union_Address.json",4074,74,128,18.16,31.42,0.3663,State of the Union,True,spoken_era
Gerald Ford,1975-04-10,1975,"April 10, 1975: Address on U.S. Foreign Policy",https://millercenter.org/the-presidency/presidential-speeches/april-10-1975-address-us-foreign-policy,"Gerald_Ford_1975-04-10T13:00:00-04:00_April_10,_1975:_Address_on_U.S._Foreign_Policy.json",6070,102,268,16.8,44.15,0.2757,Other,False,spoken_era
Gerald Ford,1975-04-23,1975,"April 23, 1975: Remarks at Tulane University",https://millercenter.org/the-presidency/presidential-speeches/april-23-1975-remarks-tulane-university,"Gerald_Ford_1975-04-23T13:00:00-04:00_April_23,_1975:_Remarks_at_Tulane_University.json",2370,82,82,34.6,34.6,0.5,Other,False,spoken_era
Gerald Ford,1975-05-27,1975,"May 27, 1975: Address on Energy Policy",https://millercenter.org/the-presidency/presidential-speeches/may-27-1975-address-energy-policy,"Gerald_Ford_1975-05-27T13:00:00-04:00_May_27,_1975:_Address_on_Energy_Policy.json",1342,40,35,29.81,26.08,0.5333,Other,False,spoken_era
Gerald Ford,1975-08-01,1975,"August 1, 1975: Remarks in Helsinki",https://millercenter.org/the-presidency/presidential-speeches/august-1-1975-remarks-helsinki,"Gerald_Ford_1975-08-01T13:00:00-04:00_August_1,_1975:_Remarks_in_Helsinki.json",2777,32,97,11.52,34.93,0.2481,Other,False,spoken_era
Gerald Ford,1975-12-07,1975,"December 7, 1975: Address at the University of Hawaii",https://millercenter.org/the-presidency/presidential-speeches/december-7-1975-address-university-hawaii,"Gerald_Ford_1975-12-07T13:00:00-05:00_December_7,_1975:_Address_at_the_University_of_Hawaii.json",2240,35,101,15.62,45.09,0.2574,Other,False,spoken_era
Gerald Ford,1976-01-19,1976,"January 19, 1976: State of the Union Address",https://millercenter.org/the-presidency/presidential-speeches/january-19-1976-state-union-address,"Gerald_Ford_1976-01-19T13:00:00-05:00_January_19,_1976:_State_of_the_Union_Address.json",4950,97,195,19.6,39.39,0.3322,State of the Union,True,spoken_era
Gerald Ford,1976-08-19,1976,"August 19, 1976: Republican National Convention",https://millercenter.org/the-presidency/presidential-speeches/august-19-1976-republican-national-convention,"Gerald_Ford_1976-08-19T13:00:00-04:00_August_19,_1976:_Republican_National_Convention.json",2886,97,103,33.61,35.69,0.485,Other,False,spoken_era
Gerald Ford,1977-01-12,1977,"January 12, 1977: State of the Union Address",https://millercenter.org/the-presidency/presidential-speeches/january-12-1977-state-union-address,"Gerald_Ford_1977-01-12T13:00:00-05:00_January_12,_1977:_State_of_the_Union_Address.json",4705,111,159,23.59,33.79,0.4111,State of the Union,True,spoken_era
Grover Cleveland,1885-03-04,1885,"March 4, 1885: First Inaugural Address",https://millercenter.org/the-presidency/presidential-speeches/march-4-1885-first-inaugural-address,"Grover_Cleveland_1885-03-04T13:00:00-05:00_March_4,_1885:_First_Inaugural_Address.json",1571,11,29,7.0,18.46,0.275,Inaugural Address,False,written_era
Grover Cleveland,1885-12-08,1885,"December 8, 1885: First Annual Message",https://millercenter.org/the-presidency/presidential-speeches/december-8-1885-first-annual-message,"Grover_Cleveland_1885-12-08T13:00:00-05:00_December_8,_1885:_First_Annual_Message.json",19652,88,183,4.48,9.31,0.3247,Annual Message,True,written_era
Grover Cleveland,1886-03-01,1886,"March 1, 1886: Message Regarding Chinese Immigrant Workers",https://millercenter.org/the-presidency/presidential-speeches/march-1-1886-message-regarding-chinese-immigrant-workers,"Grover_Cleveland_1886-03-01T15:14:00-05:00_March_1,_1886:_Message_Regarding_Chinese_Immigrant_Workers.json",1722,8,7,4.65,4.07,0.5333,Other,False,written_era
Grover Cleveland,1886-04-22,1886,"April 22, 1886: Message Regarding U.S. Labor Force",https://millercenter.org/the-presidency/presidential-speeches/april-22-1886-message-regarding-us-labor-force,"Grover_Cleveland_1886-04-22T15:16:00-05:00_April_22,_1886:_Message_Regarding_U.S._Labor_Force.json",1159,6,5,5.18,4.31,0.5455,Other,False,written_era
Grover Cleveland,1886-05-08,1886,"May 8, 1886: Veto of Military Pension Legislation",https://millercenter.org/the-presidency/presidential-speeches/may-8-1886-veto-military-pension-legislation,"Grover_Cleveland_1886-05-08T15:17:00-05:00_May_8,_1886:_Veto_of_Military_Pension_Legislation.json",812,14,3,17.24,3.69,0.8235,Other,False,written_era
Grover Cleveland,1886-05-11,1886,"May 11, 1886: Message on the Statue of Liberty",https://millercenter.org/the-presidency/presidential-speeches/may-11-1886-message-statue-liberty,"Grover_Cleveland_1886-05-11T15:19:00-05:00_May_11,_1886:_Message_on_the_Statue_of_Liberty.json",535,4,4,7.48,7.48,0.5,Other,False,written_era
Grover Cleveland,1886-07-14,1886,"July 14, 1886: Message on Federal Employee Political Involvement",https://millercenter.org/the-presidency/presidential-speeches/july-14-1886-message-federal-employee-political-involvement,"Grover_Cleveland_1886-07-14T15:21:00-05:00_July_14,_1886:_Message_on_Federal_Employee_Political_Involvement.json",360,1,1,2.78,2.78,0.5,Other,False,written_era
Grover Cleveland,1886-12-06,1886,"December 6, 1886: Second Annual Message",https://millercenter.org/the-presidency/presidential-speeches/december-6-1886-second-annual-message,"Grover_Cleveland_1886-12-06T13:00:00-05:00_December_6,_1886:_Second_Annual_Message.json",15024,90,145,5.99,9.65,0.383,Annual Message,True,written_era
Grover Cleveland,1887-02-11,1887,"February 11, 1887: Veto of Military Pension Legislation",https://millercenter.org/the-presidency/presidential-speeches/february-11-1887-veto-military-pension-legislation,"Grover_Cleveland_1887-02-11T15:26:00-05:00_February_11,_1887:_Veto_of_Military_Pension_Legislation.json",4122,26,10,6.31,2.43,0.7222,Other,False,written_era
Grover Cleveland,1887-02-16,1887,"February 16, 1887: Veto of Texas Seed Bill",https://millercenter.org/the-presidency/presidential-speeches/february-16-1887-veto-texas-seed-bill,"Grover_Cleveland_1887-02-16T15:28:00-05:00_February_16,_1887:_Veto_of_Texas_Seed_Bill.json",583,10,4,17.15,6.86,0.7143,Other,False,written_era
Grover Cleveland,1887-12-06,1887,"December 6, 1887: Third Annual Message",https://millercenter.org/the-presidency/presidential-speeches/december-6-1887-third-annual-message,"Grover_Cleveland_1887-12-06T13:00:00-05:00_December_6,_1887:_Third_Annual_Message.json",5250,11,78,2.1,14.86,0.1236,Annual Message,True,written_era
Grover Cleveland,1888-02-02,1888,"February 2, 1888: Message Regarding Civil Service Reform",https://millercenter.org/the-presidency/presidential-speeches/february-2-1888-message-regarding-civil-service-reform,"Grover_Cleveland_1888-02-02T15:03:00-05:00_February_2,_1888:_Message_Regarding_Civil_Service_Reform.json",9741,10,0,1.03,0.0,1.0,Other,False,written_era
Grover Cleveland,1888-10-01,1888,"October 1, 1888: Message Regarding Chinese Exclusion Act",https://millercenter.org/the-presidency/presidential-speeches/october-1-1888-message-regarding-chinese-exclusion-act,"Grover_Cleveland_1888-10-01T15:07:00-05:00_October_1,_1888:_Message_Regarding_Chinese_Exclusion_Act.json",2052,17,21,8.28,10.23,0.4474,Other,False,written_era
Grover Cleveland,1888-12-03,1888,"December 3, 1888: Fourth Annual Message",https://millercenter.org/the-presidency/presidential-speeches/december-3-1888-fourth-annual-message,"Grover_Cleveland_1888-12-03T13:00:00-05:00_December_3,_1888:_Fourth_Annual_Message.json",13055,67,131,5.13,10.03,0.3384,Annual Message,True,written_era
Grover Cleveland,1893-03-04,1893,"March 4, 1893: Second Inaugural Address",https://millercenter.org/the-presidency/presidential-speeches/march-4-1893-second-inaugural-address,"Grover_Cleveland_1893-03-04T13:00:00-05:00_March_4,_1893:_Second_Inaugural_Address.json",1880,30,65,15.96,34.57,0.3158,Inaugural Address,False,written_era
Grover Cleveland,1893-08-08,1893,"August 8, 1893: Special Session Message",https://millercenter.org/the-presidency/presidential-speeches/august-8-1893-special-session-message,"Grover_Cleveland_1893-08-08T13:00:00-05:00_August_8,_1893:_Special_Session_Message.json",2058,5,29,2.43,14.09,0.1471,Other,False,written_era
Grover Cleveland,1893-08-08,1893,"August 8, 1893: Message Regarding Economic Crisis",https://millercenter.org/the-presidency/presidential-speeches/august-8-1893-message-regarding-economic-crisis,"Grover_Cleveland_1893-08-08T16:39:00-05:00_August_8,_1893:_Message_Regarding_Economic_Crisis.json",2058,5,29,2.43,14.09,0.1471,Other,False,written_era
Grover Cleveland,1893-12-04,1893,"December 4, 1893: First Annual Message (Second Term)",https://millercenter.org/the-presidency/presidential-speeches/december-4-1893-first-annual-message-second-term,"Grover_Cleveland_1893-12-04T13:00:00-05:00_December_4,_1893:_First_Annual_Message_(Second_Term).json",12072,60,109,4.97,9.03,0.355,Annual Message,True,written_era
Grover Cleveland,1893-12-18,1893,"December 18, 1893: Message Regarding Hawaiian Annexation",https://millercenter.org/the-presidency/presidential-speeches/december-18-1893-message-regarding-hawaiian-annexation,"Grover_Cleveland_1893-12-18T16:09:00-05:00_December_18,_1893:_Message_Regarding_Hawaiian_Annexation.json",6167,36,42,5.84,6.81,0.4615,Other,False,written_era
Grover Cleveland,1894-03-29,1894,"March 29, 1894: Veto Message of Monetary Legislation",https://millercenter.org/the-presidency/presidential-speeches/march-29-1894-veto-message-monetary-legislation,"Grover_Cleveland_1894-03-29T16:11:00-05:00_March_29,_1894:_Veto_Message_of_Monetary_Legislation.json",3076,35,48,11.38,15.6,0.4217,Other,False,written_era
Grover Cleveland,1894-07-08,1894,"July 8, 1894: Proclamation Regarding Railroad Strike",https://millercenter.org/the-presidency/presidential-speeches/july-8-1894-proclamation-regarding-railroad-strike,"Grover_Cleveland_1894-07-08T16:13:00-05:00_July_8,_1894:_Proclamation_Regarding_Railroad_Strike.json",426,4,0,9.39,0.0,1.0,Other,False,written_era
Grover Cleveland,1894-12-03,1894,"December 3, 1894: Second Annual Message (Second Term)",https://millercenter.org/the-presidency/presidential-speeches/december-3-1894-second-annual-message-second-term,"Grover_Cleveland_1894-12-03T13:00:00-05:00_December_3,_1894:_Second_Annual_Message_(Second_Term).json",15632,84,124,5.37,7.93,0.4038,Annual Message,True,written_era
Grover Cleveland,1895-01-28,1895,"January 28, 1895: Message Regarding the Financial Crisis",https://millercenter.org/the-presidency/presidential-speeches/january-28-1895-message-regarding-financial-crisis,"Grover_Cleveland_1895-01-28T16:15:00-05:00_January_28,_1895:_Message_Regarding_the_Financial_Crisis.json",2311,23,60,9.95,25.96,0.2771,Other,False,written_era
Grover Cleveland,1895-02-08,1895,"February 8, 1895: Announcement of Treasury Bond Sale",https://millercenter.org/the-presidency/presidential-speeches/february-8-1895-announcement-treasury-bond-sale,"Grover_Cleveland_1895-02-08T16:17:00-05:00_February_8,_1895:_Announcement_of_Treasury_Bond_Sale.json",716,5,11,6.98,15.36,0.3125,Other,False,written_era
Grover Cleveland,1895-06-12,1895,"June 12, 1895: Declaration of US Neutrality",https://millercenter.org/the-presidency/presidential-speeches/june-12-1895-declaration-us-neutrality,"Grover_Cleveland_1895-06-12T16:20:00-05:00_June_12,_1895:_Declaration_of_US_Neutrality.json",365,4,0,10.96,0.0,1.0,Other,False,written_era
Grover Cleveland,1895-12-02,1895,"December 2, 1895: Third Annual Message (Second Term)",https://millercenter.org/the-presidency/presidential-speeches/december-2-1895-third-annual-message-second-term,"Grover_Cleveland_1895-12-02T13:00:00-05:00_December_2,_1895:_Third_Annual_Message_(Second_Term).json",14536,61,255,4.2,17.54,0.193,Annual Message,True,written_era
Grover Cleveland,1895-12-17,1895,"December 17, 1895: Message Regarding Venezuelan-British Dispute",https://millercenter.org/the-presidency/presidential-speeches/december-17-1895-message-regarding-venezuelan-british-dispute,"Grover_Cleveland_1895-12-17T16:24:00-05:00_December_17,_1895:_Message_Regarding_Venezuelan-British_Dispute.json",1555,8,23,5.14,14.79,0.2581,Other,False,written_era
Grover Cleveland,1895-12-20,1895,"December 20, 1895: Message Regarding the Financial Crisis",https://millercenter.org/the-presidency/presidential-speeches/december-20-1895-message-regarding-financial-crisis,"Grover_Cleveland_1895-12-20T16:27:00-05:00_December_20,_1895:_Message_Regarding_the_Financial_Crisis.json",601,3,26,4.99,43.26,0.1034,Other,False,written_era
Grover Cleveland,1896-07-27,1896,"July 27, 1896: Announcing the Continuation of US Neutrality",https://millercenter.org/the-presidency/presidential-speeches/july-27-1896-announcing-continuation-us-neutrality,"Grover_Cleveland_1896-07-27T16:29:00-05:00_July_27,_1896:_Announcing_the_Continuation_of_US_Neutrality.json",564,4,0,7.09,0.0,1.0,Other,False,written_era
Grover Cleveland,1896-12-07,1896,"December 7, 1896: Fourth Annual Message (Second Term)",https://millercenter.org/the-presidency/presidential-speeches/december-7-1896-fourth-annual-message-second-term,"Grover_Cleveland_1896-12-07T13:00:00-05:00_December_7,_1896:_Fourth_Annual_Message_(Second_Term).json",15253,50,173,3.28,11.34,0.2242,Annual Message,True,written_era
Grover Cleveland,1897-01-11,1897,"January 11, 1897: Message Regarding Treaty with Britain",https://millercenter.org/the-presidency/presidential-speeches/january-11-1897-message-regarding-treaty-britain,"Grover_Cleveland_1897-01-11T16:36:00-05:00_January_11,_1897:_Message_Regarding_Treaty_with_Britain.json",384,4,0,10.42,0.0,1.0,Other,False,written_era
Grover Cleveland,1897-03-02,1897,"March 2, 1897: Veto Message Regarding Immigration Legislation",https://millercenter.org/the-presidency/presidential-speeches/march-2-1897-veto-message-regarding-immigration-legislation,"Grover_Cleveland_1897-03-02T17:23:00-05:00_March_2,_1897:_Veto_Message_Regarding_Immigration_Legislation.json",1881,7,32,3.72,17.01,0.1795,Other,False,written_era
Harry S. Truman,1945-04-16,1945,"April 16, 1945: First Speech to Congress",https://millercenter.org/the-presidency/presidential-speeches/april-16-1945-first-speech-congress,"Harry_S._Truman_1945-04-16T14:00:00-04:00_April_16,_1945:_First_Speech_to_Congress.json",1878,28,74,14.91,39.4,0.2745,Address to Congress,False,spoken_era
Harry S. Truman,1945-05-08,1945,"May 8, 1945: Announcing the Surrender of Germany",https://millercenter.org/the-presidency/presidential-speeches/may-8-1945-announcing-surrender-germany,"Harry_S._Truman_1945-05-08T14:00:00-04:00_May_8,_1945:_Announcing_the_Surrender_of_Germany.json",706,13,34,18.41,48.16,0.2766,Other,False,spoken_era
Harry S. Truman,1945-08-06,1945,"August 6, 1945: Statement by the President Announcing the Use of the A-Bomb at Hiroshima",https://millercenter.org/the-presidency/presidential-speeches/august-6-1945-statement-president-announcing-use-bomb,"Harry_S._Truman_1945-08-06T15:00:00-04:00_August_6,_1945:_Statement_by_the_President_Announcing_the_Use_of_the_A-Bomb_at_Hiroshima.json",1151,2,17,1.74,14.77,0.1053,Other,False,spoken_era
Harry S. Truman,1945-08-09,1945,"August 9, 1945: Radio Report to the American People on the Potsdam Conference",https://millercenter.org/the-presidency/presidential-speeches/august-9-1945-radio-report-american-people-potsdam-conference,"Harry_S._Truman_1945-08-09T15:00:00-04:00_August_9,_1945:_Radio_Report_to_the_American_People_on_the_Potsdam_Conference.json",4064,18,106,4.43,26.08,0.1452,Other,False,spoken_era
Harry S. Truman,1945-09-01,1945,"September 1, 1945: Announcing the Surrender of Japan",https://millercenter.org/the-presidency/presidential-speeches/september-1-1945-announcing-surrender-japan,"Harry_S._Truman_1945-09-01T15:00:00-04:00_September_1,_1945:_Announcing_the_Surrender_of_Japan.json",1265,1,64,0.79,50.59,0.0154,Other,False,spoken_era
Harry S. Truman,1945-10-27,1945,"October 27, 1945: Navy Day Address",https://millercenter.org/the-presidency/presidential-speeches/october-27-1945-navy-day-address,"Harry_S._Truman_1945-10-27T14:00:00-05:00_October_27,_1945:_Navy_Day_Address.json",2582,15,105,5.81,40.67,0.125,Other,False,spoken_era
Harry S. Truman,1947-03-12,1947,"March 12, 1947: Truman Doctrine",https://millercenter.org/the-presidency/presidential-speeches/march-12-1947-truman-doctrine,"Harry_S._Truman_1947-03-12T13:00:00-05:00_March_12,_1947:_Truman_Doctrine.json",2192,19,32,8.67,14.6,0.3725,Other,False,spoken_era
Harry S. Truman,1947-06-20,1947,"June 20, 1947: On the Veto of the Taft-Hartley Bill",https://millercenter.org/the-presidency/presidential-speeches/june-20-1947-veto-taft-hartley-bill,"Harry_S._Truman_1947-06-20T15:00:00-04:00_June_20,_1947:_On_the_Veto_of_the_Taft-Hartley_Bill.json",1803,33,45,18.3,24.96,0.4231,Other,False,spoken_era
Harry S. Truman,1947-06-29,1947,"June 29, 1947: Address before the NAACP",https://millercenter.org/the-presidency/presidential-speeches/june-29-1947-address-naacp,"Harry_S._Truman_1947-06-29T14:00:00-04:00_June_29,_1947:_Address_before_the_NAACP.json",1226,14,59,11.42,48.12,0.1918,Other,False,spoken_era
Harry S. Truman,1948-07-15,1948,"July 15, 1948: Democratic National Convention",https://millercenter.org/the-presidency/presidential-speeches/july-15-1948-democratic-national-convention,"Harry_S._Truman_1948-07-15T14:00:00-04:00_July_15,_1948:_Democratic_National_Convention.json",2654,74,26,27.88,9.8,0.74,Other,False,spoken_era
Harry S. Truman,1948-09-18,1948,"September 18, 1948: Whistlestop Tour in Chariton, Iowa",https://millercenter.org/the-presidency/presidential-speeches/september-18-1948-whistlestop-tour-chariton-iowa,"Harry_S._Truman_1948-09-18T11:32:00-04:00_September_18,_1948:_Whistlestop_Tour_in_Chariton,_Iowa.json",774,28,1,36.18,1.29,0.9655,Other,False,spoken_era
Harry S. Truman,1948-09-18,1948,"September 18, 1948: Whistlestop Tour in Trenton, Missouri",https://millercenter.org/the-presidency/presidential-speeches/september-18-1948-whistlestop-tour-trenton-missouri,"Harry_S._Truman_1948-09-18T14:00:00-04:00_September_18,_1948:_Whistlestop_Tour_in_Trenton,_Missouri.json",782,42,5,53.71,6.39,0.8936,Other,False,spoken_era
Harry S. Truman,1948-11-03,1948,"November 3, 1948: Victory Celebration",https://millercenter.org/the-presidency/presidential-speeches/november-3-1948-victory-celebration,"Harry_S._Truman_1948-11-03T13:00:00-05:00_November_3,_1948:_Victory_Celebration.json",282,22,2,78.01,7.09,0.9167,Other,False,spoken_era
Harry S. Truman,1949-01-20,1949,"January 20, 1949: Inaugural Address",https://millercenter.org/the-presidency/presidential-speeches/january-20-1949-inaugural-address,"Harry_S._Truman_1949-01-20T13:00:00-05:00_January_20,_1949:_Inaugural_Address.json",2280,12,98,5.26,42.98,0.1091,Inaugural Address,False,spoken_era
Harry S. Truman,1951-04-11,1951,"April 11, 1951: Report to the American People on Korea",https://millercenter.org/the-presidency/presidential-speeches/april-11-1951-report-american-people-korea,"Harry_S._Truman_1951-04-11T13:00:00-05:00_April_11,_1951:_Report_to_the_American_People_on_Korea.json",2460,16,83,6.5,33.74,0.1616,Other,False,spoken_era
Harry S. Truman,1952-03-15,1952,"March 15, 1952: Columbia Scholastic Press Association",https://millercenter.org/the-presidency/presidential-speeches/march-15-1952-columbia-scholastic-press-association,"Harry_S._Truman_1952-03-15T13:00:00-05:00_March_15,_1952:_Columbia_Scholastic_Press_Association.json",1949,63,57,32.32,29.25,0.525,Other,False,spoken_era
Harry S. Truman,1952-03-29,1952,"March 29, 1952: Jefferson-Jackson Day Dinner",https://millercenter.org/the-presidency/presidential-speeches/march-29-1952-jefferson-jackson-day-dinner,"Harry_S._Truman_1952-03-29T13:00:00-05:00_March_29,_1952:_Jefferson-Jackson_Day_Dinner.json",3736,54,70,14.45,18.74,0.4355,Other,False,spoken_era
Harry S. Truman,1952-10-22,1952,"October 22, 1952: Rear Platform Remarks",https://millercenter.org/the-presidency/presidential-speeches/october-22-1952-rear-platform-remarks,"Harry_S._Truman_1952-10-22T13:00:00-05:00_October_22,_1952:_Rear_Platform_Remarks.json",1250,28,10,22.4,8.0,0.7368,Other,False,spoken_era
Harry S. Truman,1953-01-15,1953,"January 15, 1953: Farewell Address",https://millercenter.org/the-presidency/presidential-speeches/january-15-1953-farewell-address,"Harry_S._Truman_1953-01-15T13:00:00-05:00_January_15,_1953:_Farewell_Address.json",3731,143,98,38.33,26.27,0.5934,Farewell Address,False,spoken_era
Herbert Hoover,1928-10-22,1928,"October 22, 1928: Principles and Ideals of the United States Government",https://millercenter.org/the-presidency/presidential-speeches/october-22-1928-principles-and-ideals-united-states-government,"Herbert_Hoover_1928-10-22T13:00:00-05:00_October_22,_1928:_Principles_and_Ideals_of_the_United_States_Government.json",6173,53,190,8.59,30.78,0.2181,Other,False,spoken_era
Herbert Hoover,1929-03-04,1929,"March 4, 1929: Inaugural Address",https://millercenter.org/the-presidency/presidential-speeches/march-4-1929-inaugural-address,"Herbert_Hoover_1929-03-04T01:00:00-05:00_March_4,_1929:_Inaugural_Address.json",3762,29,125,7.71,33.23,0.1883,Inaugural Address,False,spoken_era
Herbert Hoover,1929-06-11,1929,"June 11, 1929: Message Regarding the Farm Bill",https://millercenter.org/the-presidency/presidential-speeches/june-11-1929-message-regarding-farm-bill,"Herbert_Hoover_1929-06-11T11:21:00-04:00_June_11,_1929:_Message_Regarding_the_Farm_Bill.json",368,2,2,5.43,5.43,0.5,Other,False,spoken_era
Herbert Hoover,1929-07-24,1929,"July 24, 1929: Address on Kellogg-Briand Pact",https://millercenter.org/the-presidency/presidential-speeches/july-24-1929-address-kellogg-briand-pact,"Herbert_Hoover_1929-07-24T11:28:00-04:00_July_24,_1929:_Address_on_Kellogg-Briand_Pact.json",1092,11,8,10.07,7.33,0.5789,Other,False,spoken_era
Herbert Hoover,1929-07-24,1929,"July 24, 1929: Remarks Upon Proclaiming the Treaty for the Renunciation of War (Kellog-Briand Pact)",https://millercenter.org/the-presidency/presidential-speeches/july-24-1929-remarks-upon-proclaiming-treaty-renunciation-war,"Herbert_Hoover_1929-07-24T13:00:00-04:00_July_24,_1929:_Remarks_Upon_Proclaiming_the_Treaty_for_the_Renunciation_of_War_(Kellog-Briand_Pact).json",1092,11,8,10.07,7.33,0.5789,Other,False,spoken_era
Herbert Hoover,1929-09-18,1929,"September 18, 1929: Message Regarding International Peace",https://millercenter.org/the-presidency/presidential-speeches/september-18-1929-message-regarding-international-peace,"Herbert_Hoover_1929-09-18T11:29:00-04:00_September_18,_1929:_Message_Regarding_International_Peace.json",633,5,17,7.9,26.86,0.2273,Other,False,spoken_era
Herbert Hoover,1929-10-25,1929,"October 25, 1929: Message Regarding “Black Thursday”",https://millercenter.org/the-presidency/presidential-speeches/october-25-1929-message-regarding-black-thursday,"Herbert_Hoover_1929-10-25T11:30:00-05:00_October_25,_1929:_Message_Regarding_“Black_Thursday”.json",206,0,0,0.0,0.0,,Other,False,spoken_era
Herbert Hoover,1929-11-05,1929,"November 5, 1929: Message on the Economy",https://millercenter.org/the-presidency/presidential-speeches/november-5-1929-message-economy,"Herbert_Hoover_1929-11-05T11:32:00-05:00_November_5,_1929:_Message_on_the_Economy.json",989,5,8,5.06,8.09,0.3846,Other,False,spoken_era
Herbert Hoover,1929-11-19,1929,"November 19, 1929: Statement on the Economy",https://millercenter.org/the-presidency/presidential-speeches/november-19-1929-statement-economy,"Herbert_Hoover_1929-11-19T11:34:00-05:00_November_19,_1929:_Statement_on_the_Economy.json",590,7,7,11.86,11.86,0.5,Other,False,spoken_era
Herbert Hoover,1929-12-03,1929,"December 3, 1929: First State of the Union Address",https://millercenter.org/the-presidency/presidential-speeches/december-3-1929-first-state-union-address,"Herbert_Hoover_1929-12-03T11:36:00-05:00_December_3,_1929:_First_State_of_the_Union_Address.json",10885,68,145,6.25,13.32,0.3192,State of the Union,True,spoken_era
Herbert Hoover,1930-03-07,1930,"March 7, 1930: Statement Regarding Business and Unemployment",https://millercenter.org/the-presidency/presidential-speeches/march-7-1930-statement-regarding-business-and-unemployment,"Herbert_Hoover_1930-03-07T11:39:00-05:00_March_7,_1930:_Statement_Regarding_Business_and_Unemployment.json",385,0,0,0.0,0.0,,Other,False,spoken_era
Herbert Hoover,1930-04-28,1930,"April 28, 1930: Message Regarding Law Enforcement",https://millercenter.org/the-presidency/presidential-speeches/april-28-1930-message-regarding-law-enforcement,"Herbert_Hoover_1930-04-28T11:41:00-04:00_April_28,_1930:_Message_Regarding_Law_Enforcement.json",598,6,10,10.03,16.72,0.375,Other,False,spoken_era
Herbert Hoover,1930-06-16,1930,"June 16, 1930: Message regarding the Smoot-Hawley Tariff Act",https://millercenter.org/the-presidency/presidential-speeches/june-16-1930-message-regarding-smoot-hawley-tariff-act,"Herbert_Hoover_1930-06-16T11:42:00-04:00_June_16,_1930:_Message_regarding_the_Smoot-Hawley_Tariff_Act.json",1622,12,5,7.4,3.08,0.7059,Other,False,spoken_era
Herbert Hoover,1930-07-07,1930,"July 7, 1930: Message Regarding London Naval Treaty",https://millercenter.org/the-presidency/presidential-speeches/july-7-1930-message-regarding-london-naval-treaty,"Herbert_Hoover_1930-07-07T11:45:00-04:00_July_7,_1930:_Message_Regarding_London_Naval_Treaty.json",2085,4,42,1.92,20.14,0.087,Other,False,spoken_era
Herbert Hoover,1930-10-02,1930,"October 2, 1930: Address to the American Bankers’ Association.",https://millercenter.org/the-presidency/presidential-speeches/october-2-1930-address-american-bankers-association,"Herbert_Hoover_1930-10-02T11:46:00-05:00_October_2,_1930:_Address_to_the_American_Bankers’_Association..json",3705,26,101,7.02,27.26,0.2047,Other,False,spoken_era
Herbert Hoover,1930-12-02,1930,"December 2, 1930: Second State of the Union address.",https://millercenter.org/the-presidency/presidential-speeches/december-2-1930-second-state-union-address,"Herbert_Hoover_1930-12-02T11:47:00-05:00_December_2,_1930:_Second_State_of_the_Union_address..json",4474,32,51,7.15,11.4,0.3855,State of the Union,True,spoken_era
Herbert Hoover,1930-12-09,1930,"December 9, 1930: Message Regarding Unemployment Relief",https://millercenter.org/the-presidency/presidential-speeches/december-9-1930-message-regarding-unemployment-relief,"Herbert_Hoover_1930-12-09T11:49:00-05:00_December_9,_1930:_Message_Regarding_Unemployment_Relief.json",309,3,0,9.71,0.0,1.0,Other,False,spoken_era
Herbert Hoover,1931-02-03,1931,"February 3, 1931: Statement on Unemployment Relief",https://millercenter.org/the-presidency/presidential-speeches/february-3-1931-statement-unemployment-relief,"Herbert_Hoover_1931-02-03T11:53:00-05:00_February_3,_1931:_Statement_on_Unemployment_Relief.json",1467,24,14,16.36,9.54,0.6316,Other,False,spoken_era
Herbert Hoover,1931-02-26,1931,"February 26, 1931: Veto Messages Regarding Emergency Adjusted Compensation Act",https://millercenter.org/the-presidency/presidential-speeches/february-26-1931-veto-messages-regarding-emergency-adjusted,"Herbert_Hoover_1931-02-26T11:57:00-05:00_February_26,_1931:_Veto_Messages_Regarding_Emergency_Adjusted_Compensation_Act.json",2200,8,33,3.64,15.0,0.1951,Other,False,spoken_era
Herbert Hoover,1931-06-21,1931,"June 21, 1931: Statement on Foreign Debts",https://millercenter.org/the-presidency/presidential-speeches/june-21-1931-statement-foreign-debts,"Herbert_Hoover_1931-06-21T11:58:00-04:00_June_21,_1931:_Statement_on_Foreign_Debts.json",864,7,24,8.1,27.78,0.2258,Other,False,spoken_era
Herbert Hoover,1931-09-22,1931,"September 22, 1931: Message on the Gold Standard",https://millercenter.org/the-presidency/presidential-speeches/september-22-1931-message-gold-standard,"Herbert_Hoover_1931-09-22T12:00:00-04:00_September_22,_1931:_Message_on_the_Gold_Standard.json",955,7,12,7.33,12.57,0.3684,Other,False,spoken_era
Herbert Hoover,1931-10-18,1931,"October 18, 1931: Message Regarding Unemployment Relief",https://millercenter.org/the-presidency/presidential-speeches/october-18-1931-message-regarding-unemployment-relief,"Herbert_Hoover_1931-10-18T12:03:00-05:00_October_18,_1931:_Message_Regarding_Unemployment_Relief.json",1389,12,46,8.64,33.12,0.2069,Other,False,spoken_era
Herbert Hoover,1931-12-08,1931,"December 8, 1931: Third State of the Union Address",https://millercenter.org/the-presidency/presidential-speeches/december-8-1931-third-state-union-address,"Herbert_Hoover_1931-12-08T12:04:00-05:00_December_8,_1931:_Third_State_of_the_Union_Address.json",5653,42,116,7.43,20.52,0.2658,State of the Union,True,spoken_era
Herbert Hoover,1931-12-11,1931,"December 11, 1931: Statement Regarding Economic Recovery",https://millercenter.org/the-presidency/presidential-speeches/december-11-1931-statement-regarding-economic-recovery,"Herbert_Hoover_1931-12-11T12:05:00-05:00_December_11,_1931:_Statement_Regarding_Economic_Recovery.json",809,5,12,6.18,14.83,0.2941,Other,False,spoken_era
Herbert Hoover,1932-05-31,1932,"May 31, 1932: Statement on the National Economy",https://millercenter.org/the-presidency/presidential-speeches/may-31-1932-statement-national-economy,"Herbert_Hoover_1932-05-31T12:07:00-04:00_May_31,_1932:_Statement_on_the_National_Economy.json",2538,29,50,11.43,19.7,0.3671,Other,False,spoken_era
Herbert Hoover,1932-08-11,1932,"August 11, 1932: Speech Accepting the Republican Nomination",https://millercenter.org/the-presidency/presidential-speeches/august-11-1932-speech-accepting-republican-nomination,"Herbert_Hoover_1932-08-11T12:09:00-04:00_August_11,_1932:_Speech_Accepting_the_Republican_Nomination.json",7225,108,217,14.95,30.03,0.3323,Other,False,spoken_era
Herbert Hoover,1932-10-21,1932,"October 21, 1932: Campaign Speech in Madison Square Garden",https://millercenter.org/the-presidency/presidential-speeches/october-21-1932-campaign-speech-madison-square-garden,"Herbert_Hoover_1932-10-21T12:10:00-05:00_October_21,_1932:_Campaign_Speech_in_Madison_Square_Garden.json",6564,68,194,10.36,29.56,0.2595,Other,False,spoken_era
Herbert Hoover,1932-10-28,1932,"October 28, 1932: Campaign speech in Indianapolis, Indiana.",https://millercenter.org/the-presidency/presidential-speeches/october-28-1932-campaign-speech-indianapolis-indiana,"Herbert_Hoover_1932-10-28T12:12:00-05:00_October_28,_1932:_Campaign_speech_in_Indianapolis,_Indiana..json",8606,181,99,21.03,11.5,0.6464,Other,False,spoken_era
Herbert Hoover,1932-11-05,1932,"November 5, 1932: Campaign speech in St Paul Minnesota",https://millercenter.org/the-presidency/presidential-speeches/november-5-1932-campaign-speech-st-paul-minnesota,"Herbert_Hoover_1932-11-05T12:13:00-05:00_November_5,_1932:_Campaign_speech_in_St_Paul_Minnesota.json",7891,109,155,13.81,19.64,0.4129,Other,False,spoken_era
Herbert Hoover,1932-12-06,1932,"December 6, 1932: Fourth State of the Union Address",https://millercenter.org/the-presidency/presidential-speeches/december-6-1932-fourth-state-union-address,"Herbert_Hoover_1932-12-06T12:15:00-05:00_December_6,_1932:_Fourth_State_of_the_Union_Address.json",4064,30,65,7.38,15.99,0.3158,State of the Union,True,spoken_era
James A. Garfield,1881-03-04,1881,"March 4, 1881: Inaugural Address",https://millercenter.org/the-presidency/presidential-speeches/march-4-1881-inaugural-address,"James_A._Garfield_1881-03-04T13:03:58-04:56_March_4,_1881:_Inaugural_Address.json",2979,19,52,6.38,17.46,0.2676,Inaugural Address,False,written_era
James Buchanan,1857-03-04,1857,"March 4, 1857: Inaugural Address",https://millercenter.org/the-presidency/presidential-speeches/march-4-1857-inaugural-address,"James_Buchanan_1857-03-04T13:03:58-04:56_March_4,_1857:_Inaugural_Address.json",2649,24,45,9.06,16.99,0.3478,Inaugural Address,False,written_era
James Buchanan,1857-12-08,1857,"December 8, 1857: First Annual Message",https://millercenter.org/the-presidency/presidential-speeches/december-8-1857-first-annual-message,"James_Buchanan_1857-12-08T13:03:58-04:56_December_8,_1857:_First_Annual_Message.json",13571,85,165,6.26,12.16,0.34,Annual Message,True,written_era
James Buchanan,1858-02-02,1858,"February 2, 1858: Message to Congress Transmitting the Constitution of Kansas",https://millercenter.org/the-presidency/presidential-speeches/february-2-1858-message-congress-transmitting-constitution,"James_Buchanan_1858-02-02T13:27:58-04:56_February_2,_1858:_Message_to_Congress_Transmitting_the_Constitution_of_Kansas.json",6658,51,18,7.66,2.7,0.7391,Address to Congress,False,written_era
James Buchanan,1858-12-06,1858,"December 6, 1858: Second Annual Message",https://millercenter.org/the-presidency/presidential-speeches/december-6-1858-second-annual-message,"James_Buchanan_1858-12-06T13:03:58-04:56_December_6,_1858:_Second_Annual_Message.json",16261,123,166,7.56,10.21,0.4256,Annual Message,True,written_era
James Buchanan,1859-02-18,1859,"February 18, 1859: Special Message Regarding Transit Across Central America",https://millercenter.org/the-presidency/presidential-speeches/february-18-1859-special-message-regarding-transit-across,"James_Buchanan_1859-02-18T13:31:58-04:56_February_18,_1859:_Special_Message_Regarding_Transit_Across_Central_America.json",1129,11,10,9.74,8.86,0.5238,Other,False,written_era
James Buchanan,1859-02-24,1859,"February 24, 1859: Veto Message Regarding Land-Grant Colleges",https://millercenter.org/the-presidency/presidential-speeches/february-24-1859-veto-message-regarding-land-grant-colleges,"James_Buchanan_1859-02-24T13:33:58-04:56_February_24,_1859:_Veto_Message_Regarding_Land-Grant_Colleges.json",3721,13,16,3.49,4.3,0.4483,Other,False,written_era
James Buchanan,1859-12-19,1859,"December 19, 1859: Third Annual Message",https://millercenter.org/the-presidency/presidential-speeches/december-19-1859-third-annual-message,"James_Buchanan_1859-12-19T13:03:58-04:56_December_19,_1859:_Third_Annual_Message.json",12247,99,109,8.08,8.9,0.476,Annual Message,True,written_era
James Buchanan,1860-03-28,1860,"March 28, 1860: Protest of Congressional Investigations",https://millercenter.org/the-presidency/presidential-speeches/march-28-1860-protest-congressional-investigations,"James_Buchanan_1860-03-28T13:34:58-04:56_March_28,_1860:_Protest_of_Congressional_Investigations.json",2410,49,0,20.33,0.0,1.0,Other,False,written_era
James Buchanan,1860-05-19,1860,"May 19, 1860: Message on the Capture of the Wildfire",https://millercenter.org/the-presidency/presidential-speeches/may-19-1860-message-capture-wildfire,"James_Buchanan_1860-05-19T13:35:58-04:56_May_19,_1860:_Message_on_the_Capture_of_the_Wildfire.json",1407,11,2,7.82,1.42,0.8462,Other,False,written_era
James Buchanan,1860-06-22,1860,"June 22, 1860: Addendum to March 28 Message to Congress",https://millercenter.org/the-presidency/presidential-speeches/june-22-1860-addendum-march-28-message-congress,"James_Buchanan_1860-06-22T13:37:58-04:56_June_22,_1860:_Addendum_to_March_28_Message_to_Congress.json",3299,52,8,15.76,2.42,0.8667,Address to Congress,False,written_era
James Buchanan,1860-12-03,1860,"December 3, 1860: Fourth Annual Message",https://millercenter.org/the-presidency/presidential-speeches/december-3-1860-fourth-annual-message,"James_Buchanan_1860-12-03T13:03:58-04:56_December_3,_1860:_Fourth_Annual_Message.json",13986,109,128,7.79,9.15,0.4599,Annual Message,True,written_era
James Buchanan,1861-01-08,1861,"January 8, 1861: Message on Threats to the Peace and Existence of the Union",https://millercenter.org/the-presidency/presidential-speeches/january-8-1861-message-threats-peace-and-existence-union,"James_Buchanan_1861-01-08T13:38:58-04:56_January_8,_1861:_Message_on_Threats_to_the_Peace_and_Existence_of_the_Union.json",1999,42,17,21.01,8.5,0.7119,Other,False,written_era
James Buchanan,1861-01-28,1861,"January 28, 1861: Message on Resolutions of Virginia",https://millercenter.org/the-presidency/presidential-speeches/january-28-1861-message-resolutions-virginia,"James_Buchanan_1861-01-28T11:00:58-04:56_January_28,_1861:_Message_on_Resolutions_of_Virginia.json",755,15,1,19.87,1.32,0.9375,Other,False,written_era
James Buchanan,1861-03-01,1861,"March 1, 1861: Message Regarding the Presence of Troops in Washington, DC",https://millercenter.org/the-presidency/presidential-speeches/march-1-1861-message-regarding-presence-troops-washington-dc,"James_Buchanan_1861-03-01T13:39:58-04:56_March_1,_1861:_Message_Regarding_the_Presence_of_Troops_in_Washington,_DC.json",580,7,1,12.07,1.72,0.875,Other,False,written_era
James K. Polk,1845-03-04,1845,"March 4, 1845: Inaugural Address",https://millercenter.org/the-presidency/presidential-speeches/march-4-1845-inaugural-address,"James_K._Polk_1845-03-04T13:03:58-04:56_March_4,_1845:_Inaugural_Address.json",4807,51,116,10.61,24.13,0.3054,Inaugural Address,False,written_era
James K. Polk,1845-12-02,1845,"December 2, 1845: First Annual Message",https://millercenter.org/the-presidency/presidential-speeches/december-2-1845-first-annual-message,"James_K._Polk_1845-12-02T10:42:58-04:56_December_2,_1845:_First_Annual_Message.json",16021,87,189,5.43,11.8,0.3152,Annual Message,True,written_era
James K. Polk,1846-03-24,1846,"March 24, 1846: Message Regarding Increase in Military Force",https://millercenter.org/the-presidency/presidential-speeches/march-24-1846-message-regarding-increase-military-force,"James_K._Polk_1846-03-24T10:44:58-04:56_March_24,_1846:_Message_Regarding_Increase_in_Military_Force.json",946,17,20,17.97,21.14,0.4595,Other,False,written_era
James K. Polk,1846-04-13,1846,"April 13, 1846: Message Regarding Cherokee Indians",https://millercenter.org/the-presidency/presidential-speeches/april-13-1846-message-regarding-cherokee-indians,"James_K._Polk_1846-04-13T10:46:58-04:56_April_13,_1846:_Message_Regarding_Cherokee_Indians.json",982,8,0,8.15,0.0,1.0,Other,False,written_era
James K. Polk,1846-05-11,1846,"May 11, 1846: War Message to Congress",https://millercenter.org/the-presidency/presidential-speeches/may-11-1846-war-message-congress,"James_K._Polk_1846-05-11T10:48:58-04:56_May_11,_1846:_War_Message_to_Congress.json",2969,23,56,7.75,18.86,0.2911,Address to Congress,False,written_era
James K. Polk,1846-05-13,1846,"May 13, 1846: Announcement of War with Mexico",https://millercenter.org/the-presidency/presidential-speeches/may-13-1846-announcement-war-mexico,"James_K._Polk_1846-05-13T10:49:58-04:56_May_13,_1846:_Announcement_of_War_with_Mexico.json",268,5,0,18.66,0.0,1.0,Other,False,written_era
James K. Polk,1846-06-10,1846,"June 10, 1846: Message to Senate Regarding Oregon",https://millercenter.org/the-presidency/presidential-speeches/june-10-1846-message-senate-regarding-oregon,"James_K._Polk_1846-06-10T10:51:58-04:56_June_10,_1846:_Message_to_Senate_Regarding_Oregon.json",632,14,1,22.15,1.58,0.9333,Other,False,written_era
James K. Polk,1846-08-03,1846,"August 3, 1846: Veto Message Regarding Funding Internal Improvements",https://millercenter.org/the-presidency/presidential-speeches/august-3-1846-veto-message-regarding-funding-internal,"James_K._Polk_1846-08-03T10:54:58-04:56_August_3,_1846:_Veto_Message_Regarding_Funding_Internal_Improvements.json",2945,23,26,7.81,8.83,0.4694,Other,False,written_era
James K. Polk,1846-08-05,1846,"August 5, 1846: Message Requesting the Creation of an Oregon Territory",https://millercenter.org/the-presidency/presidential-speeches/august-5-1846-message-requesting-creation-oregon-territory,"James_K._Polk_1846-08-05T10:52:58-04:56_August_5,_1846:_Message_Requesting_the_Creation_of_an_Oregon_Territory.json",344,3,7,8.72,20.35,0.3,Other,False,written_era
James K. Polk,1846-08-07,1846,"August 7, 1846: Message Regarding Treaty with Cherokees",https://millercenter.org/the-presidency/presidential-speeches/august-7-1846-message-regarding-treaty-cherokees,"James_K._Polk_1846-08-07T10:59:58-04:56_August_7,_1846:_Message_Regarding_Treaty_with_Cherokees.json",680,20,2,29.41,2.94,0.9091,Other,False,written_era
James K. Polk,1846-08-08,1846,"August 8, 1846: Message Regarding Settlement with Mexico",https://millercenter.org/the-presidency/presidential-speeches/august-8-1846-message-regarding-settlement-mexico,"James_K._Polk_1846-08-08T11:08:58-04:56_August_8,_1846:_Message_Regarding_Settlement_with_Mexico.json",496,9,4,18.15,8.06,0.6923,Other,False,written_era
James K. Polk,1846-12-08,1846,"December 8, 1846: Second Annual Message to Congress",https://millercenter.org/the-presidency/presidential-speeches/december-8-1846-second-annual-message-congress,"James_K._Polk_1846-12-08T11:10:58-04:56_December_8,_1846:_Second_Annual_Message_to_Congress.json",18130,60,228,3.31,12.58,0.2083,Annual Message,True,written_era
James K. Polk,1846-12-29,1846,"December 29, 1846: Request to Increase the Size of the Army",https://millercenter.org/the-presidency/presidential-speeches/december-29-1846-request-increase-size-army,"James_K._Polk_1846-12-29T11:12:58-04:56_December_29,_1846:_Request_to_Increase_the_Size_of_the_Army.json",497,2,5,4.02,10.06,0.2857,Other,False,written_era
James K. Polk,1847-02-13,1847,"February 13, 1847: Message Regarding the War with Mexico",https://millercenter.org/the-presidency/presidential-speeches/february-13-1847-message-regarding-war-mexico,"James_K._Polk_1847-02-13T11:14:58-04:56_February_13,_1847:_Message_Regarding_the_War_with_Mexico.json",1792,23,14,12.83,7.81,0.6216,Other,False,written_era
James K. Polk,1847-12-07,1847,"December 7, 1847: Third Annual Message",https://millercenter.org/the-presidency/presidential-speeches/december-7-1847-third-annual-message,"James_K._Polk_1847-12-07T11:16:58-04:56_December_7,_1847:_Third_Annual_Message.json",16332,68,268,4.16,16.41,0.2024,Annual Message,True,written_era
James K. Polk,1848-02-22,1848,"February 22, 1848: Message Regarding Treaty Of Guadelupe Hidalgo",https://millercenter.org/the-presidency/presidential-speeches/february-22-1848-message-regarding-treaty-guadelupe-hidalgo,"James_K._Polk_1848-02-22T11:19:58-04:56_February_22,_1848:_Message_Regarding_Treaty_Of_Guadelupe_Hidalgo.json",620,12,4,19.35,6.45,0.75,Other,False,written_era
James K. Polk,1848-04-03,1848,"April 3, 1848: Message Regarding Establishment Of The French Republic",https://millercenter.org/the-presidency/presidential-speeches/april-3-1848-message-regarding-establishment-french-republic,"James_K._Polk_1848-04-03T11:20:58-04:56_April_3,_1848:_Message_Regarding_Establishment_Of_The_French_Republic.json",493,2,10,4.06,20.28,0.1667,Other,False,written_era
James K. Polk,1848-05-29,1848,"May 29, 1848: Message Regarding the Oregon Territory",https://millercenter.org/the-presidency/presidential-speeches/may-29-1848-message-regarding-oregon-territory,"James_K._Polk_1848-05-29T11:23:58-04:56_May_29,_1848:_Message_Regarding_the_Oregon_Territory.json",714,8,6,11.2,8.4,0.5714,Other,False,written_era
James K. Polk,1848-07-04,1848,"July 4, 1848: Announcement of Peace Treaty with Mexico",https://millercenter.org/the-presidency/presidential-speeches/july-4-1848-announcement-peace-treaty-mexico,"James_K._Polk_1848-07-04T11:25:58-04:56_July_4,_1848:_Announcement_of_Peace_Treaty_with_Mexico.json",239,3,0,12.55,0.0,1.0,Other,False,written_era
James K. Polk,1848-07-06,1848,"July 6, 1848: Message Regarding the Treaty of Guadalupe Hidalgo",https://millercenter.org/the-presidency/presidential-speeches/july-6-1848-message-regarding-treaty-guadalupe-hidalgo,"James_K._Polk_1848-07-06T11:27:58-04:56_July_6,_1848:_Message_Regarding_the_Treaty_of_Guadalupe_Hidalgo.json",2994,7,51,2.34,17.03,0.1207,Other,False,written_era
James K. Polk,1848-08-01,1848,"August 1, 1848: Message Regarding Size of the Army",https://millercenter.org/the-presidency/presidential-speeches/august-1-1848-message-regarding-size-army,"James_K._Polk_1848-08-01T11:29:58-04:56_August_1,_1848:_Message_Regarding_Size_of_the_Army.json",491,4,2,8.15,4.07,0.6667,Other,False,written_era
James K. Polk,1848-08-14,1848,"August 14, 1848: Message Regarding Slavery in the Territories",https://millercenter.org/the-presidency/presidential-speeches/august-14-1848-message-regarding-slavery-territories,"James_K._Polk_1848-08-14T11:32:58-04:56_August_14,_1848:_Message_Regarding_Slavery_in_the_Territories.json",2117,16,31,7.56,14.64,0.3404,Other,False,written_era
James K. Polk,1848-12-05,1848,"December 5, 1848: Fourth Annual Message to Congress",https://millercenter.org/the-presidency/presidential-speeches/december-5-1848-fourth-annual-message-congress,"James_K._Polk_1848-12-05T11:33:58-04:56_December_5,_1848:_Fourth_Annual_Message_to_Congress.json",21235,62,242,2.92,11.4,0.2039,Annual Message,True,written_era
James K. Polk,1849-01-02,1849,"January 2, 1849: Message Regarding War-time Measures",https://millercenter.org/the-presidency/presidential-speeches/january-2-1849-message-regarding-war-time-measures,"James_K._Polk_1849-01-02T11:35:58-04:56_January_2,_1849:_Message_Regarding_War-time_Measures.json",3324,11,47,3.31,14.14,0.1897,Other,False,written_era
James K. Polk,1849-02-08,1849,"February 8, 1849: Message Regarding the Treaty of Guadalupe Hidalgo",https://millercenter.org/the-presidency/presidential-speeches/february-8-1849-message-regarding-treaty-guadalupe-hidalgo,"James_K._Polk_1849-02-08T11:38:58-04:56_February_8,_1849:_Message_Regarding_the_Treaty_of_Guadalupe_Hidalgo.json",4119,26,19,6.31,4.61,0.5778,Other,False,written_era
James Madison,1809-03-04,1809,"March 4, 1809: First Inaugural Address",https://millercenter.org/the-presidency/presidential-speeches/march-4-1809-first-inaugural-address,"James_Madison_1809-03-04T13:03:58-04:56_March_4,_1809:_First_Inaugural_Address.json",1177,32,14,27.19,11.89,0.6957,Inaugural Address,False,written_era
James Madison,1809-11-29,1809,"November 29, 1809: First Annual Message",https://millercenter.org/the-presidency/presidential-speeches/november-29-1809-first-annual-message,"James_Madison_1809-11-29T13:03:58-04:56_November_29,_1809:_First_Annual_Message.json",1832,8,34,4.37,18.56,0.1905,Annual Message,True,written_era
James Madison,1810-10-27,1810,"October 27, 1810: Proclamation-- Occupation of West Florida",https://millercenter.org/the-presidency/presidential-speeches/october-27-1810-proclamation-occupation-west-florida,"James_Madison_1810-10-27T13:03:58-04:56_October_27,_1810:_Proclamation--_Occupation_of_West_Florida.json",622,3,2,4.82,3.22,0.6,Other,False,written_era
James Madison,1810-12-05,1810,"December 5, 1810: Second Annual Message",https://millercenter.org/the-presidency/presidential-speeches/december-5-1810-second-annual-message,"James_Madison_1810-12-05T13:03:58-04:56_December_5,_1810:_Second_Annual_Message.json",2442,10,23,4.1,9.42,0.303,Annual Message,True,written_era
James Madison,1811-02-21,1811,"February 21, 1811: Veto Act on Incorporating the Alexandria Protestant Episcopal Church",https://millercenter.org/the-presidency/presidential-speeches/february-21-1811-veto-act-incorporating-alexandria-protestant,"James_Madison_1811-02-21T13:03:58-04:56_February_21,_1811:_Veto_Act_on_Incorporating_the_Alexandria_Protestant_Episcopal_Church.json",335,1,0,2.99,0.0,1.0,Other,False,written_era
James Madison,1811-11-05,1811,"November 5, 1811: Third Annual Message",https://millercenter.org/the-presidency/presidential-speeches/november-5-1811-third-annual-message,"James_Madison_1811-11-05T13:03:58-04:56_November_5,_1811:_Third_Annual_Message.json",2270,9,49,3.96,21.59,0.1552,Annual Message,True,written_era
James Madison,1812-06-01,1812,"June 1, 1812: Special Message to Congress on the Foreign Policy Crisis -- War Message",https://millercenter.org/the-presidency/presidential-speeches/june-1-1812-special-message-congress-foreign-policy-crisis-war,"James_Madison_1812-06-01T13:03:58-04:56_June_1,_1812:_Special_Message_to_Congress_on_the_Foreign_Policy_Crisis_--_War_Message.json",2848,4,34,1.4,11.94,0.1053,Address to Congress,False,written_era
James Madison,1812-06-19,1812,"June 19, 1812: Proclamation of a State of War with Great Britain",https://millercenter.org/the-presidency/presidential-speeches/june-19-1812-proclamation-state-war-great-britain,"James_Madison_1812-06-19T13:03:58-04:56_June_19,_1812:_Proclamation_of_a_State_of_War_with_Great_Britain.json",288,5,0,17.36,0.0,1.0,Other,False,written_era
James Madison,1812-07-09,1812,"July 9, 1812: Proclamation of Day of Fasting and Prayer",https://millercenter.org/the-presidency/presidential-speeches/july-9-1812-proclamation-day-fasting-and-prayer,"James_Madison_1812-07-09T13:03:58-04:56_July_9,_1812:_Proclamation_of_Day_of_Fasting_and_Prayer.json",310,1,3,3.23,9.68,0.25,Other,False,written_era
James Madison,1812-11-04,1812,"November 4, 1812: Fourth Annual Message",https://millercenter.org/the-presidency/presidential-speeches/november-4-1812-fourth-annual-message,"James_Madison_1812-11-04T13:03:58-04:56_November_4,_1812:_Fourth_Annual_Message.json",3248,6,42,1.85,12.93,0.125,Annual Message,True,written_era
James Madison,1813-03-04,1813,"March 4, 1813: Second Inaugural Address",https://millercenter.org/the-presidency/presidential-speeches/march-4-1813-second-inaugural-address,"James_Madison_1813-03-04T13:03:58-04:56_March_4,_1813:_Second_Inaugural_Address.json",1211,10,27,8.26,22.3,0.2703,Inaugural Address,False,written_era
James Madison,1813-05-25,1813,"May 25, 1813: Message on the Special Congressional Session -- State of War and Diplomacy",https://millercenter.org/the-presidency/presidential-speeches/may-25-1813-message-special-congressional-session-state-war,"James_Madison_1813-05-25T13:03:58-04:56_May_25,_1813:_Message_on_the_Special_Congressional_Session_--_State_of_War_and_Diplomacy.json",2072,3,16,1.45,7.72,0.1579,Other,False,written_era
James Madison,1813-07-23,1813,"July 23, 1813: Proclamation on Day of Public Humiliation and Prayer",https://millercenter.org/the-presidency/presidential-speeches/july-23-1813-proclamation-day-public-humiliation-and-prayer,"James_Madison_1813-07-23T13:03:58-04:56_July_23,_1813:_Proclamation_on_Day_of_Public_Humiliation_and_Prayer.json",798,2,12,2.51,15.04,0.1429,Other,False,written_era
James Madison,1813-12-07,1813,"December 7, 1813: Fifth Annual Message",https://millercenter.org/the-presidency/presidential-speeches/december-7-1813-fifth-annual-message,"James_Madison_1813-12-07T13:03:58-04:56_December_7,_1813:_Fifth_Annual_Message.json",3257,3,47,0.92,14.43,0.06,Annual Message,True,written_era
James Madison,1814-09-01,1814,"September 1, 1814: Proclamation upon British Depredations, Burning of the Capitol",https://millercenter.org/the-presidency/presidential-speeches/september-1-1814-proclamation-upon-british-depredations,"James_Madison_1814-09-01T13:03:58-04:56_September_1,_1814:_Proclamation_upon_British_Depredations,_Burning_of_the_Capitol.json",695,6,0,8.63,0.0,1.0,Other,False,written_era
James Madison,1814-09-20,1814,"September 20, 1814: Sixth Annual Message",https://millercenter.org/the-presidency/presidential-speeches/september-20-1814-sixth-annual-message,"James_Madison_1814-09-20T13:03:58-04:56_September_20,_1814:_Sixth_Annual_Message.json",2113,2,34,0.95,16.09,0.0556,Annual Message,True,written_era
James Madison,1815-01-30,1815,"January 30, 1815: Veto Message on the National Bank",https://millercenter.org/the-presidency/presidential-speeches/january-30-1815-veto-message-national-bank,"James_Madison_1815-01-30T13:03:58-04:56_January_30,_1815:_Veto_Message_on_the_National_Bank.json",1278,7,0,5.48,0.0,1.0,Other,False,written_era
James Madison,1815-02-18,1815,"February 18, 1815: Special Message to Congress on the Treaty of Ghent",https://millercenter.org/the-presidency/presidential-speeches/february-18-1815-special-message-congress-treaty-ghent,"James_Madison_1815-02-18T13:03:58-04:56_February_18,_1815:_Special_Message_to_Congress_on_the_Treaty_of_Ghent.json",828,8,8,9.66,9.66,0.5,Address to Congress,False,written_era
James Madison,1815-12-05,1815,"December 5, 1815: Seventh Annual Message",https://millercenter.org/the-presidency/presidential-speeches/december-5-1815-seventh-annual-message,"James_Madison_1815-12-05T13:03:58-04:56_December_5,_1815:_Seventh_Annual_Message.json",3147,5,26,1.59,8.26,0.1613,Annual Message,True,written_era
James Madison,1816-12-03,1816,"December 3, 1816: Eighth Annual Message",https://millercenter.org/the-presidency/presidential-speeches/december-3-1816-eighth-annual-message,"James_Madison_1816-12-03T13:03:58-04:56_December_3,_1816:_Eighth_Annual_Message.json",3363,31,31,9.22,9.22,0.5,Annual Message,True,written_era
James Madison,1817-03-03,1817,"March 3, 1817: Veto Message on the Internal Improvements Bill",https://millercenter.org/the-presidency/presidential-speeches/march-3-1817-veto-message-internal-improvements-bill,"James_Madison_1817-03-03T13:03:58-04:56_March_3,_1817:_Veto_Message_on_the_Internal_Improvements_Bill.json",815,6,0,7.36,0.0,1.0,Other,False,written_era
James Monroe,1817-03-04,1817,"March 4, 1817: First Inaugural Address",https://millercenter.org/the-presidency/presidential-speeches/march-4-1817-first-inaugural-address,"James_Monroe_1817-03-04T13:03:58-04:56_March_4,_1817:_First_Inaugural_Address.json",3379,38,105,11.25,31.07,0.2657,Inaugural Address,False,written_era
James Monroe,1817-12-02,1817,"December 2, 1817: First Annual Message",https://millercenter.org/the-presidency/presidential-speeches/december-2-1817-first-annual-message,"James_Monroe_1817-12-02T13:03:58-04:56_December_2,_1817:_First_Annual_Message.json",4413,23,63,5.21,14.28,0.2674,Annual Message,True,written_era
James Monroe,1818-11-16,1818,"November 16, 1818: Second Annual Message",https://millercenter.org/the-presidency/presidential-speeches/november-16-1818-second-annual-message,"James_Monroe_1818-11-16T13:03:58-04:56_November_16,_1818:_Second_Annual_Message.json",4371,9,52,2.06,11.9,0.1475,Annual Message,True,written_era
James Monroe,1819-12-07,1819,"December 7, 1819: Third Annual Message",https://millercenter.org/the-presidency/presidential-speeches/december-7-1819-third-annual-message,"James_Monroe_1819-12-07T13:03:58-04:56_December_7,_1819:_Third_Annual_Message.json",4696,15,37,3.19,7.88,0.2885,Annual Message,True,written_era
James Monroe,1820-11-14,1820,"November 14, 1820: Fourth Annual Message",https://millercenter.org/the-presidency/presidential-speeches/november-14-1820-fourth-annual-message,"James_Monroe_1820-11-14T13:03:58-04:56_November_14,_1820:_Fourth_Annual_Message.json",3431,10,59,2.91,17.2,0.1449,Annual Message,True,written_era
James Monroe,1821-03-05,1821,"March 5, 1821: Second Inaugural Address",https://millercenter.org/the-presidency/presidential-speeches/march-5-1821-second-inaugural-address,"James_Monroe_1821-03-05T13:03:58-04:56_March_5,_1821:_Second_Inaugural_Address.json",4465,50,85,11.2,19.04,0.3704,Inaugural Address,False,written_era
James Monroe,1821-12-03,1821,"December 3, 1821: Fifth Annual Message",https://millercenter.org/the-presidency/presidential-speeches/december-3-1821-fifth-annual-message,"James_Monroe_1821-12-03T13:03:58-04:56_December_3,_1821:_Fifth_Annual_Message.json",5793,7,49,1.21,8.46,0.125,Annual Message,True,written_era
James Monroe,1822-12-03,1822,"December 3, 1822: Sixth Annual Message",https://millercenter.org/the-presidency/presidential-speeches/december-3-1822-sixth-annual-message,"James_Monroe_1822-12-03T13:03:58-04:56_December_3,_1822:_Sixth_Annual_Message.json",4707,30,50,6.37,10.62,0.375,Annual Message,True,written_era
James Monroe,1823-12-02,1823,"December 2, 1823: Seventh Annual Message (Monroe Doctrine)",https://millercenter.org/the-presidency/presidential-speeches/december-2-1823-seventh-annual-message-monroe-doctrine,"James_Monroe_1823-12-02T13:03:58-04:56_December_2,_1823:_Seventh_Annual_Message_(Monroe_Doctrine).json",6322,16,81,2.53,12.81,0.1649,Annual Message,True,written_era
James Monroe,1824-12-07,1824,"December 7, 1824: Eighth Annual Message",https://millercenter.org/the-presidency/presidential-speeches/december-7-1824-eighth-annual-message,"James_Monroe_1824-12-07T13:03:58-04:56_December_7,_1824:_Eighth_Annual_Message.json",8380,19,148,2.27,17.66,0.1138,Annual Message,True,written_era
Jimmy Carter,1976-09-23,1976,"September 23, 1976: Debate with President Gerald Ford (Domestic Issues)",https://millercenter.org/the-presidency/presidential-speeches/september-23-1976-debate-president-gerald-ford-domestic-issues,"Jimmy_Carter_1976-09-23T13:00:00-04:00_September_23,_1976:_Debate_with_President_Gerald_Ford_(Domestic_Issues).json",13321,255,364,19.14,27.33,0.412,Debate,False,spoken_era
Jimmy Carter,1976-10-06,1976,"October 6, 1976: Debate with President Gerald Ford (Foreign and Defense Issues)",https://millercenter.org/the-presidency/presidential-speeches/october-6-1976-debate-president-gerald-ford-foreign-and,"Jimmy_Carter_1976-10-06T13:00:00-04:00_October_6,_1976:_Debate_with_President_Gerald_Ford_(Foreign_and_Defense_Issues).json",12795,256,402,20.01,31.42,0.3891,Debate,False,spoken_era
Jimmy Carter,1976-10-22,1976,"October 22, 1976: Debate with President Gerald Ford",https://millercenter.org/the-presidency/presidential-speeches/october-22-1976-debate-president-gerald-ford,"Jimmy_Carter_1976-10-22T13:00:00-04:00_October_22,_1976:_Debate_with_President_Gerald_Ford.json",12914,402,219,31.13,16.96,0.6473,Debate,False,spoken_era
Jimmy Carter,1977-01-20,1977,"January 20, 1977: Inaugural Address",https://millercenter.org/the-presidency/presidential-speeches/january-20-1977-inaugural-address,"Jimmy_Carter_1977-01-20T13:00:00-05:00_January_20,_1977:_Inaugural_Address.json",1222,18,88,14.73,72.01,0.1698,Inaugural Address,False,spoken_era
Jimmy Carter,1977-02-02,1977,"February 2, 1977: Report to the American People on Energy",https://millercenter.org/the-presidency/presidential-speeches/february-2-1977-report-american-people-energy,"Jimmy_Carter_1977-02-02T13:00:00-05:00_February_2,_1977:_Report_to_the_American_People_on_Energy.json",3492,98,147,28.06,42.1,0.4,Other,False,spoken_era
Jimmy Carter,1977-03-09,1977,"March 9, 1977: Remarks at President Carter's Press Conference",https://millercenter.org/the-presidency/presidential-speeches/march-9-1977-remarks-president-carters-press-conference,"Jimmy_Carter_1977-03-09T13:00:00-05:00_March_9,_1977:_Remarks_at_President_Carter's_Press_Conference.json",4855,166,74,34.19,15.24,0.6917,Press/News Conference,False,spoken_era
Jimmy Carter,1977-04-18,1977,"April 18, 1977: Address to the Nation on Energy",https://millercenter.org/the-presidency/presidential-speeches/april-18-1977-address-nation-energy,"Jimmy_Carter_1977-04-18T13:00:00-05:00_April_18,_1977:_Address_to_the_Nation_on_Energy.json",2600,17,170,6.54,65.38,0.0909,Other,False,spoken_era
Jimmy Carter,1977-05-22,1977,"May 22, 1977: University of Notre Dame Commencement",https://millercenter.org/the-presidency/presidential-speeches/may-22-1977-university-notre-dame-commencement,"Jimmy_Carter_1977-05-22T13:00:00-04:00_May_22,_1977:_University_of_Notre_Dame_Commencement.json",3193,42,162,13.15,50.74,0.2059,Other,False,spoken_era
Jimmy Carter,1977-09-07,1977,"September 7, 1977: Statement on the Panama Canal Treaty Signing",https://millercenter.org/the-presidency/presidential-speeches/september-7-1977-statement-panama-canal-treaty-signing,"Jimmy_Carter_1977-09-07T13:00:00-04:00_September_7,_1977:_Statement_on_the_Panama_Canal_Treaty_Signing.json",687,7,18,10.19,26.2,0.28,Other,False,spoken_era
Jimmy Carter,1977-11-08,1977,"November 8, 1977: Address to the Nation on Energy",https://millercenter.org/the-presidency/presidential-speeches/november-8-1977-address-nation-energy,"Jimmy_Carter_1977-11-08T13:00:00-05:00_November_8,_1977:_Address_to_the_Nation_on_Energy.json",2450,33,101,13.47,41.22,0.2463,Other,False,spoken_era
Jimmy Carter,1978-01-19,1978,"January 19, 1978: State of the Union Address",https://millercenter.org/the-presidency/presidential-speeches/january-19-1978-state-union-address,"Jimmy_Carter_1978-01-19T13:00:00-05:00_January_19,_1978:_State_of_the_Union_Address.json",4579,58,234,12.67,51.1,0.1986,State of the Union,True,spoken_era
Jimmy Carter,1978-09-17,1978,"September 17, 1978: President Carter's Remarks on Joint Statement at Camp David Summit",https://millercenter.org/the-presidency/presidential-speeches/september-17-1978-president-carters-remarks-joint-statement,"Jimmy_Carter_1978-09-17T13:00:00-04:00_September_17,_1978:_President_Carter's_Remarks_on_Joint_Statement_at_Camp_David_Summit.json",746,6,9,8.04,12.06,0.4,Other,False,spoken_era
Jimmy Carter,1978-10-24,1978,"October 24, 1978: Anti-Inflation Program Speech",https://millercenter.org/the-presidency/presidential-speeches/october-24-1978-anti-inflation-program-speech,"Jimmy_Carter_1978-10-24T13:00:00-04:00_October_24,_1978:_Anti-Inflation_Program_Speech.json",3232,63,126,19.49,38.99,0.3333,Other,False,spoken_era
Jimmy Carter,1978-12-15,1978,"December 15, 1978: Speech on Establishing Diplomatic Relations with China",https://millercenter.org/the-presidency/presidential-speeches/december-15-1978-speech-establishing-diplomatic-relations,"Jimmy_Carter_1978-12-15T13:00:00-05:00_December_15,_1978:_Speech_on_Establishing_Diplomatic_Relations_with_China.json",903,9,22,9.97,24.36,0.2903,Other,False,spoken_era
Jimmy Carter,1979-01-23,1979,"January 23, 1979: State of the Union Address",https://millercenter.org/the-presidency/presidential-speeches/january-23-1979-state-union-address,"Jimmy_Carter_1979-01-23T13:00:00-05:00_January_23,_1979:_State_of_the_Union_Address.json",3277,28,179,8.54,54.62,0.1353,State of the Union,True,spoken_era
Jimmy Carter,1979-07-15,1979,"July 15, 1979: ""Crisis of Confidence"" Speech",https://millercenter.org/the-presidency/presidential-speeches/july-15-1979-crisis-confidence-speech,"Jimmy_Carter_1979-07-15T13:00:00-04:00_July_15,_1979:_""Crisis_of_Confidence""_Speech.json",3595,79,218,21.97,60.64,0.266,Other,False,spoken_era
Jimmy Carter,1980-01-04,1980,"January 4, 1980: Speech on Afghanistan",,"Jimmy_Carter_1980-01-04T13:00:00-05:00_January_4,_1980:_Speech_on_Afghanistan.json",1356,14,37,10.32,27.29,0.2745,Other,False,spoken_era
Jimmy Carter,1980-01-23,1980,"January 23, 1980: State of the Union Address",https://millercenter.org/the-presidency/presidential-speeches/january-23-1980-state-union-address,"Jimmy_Carter_1980-01-23T13:00:00-05:00_January_23,_1980:_State_of_the_Union_Address.json",3422,27,161,7.89,47.05,0.1436,State of the Union,True,spoken_era
Jimmy Carter,1980-04-25,1980,"April 25, 1980: Statement on the Iran Rescue Mission",https://millercenter.org/the-presidency/presidential-speeches/april-25-1980-statement-iran-rescue-mission,"Jimmy_Carter_1980-04-25T14:00:00-05:00_April_25,_1980:_Statement_on_the_Iran_Rescue_Mission.json",815,22,20,26.99,24.54,0.5238,Other,False,spoken_era
Jimmy Carter,1980-08-14,1980,"August 14, 1980: Acceptance Speech at the Democratic National Convention",https://millercenter.org/the-presidency/presidential-speeches/august-14-1980-acceptance-speech-democratic-national,"Jimmy_Carter_1980-08-14T14:00:00-04:00_August_14,_1980:_Acceptance_Speech_at_the_Democratic_National_Convention.json",4664,86,166,18.44,35.59,0.3413,Nomination Acceptance,False,spoken_era
Jimmy Carter,1980-10-28,1980,"October 28, 1980: Debate with Ronald Reagan",https://millercenter.org/the-presidency/presidential-speeches/october-28-1980-debate-ronald-reagan,"Jimmy_Carter_1980-10-28T13:00:00-05:00_October_28,_1980:_Debate_with_Ronald_Reagan.json",15151,350,322,23.1,21.25,0.5208,Debate,False,spoken_era
Jimmy Carter,1981-01-14,1981,"January 14, 1981: Farewell Speech",https://millercenter.org/the-presidency/presidential-speeches/january-14-1981-farewell-speech,"Jimmy_Carter_1981-01-14T13:00:00-05:00_January_14,_1981:_Farewell_Speech.json",2167,41,92,18.92,42.46,0.3083,Farewell Address,False,spoken_era
Joe Biden,2021-01-20,2021,"January 20, 2021: Inaugural Address",,"Joe_Biden_2021-01-20T11:50:00-05:00_January_20,_2021:_Inaugural_Address.json",2371,64,161,26.99,67.9,0.2844,Inaugural Address,False,spoken_era
Joe Biden,2021-03-11,2021,"March 11, 2021: Remarks on the Anniversary of the Coronavirus Shutdown",https://millercenter.org/the-presidency/presidential-speeches/march-11-2021-remarks-anniversary-coronavirus-shutdown,"Joe_Biden_2021-03-11T20:00:00-05:00_March_11,_2021:_Remarks_on_the_Anniversary_of_the_Coronavirus_Shutdown.json",3165,94,129,29.7,40.76,0.4215,Other,False,spoken_era
Joe Biden,2021-03-25,2021,"March 25, 2021: First Press Conference",,"Joe_Biden_2021-03-25T13:30:00-04:00_March_25,_2021:_First_Press_Conference.json",9431,309,195,32.76,20.68,0.6131,Press/News Conference,False,spoken_era
Joe Biden,2021-03-31,2021,"March 31, 2021: Announcing the American Jobs Plan",,"Joe_Biden_2021-03-31T17:00:00-04:00_March_31,_2021:_Announcing_the_American_Jobs_Plan.json",4291,105,134,24.47,31.23,0.4393,Other,False,spoken_era
Joe Biden,2021-04-28,2021,"April 28, 2021: Address to Joint Session of Congress",,"Joe_Biden_2021-04-28T21:00:00-04:00_April_28,_2021:_Address_to_Joint_Session_of_Congress.json",8093,184,313,22.74,38.68,0.3702,Address to Congress,False,spoken_era
Joe Biden,2021-06-01,2021,"June 1, 2021: Remarks Commemorating the 100th Anniversary of the Tulsa Race Massacre",https://millercenter.org/the-presidency/presidential-speeches/june-1-2021-remarks-commemorating-100th-anniversary-tulsa-race,"Joe_Biden_2021-06-01T15:15:00-04:00_June_1,_2021:_Remarks_Commemorating_the_100th_Anniversary_of_the_Tulsa_Race_Massacre.json",4932,128,105,25.95,21.29,0.5494,Other,False,spoken_era
Joe Biden,2021-07-08,2021,"July 8, 2021: Speech on the Drawdown of US Forces in Afghanistan",https://millercenter.org/the-presidency/presidential-speeches/july-8-2021-speech-drawdown-us-forces-afghanistan,"Joe_Biden_2021-07-08T14:00:00-04:00_July_8,_2021:_Speech_on_the_Drawdown_of_US_Forces_in_Afghanistan.json",4131,81,121,19.61,29.29,0.401,Other,False,spoken_era
Joe Biden,2021-08-16,2021,"August 16, 2021: Remarks on Situation in Afghanistan",,"Joe_Biden_2021-08-16T15:00:00-04:00_August_16,_2021:_Remarks_on_Situation_in_Afghanistan.json",2405,67,113,27.86,46.99,0.3722,Other,False,spoken_era
Joe Biden,2021-08-26,2021,"August 26, 2021: Statement on Terror Attacks in Afghanistan",,"Joe_Biden_2021-08-26T17:24:00-04:00_August_26,_2021:_Statement_on_Terror_Attacks_in_Afghanistan.json",3559,97,115,27.25,32.31,0.4575,Other,False,spoken_era
Joe Biden,2021-09-09,2021,"September 9, 2021: Remarks on Fighting the COVID-⁠19 Pandemic",https://millercenter.org/the-presidency/presidential-speeches/september-9-2021-remarks-fighting-covid-19-pandemic,"Joe_Biden_2021-09-09T17:00:00-04:00_September_9,_2021:_Remarks_on_Fighting_the_COVID-⁠19_Pandemic.json",3508,82,104,23.38,29.65,0.4409,Other,False,spoken_era
Joe Biden,2021-11-15,2021,"November 15, 2021: Signing the Infrastructure Investment and Jobs Act",https://millercenter.org/the-presidency/presidential-speeches/november-15-2021-signing-infrastructure-investment-and-jobs,"Joe_Biden_2021-11-15T16:01:00-05:00_November_15,_2021:_Signing_the_Infrastructure_Investment_and_Jobs_Act.json",3180,100,97,31.45,30.5,0.5076,Other,False,spoken_era
Joe Biden,2022-01-06,2022,"January 6, 2022: Remarks on the Anniversary of the January 6th Assault on the US Capitol",,"Joe_Biden_2022-01-06T09:00:00-05:00_January_6,_2022:_Remarks_on_the_Anniversary_of_the_January_6th_Assault_on_the_US_Capitol.json",3775,44,105,11.66,27.81,0.2953,Other,False,spoken_era
Joe Biden,2022-02-24,2022,"February 24, 2022: Remarks on the Russian Invasion of Ukraine",https://millercenter.org/the-presidency/presidential-speeches/february-24-2022-remarks-russian-invasion-ukraine,"Joe_Biden_2022-02-24T13:45:00-05:00_February_24,_2022:_Remarks_on_the_Russian_Invasion_of_Ukraine.json",3529,49,109,13.88,30.89,0.3101,Other,False,spoken_era
Joe Biden,2022-03-01,2022,"March 1, 2022: State of the Union Address",https://millercenter.org/the-presidency/presidential-speeches/march-1-2022-state-union-address,"Joe_Biden_2022-03-01T21:00:00-05:00_March_1,_2022:_State_of_the_Union_Address.json",6499,107,250,16.46,38.47,0.2997,State of the Union,True,spoken_era
Joe Biden,2022-03-26,2022,"March 26, 2022: Remarks in Support of the People of Ukraine",https://millercenter.org/the-presidency/presidential-speeches/march-26-2022-remarks-support-people-ukraine,"Joe_Biden_2022-03-26T18:00:00-04:00_March_26,_2022:_Remarks_in_Support_of_the_People_of_Ukraine.json",3422,49,60,14.32,17.53,0.4495,Other,False,spoken_era
Joe Biden,2022-05-24,2022,"May 24, 2022: Remarks on School Shooting in Uvalde, Texas",https://millercenter.org/the-presidency/presidential-speeches/may-24-2022-remarks-school-shooting-uvalde-texas,"Joe_Biden_2022-05-24T20:45:00-04:00_May_24,_2022:_Remarks_on_School_Shooting_in_Uvalde,_Texas.json",815,20,24,24.54,29.45,0.4545,Other,False,spoken_era
Joe Biden,2022-09-01,2022,"September 1, 2022: Remarks on the Continued Battle for the Soul of the Nation",https://millercenter.org/the-presidency/presidential-speeches/september-1-2022-remarks-continued-battle-soul-nation,"Joe_Biden_2022-09-01T20:00:00-04:00_September_1,_2022:_Remarks_on_the_Continued_Battle_for_the_Soul_of_the_Nation.json",2954,62,163,20.99,55.18,0.2756,Other,False,spoken_era
Joe Biden,2022-09-21,2022,"September 21, 2022: Speech before the 77th Session of the United Nations General Assembly",https://millercenter.org/the-presidency/presidential-speeches/september-21-2022-speech-77th-session-united-nations-general,"Joe_Biden_2022-09-21T11:00:00-04:00_September_21,_2022:_Speech_before_the_77th_Session_of_the_United_Nations_General_Assembly.json",3700,28,129,7.57,34.86,0.1783,Other,False,spoken_era
Joe Biden,2023-02-07,2023,"February 7, 2023: State of the Union Address",https://millercenter.org/the-presidency/presidential-speeches/february-7-2023-state-union-address,"Joe_Biden_2023-02-07T21:00:00-05:00_February_7,_2023:_State_of_the_Union_Address.json",7170,109,286,15.2,39.89,0.2759,State of the Union,True,spoken_era
Joe Biden,2023-02-21,2023,"February 21, 2023: Remarks on the One-Year Anniversary of the Ukraine War",https://millercenter.org/the-presidency/presidential-speeches/february-21-2023-remarks-one-year-anniversary-ukraine-war,"Joe_Biden_2023-02-21T20:00:00-05:00_February_21,_2023:_Remarks_on_the_One-Year_Anniversary_of_the_Ukraine_War.json",2699,25,76,9.26,28.16,0.2475,Other,False,spoken_era
Joe Biden,2023-10-20,2023,"October 20, 2023: Remarks on the US Response in Support of Israel and Ukraine",https://millercenter.org/the-presidency/presidential-speeches/october-20-2023-remarks-us-response-support-israel-and-ukraine,"Joe_Biden_2023-10-20T20:00:00-04:00_October_20,_2023:_Remarks_on_the_US_Response_in_Support_of_Israel_and_Ukraine.json",2346,49,91,20.89,38.79,0.35,Other,False,spoken_era
Joe Biden,2024-01-05,2024,"January 5, 2024: Speech on the Third Anniversary of the January 6th Attack",https://millercenter.org/the-presidency/presidential-speeches/january-5-2024-speech-third-anniversary-january-6th-attack,"Joe_Biden_2024-01-05T15:00:00-05:00_January_5,_2024:_Speech_on_the_Third_Anniversary_of_the_January_6th_Attack.json",4062,73,113,17.97,27.82,0.3925,Other,False,spoken_era
Joe Biden,2024-03-07,2024,"March 7, 2024: State of Union Address",https://millercenter.org/the-presidency/presidential-speeches/march-7-2024-state-union-address,"Joe_Biden_2024-03-07T21:00:00-05:00_March_7,_2024:_State_of_Union_Address.json",8048,273,157,33.92,19.51,0.6349,Other,False,spoken_era
Joe Biden,2024-05-31,2024,"May 31, 2024: Remarks on the Middle East",https://millercenter.org/the-presidency/presidential-speeches/may-31-2024-remarks-middle-east,"Joe_Biden_2024-05-31T13:00:00-04:00_May_31,_2024:_Remarks_on_the_Middle_East.json",1872,19,16,10.15,8.55,0.5429,Other,False,spoken_era
Joe Biden,2024-07-14,2024,"July 14, 2024: Remarks after the Attempted Assassination of Former President Trump",https://millercenter.org/the-presidency/presidential-speeches/july-14-2024-remarks-after-attempted-assassination-former,"Joe_Biden_2024-07-14T20:00:00-04:00_July_14,_2024:_Remarks_after_the_Attempted_Assassination_of_Former_President_Trump.json",1037,22,72,21.22,69.43,0.234,Other,False,spoken_era
Joe Biden,2024-07-24,2024,"July 24, 2024: Statement to the American People",https://millercenter.org/the-presidency/presidential-speeches/july-24-2024-statement-american-people,"Joe_Biden_2024-07-24T20:00:00-04:00_July_24,_2024:_Statement_to_the_American_People.json",1594,75,67,47.05,42.03,0.5282,Other,False,spoken_era
Joe Biden,2024-09-24,2024,"September 24, 2024: Address before the 79th United Nations General Assembly",https://millercenter.org/the-presidency/presidential-speeches/september-24-2024-address-79th-united-nations-general-assembly,"Joe_Biden_2024-09-24T10:12:00-04:00_September_24,_2024:_Address_before_the_79th_United_Nations_General_Assembly.json",3199,84,132,26.26,41.26,0.3889,Other,False,spoken_era
Joe Biden,2025-01-15,2025,"January 15, 2025: Farewell Address",https://millercenter.org/the-presidency/presidential-speeches/january-15-2025-farewell-address,"Joe_Biden_2025-01-15T20:00:00-05:00_January_15,_2025:_Farewell_Address.json",2427,53,110,21.84,45.32,0.3252,Farewell Address,False,spoken_era
John Adams,1797-03-04,1797,"March 4, 1797: Inaugural Address",https://millercenter.org/the-presidency/presidential-speeches/march-4-1797-inaugural-address,"John_Adams_1797-03-04T13:03:58-04:56_March_4,_1797:_Inaugural_Address.json",2321,34,14,14.65,6.03,0.7083,Inaugural Address,False,spoken_era
John Adams,1797-05-16,1797,"May 16, 1797: Special Session Message to Congress (XYZ Affair)",https://millercenter.org/the-presidency/presidential-speeches/may-16-1797-special-session-message-congress-xyz-affair,"John_Adams_1797-05-16T13:03:58-04:56_May_16,_1797:_Special_Session_Message_to_Congress_(XYZ_Affair).json",3021,33,58,10.92,19.2,0.3626,Address to Congress,False,spoken_era
John Adams,1797-11-22,1797,"November 22, 1797: First Annual Message",https://millercenter.org/the-presidency/presidential-speeches/november-22-1797-first-annual-message,"John_Adams_1797-11-22T13:03:58-04:56_November_22,_1797:_First_Annual_Message.json",2047,21,27,10.26,13.19,0.4375,Annual Message,True,spoken_era
John Adams,1798-03-23,1798,"March 23, 1798: Proclamation of Day of Fasting, Humiliation and Prayer",https://millercenter.org/the-presidency/presidential-speeches/march-23-1798-proclamation-day-fasting-humiliation-and-prayer,"John_Adams_1798-03-23T13:03:58-04:56_March_23,_1798:_Proclamation_of_Day_of_Fasting,_Humiliation_and_Prayer.json",654,5,13,7.65,19.88,0.2778,Other,False,spoken_era
John Adams,1798-12-08,1798,"December 8, 1798: Second Annual Message",https://millercenter.org/the-presidency/presidential-speeches/december-8-1798-second-annual-message,"John_Adams_1798-12-08T13:03:58-04:56_December_8,_1798:_Second_Annual_Message.json",2218,14,47,6.31,21.19,0.2295,Annual Message,True,spoken_era
John Adams,1799-12-03,1799,"December 3, 1799: Third Annual Message",https://millercenter.org/the-presidency/presidential-speeches/december-3-1799-third-annual-message,"John_Adams_1799-12-03T13:03:58-04:56_December_3,_1799:_Third_Annual_Message.json",1494,20,22,13.39,14.73,0.4762,Annual Message,True,spoken_era
John Adams,1799-12-19,1799,"December 19, 1799: Death of George Washington",https://millercenter.org/the-presidency/presidential-speeches/december-19-1799-death-george-washington,"John_Adams_1799-12-19T13:03:58-04:56_December_19,_1799:_Death_of_George_Washington.json",1251,16,17,12.79,13.59,0.4848,Other,False,spoken_era
John Adams,1800-05-21,1800,"May 21, 1800: Proclamation of Pardons to Those Engaged in Fries Rebellion",https://millercenter.org/the-presidency/presidential-speeches/may-21-1800-proclamation-pardons-those-engaged-fries-rebellion,"John_Adams_1800-05-21T13:03:58-04:56_May_21,_1800:_Proclamation_of_Pardons_to_Those_Engaged_in_Fries_Rebellion.json",288,2,0,6.94,0.0,1.0,Other,False,spoken_era
John Adams,1800-11-22,1800,"November 22, 1800: Fourth Annual Message",https://millercenter.org/the-presidency/presidential-speeches/november-22-1800-fourth-annual-message,"John_Adams_1800-11-22T13:03:58-04:56_November_22,_1800:_Fourth_Annual_Message.json",1373,10,33,7.28,24.03,0.2326,Annual Message,True,spoken_era
John F. Kennedy,1960-07-15,1960,"July 15, 1960: Acceptance of the Democratic Party Nomination",https://millercenter.org/the-presidency/presidential-speeches/july-15-1960-acceptance-democratic-party-nomination,"John_F._Kennedy_1960-07-15T13:00:00-04:00_July_15,_1960:_Acceptance_of_the_Democratic_Party_Nomination.json",2549,48,76,18.83,29.82,0.3871,Nomination Acceptance,False,spoken_era
John F. Kennedy,1960-09-12,1960,"September 12, 1960: Address to the Greater Houston Ministerial Association",https://millercenter.org/the-presidency/presidential-speeches/september-12-1960-address-greater-houston-ministerial,"John_F._Kennedy_1960-09-12T13:00:00-04:00_September_12,_1960:_Address_to_the_Greater_Houston_Ministerial_Association.json",1550,74,12,47.74,7.74,0.8605,Other,False,spoken_era
John F. Kennedy,1960-09-26,1960,"September 26, 1960: Debate with Richard Nixon in Chicago",https://millercenter.org/the-presidency/presidential-speeches/september-26-1960-debate-richard-nixon-chicago,"John_F._Kennedy_1960-09-26T13:00:00-04:00_September_26,_1960:_Debate_with_Richard_Nixon_in_Chicago.json",10855,303,285,27.91,26.26,0.5153,Debate,False,spoken_era
John F. Kennedy,1960-10-07,1960,"October 7, 1960: Debate with Richard Nixon in Washington, D.C.",https://millercenter.org/the-presidency/presidential-speeches/october-7-1960-debate-richard-nixon-washington-dc,"John_F._Kennedy_1960-10-07T13:00:00-04:00_October_7,_1960:_Debate_with_Richard_Nixon_in_Washington,_D.C..json",11135,281,358,25.24,32.15,0.4397,Debate,False,spoken_era
John F. Kennedy,1960-10-13,1960,"October 13, 1960: Debate with Richard Nixon in New York and Los Angeles",https://millercenter.org/the-presidency/presidential-speeches/october-13-1960-debate-richard-nixon-new-york-and-los-angeles,"John_F._Kennedy_1960-10-13T13:00:00-04:00_October_13,_1960:_Debate_with_Richard_Nixon_in_New_York_and_Los_Angeles.json",10723,254,265,23.69,24.71,0.4894,Debate,False,spoken_era
John F. Kennedy,1960-10-21,1960,"October 21, 1960: Debate with Richard Nixon in New York",https://millercenter.org/the-presidency/presidential-speeches/october-21-1960-debate-richard-nixon-new-york,"John_F._Kennedy_1960-10-21T13:00:00-04:00_October_21,_1960:_Debate_with_Richard_Nixon_in_New_York.json",10770,214,413,19.87,38.35,0.3413,Debate,False,spoken_era
John F. Kennedy,1961-01-09,1961,"January 9, 1961: ""City Upon a Hill"" Speech",https://millercenter.org/the-presidency/presidential-speeches/january-9-1961-city-upon-hill-speech,"John_F._Kennedy_1961-01-09T13:00:00-05:00_January_9,_1961:_""City_Upon_a_Hill""_Speech.json",904,28,30,30.97,33.19,0.4828,Other,False,spoken_era
John F. Kennedy,1961-01-20,1961,"January 20, 1961: Inaugural Address",https://millercenter.org/the-presidency/presidential-speeches/january-20-1961-inaugural-address,"John_F._Kennedy_1961-01-20T13:00:00-05:00_January_20,_1961:_Inaugural_Address.json",1366,8,63,5.86,46.12,0.1127,Inaugural Address,False,spoken_era
John F. Kennedy,1961-01-30,1961,"January 30, 1961: State of the Union",https://millercenter.org/the-presidency/presidential-speeches/january-30-1961-state-union,"John_F._Kennedy_1961-01-30T13:00:00-05:00_January_30,_1961:_State_of_the_Union.json",5252,49,201,9.33,38.27,0.196,State of the Union,True,spoken_era
John F. Kennedy,1961-02-21,1961,"February 21, 1961: Remarks on the Youth Fitness Program",https://millercenter.org/the-presidency/presidential-speeches/february-21-1961-remarks-youth-fitness-program,"John_F._Kennedy_1961-02-21T13:00:00-05:00_February_21,_1961:_Remarks_on_the_Youth_Fitness_Program.json",966,26,42,26.92,43.48,0.3824,Other,False,spoken_era
John F. Kennedy,1961-03-01,1961,"March 1, 1961: Establishment of the Peace Corps",https://millercenter.org/the-presidency/presidential-speeches/march-1-1961-establishment-peace-corps,"John_F._Kennedy_1961-03-01T13:00:00-05:00_March_1,_1961:_Establishment_of_the_Peace_Corps.json",411,2,8,4.87,19.46,0.2,Other,False,spoken_era
John F. Kennedy,1961-03-13,1961,"March 13, 1961: Address to the Diplomatic Corps of Latin America",https://millercenter.org/the-presidency/presidential-speeches/march-13-1961-address-diplomatic-corps-latin-america,"John_F._Kennedy_1961-03-13T13:00:00-05:00_March_13,_1961:_Address_to_the_Diplomatic_Corps_of_Latin_America.json",2470,14,82,5.67,33.2,0.1458,Other,False,spoken_era
John F. Kennedy,1961-04-20,1961,"April 20, 1961: Address to the American Association of Newspaper Editors",https://millercenter.org/the-presidency/presidential-speeches/april-20-1961-address-american-association-newspaper-editors,"John_F._Kennedy_1961-04-20T13:00:00-05:00_April_20,_1961:_Address_to_the_American_Association_of_Newspaper_Editors.json",1523,10,47,6.57,30.86,0.1754,Other,False,spoken_era
John F. Kennedy,1961-04-27,1961,"April 27, 1961: ""President and the Press"" Speech",https://millercenter.org/the-presidency/presidential-speeches/april-27-1961-president-and-press-speech,"John_F._Kennedy_1961-04-27T13:00:00-05:00_April_27,_1961:_""President_and_the_Press""_Speech.json",2439,46,46,18.86,18.86,0.5,Other,False,spoken_era
John F. Kennedy,1961-05-03,1961,"May 3, 1961: Remarks at George Washington",https://millercenter.org/the-presidency/presidential-speeches/may-3-1961-remarks-george-washington,"John_F._Kennedy_1961-05-03T13:00:00-04:00_May_3,_1961:_Remarks_at_George_Washington.json",611,16,10,26.19,16.37,0.6154,Other,False,spoken_era
John F. Kennedy,1961-05-17,1961,"May 17, 1961: Address before the Canadian Parliament",https://millercenter.org/the-presidency/presidential-speeches/may-17-1961-address-canadian-parliament,"John_F._Kennedy_1961-05-17T13:00:00-04:00_May_17,_1961:_Address_before_the_Canadian_Parliament.json",2999,44,133,14.67,44.35,0.2486,Other,False,spoken_era
John F. Kennedy,1961-05-25,1961,"May 25, 1961: The Goal of Sending a Man to the Moon",https://millercenter.org/the-presidency/presidential-speeches/may-25-1961-goal-sending-man-moon,"John_F._Kennedy_1961-05-25T13:00:00-04:00_May_25,_1961:_The_Goal_of_Sending_a_Man_to_the_Moon.json",5856,70,193,11.95,32.96,0.2662,Other,False,spoken_era
John F. Kennedy,1961-06-06,1961,"June 6, 1961: Report to the American People on Returning from Europe",https://millercenter.org/the-presidency/presidential-speeches/june-6-1961-report-american-people-returning-europe,"John_F._Kennedy_1961-06-06T13:00:00-04:00_June_6,_1961:_Report_to_the_American_People_on_Returning_from_Europe.json",6414,122,222,19.02,34.61,0.3547,Other,False,spoken_era
John F. Kennedy,1961-06-07,1961,"June 7, 1961: Remarks to the Graduating Class of the US Naval Academy",https://millercenter.org/the-presidency/presidential-speeches/june-7-1961-remarks-graduating-class-us-naval-academy,"John_F._Kennedy_1961-06-07T13:00:00-04:00_June_7,_1961:_Remarks_to_the_Graduating_Class_of_the_US_Naval_Academy.json",1303,21,20,16.12,15.35,0.5122,Other,False,spoken_era
John F. Kennedy,1961-07-25,1961,"July 25, 1961: Report on the Berlin Crisis",https://millercenter.org/the-presidency/presidential-speeches/july-25-1961-report-berlin-crisis,"John_F._Kennedy_1961-07-25T13:00:00-04:00_July_25,_1961:_Report_on_the_Berlin_Crisis.json",4086,53,189,12.97,46.26,0.219,Other,False,spoken_era
John F. Kennedy,1961-09-25,1961,"September 25, 1961: Address to the UN General Assembly",https://millercenter.org/the-presidency/presidential-speeches/september-25-1961-address-un-general-assembly,"John_F._Kennedy_1961-09-25T13:00:00-04:00_September_25,_1961:_Address_to_the_UN_General_Assembly.json",4485,19,111,4.24,24.75,0.1462,Other,False,spoken_era
John F. Kennedy,1961-10-12,1961,"October 12, 1961: Address at the University of North Carolina",https://millercenter.org/the-presidency/presidential-speeches/october-12-1961-address-university-north-carolina,"John_F._Kennedy_1961-10-12T13:00:00-04:00_October_12,_1961:_Address_at_the_University_of_North_Carolina.json",1894,19,53,10.03,27.98,0.2639,Other,False,spoken_era
John F. Kennedy,1961-11-11,1961,"November 11, 1961: Remarks at the Veterans Day Ceremony",https://millercenter.org/the-presidency/presidential-speeches/november-11-1961-remarks-veterans-day-ceremony,"John_F._Kennedy_1961-11-11T13:00:00-05:00_November_11,_1961:_Remarks_at_the_Veterans_Day_Ceremony.json",1030,3,37,2.91,35.92,0.075,Other,False,spoken_era
John F. Kennedy,1961-11-16,1961,"November 16, 1961: University of Washington's 100th Anniversary",https://millercenter.org/the-presidency/presidential-speeches/november-16-1961-university-washingtons-100th-anniversary,"John_F._Kennedy_1961-11-16T13:00:00-05:00_November_16,_1961:_University_of_Washington's_100th_Anniversary.json",2099,4,96,1.91,45.74,0.04,Other,False,spoken_era
John F. Kennedy,1961-12-06,1961,"December 6, 1961: Address to the National Association of Manufacturers",https://millercenter.org/the-presidency/presidential-speeches/december-6-1961-address-national-association-manufacturers,"John_F._Kennedy_1961-12-06T13:00:00-05:00_December_6,_1961:_Address_to_the_National_Association_of_Manufacturers.json",6605,76,332,11.51,50.26,0.1863,Other,False,spoken_era
John F. Kennedy,1961-12-07,1961,"December 7, 1961: Address in Miami at the Opening of the AFL-CIO Convention",https://millercenter.org/the-presidency/presidential-speeches/december-7-1961-address-miami-opening-afl-cio-convention,"John_F._Kennedy_1961-12-07T13:00:00-05:00_December_7,_1961:_Address_in_Miami_at_the_Opening_of_the_AFL-CIO_Convention.json",4133,80,157,19.36,37.99,0.3376,Other,False,spoken_era
John F. Kennedy,1961-12-11,1961,"December 11, 1961: Remarks to a U.N. Delegation of Women",https://millercenter.org/the-presidency/presidential-speeches/december-11-1961-remarks-un-delegation-women,"John_F._Kennedy_1961-12-11T13:00:00-05:00_December_11,_1961:_Remarks_to_a_U.N._Delegation_of_Women.json",459,18,12,39.22,26.14,0.6,Other,False,spoken_era
John F. Kennedy,1962-01-11,1962,"January 11, 1962: State of the Union Address",https://millercenter.org/the-presidency/presidential-speeches/january-11-1962-state-union-address,"John_F._Kennedy_1962-01-11T13:00:00-05:00_January_11,_1962:_State_of_the_Union_Address.json",6531,47,277,7.2,42.41,0.1451,State of the Union,True,spoken_era
John F. Kennedy,1962-03-23,1962,"March 23, 1962: Address at the University of California, Berkeley",https://millercenter.org/the-presidency/presidential-speeches/march-23-1962-address-university-california-berkeley,"John_F._Kennedy_1962-03-23T13:00:00-05:00_March_23,_1962:_Address_at_the_University_of_California,_Berkeley.json",2263,19,53,8.4,23.42,0.2639,Other,False,spoken_era
John F. Kennedy,1962-06-06,1962,"June 6, 1962: Remarks at West Point",https://millercenter.org/the-presidency/presidential-speeches/june-6-1962-remarks-west-point,"John_F._Kennedy_1962-06-06T13:00:00-04:00_June_6,_1962:_Remarks_at_West_Point.json",2355,35,36,14.86,15.29,0.493,Other,False,spoken_era
John F. Kennedy,1962-06-11,1962,"June 11, 1962: Yale University Commencement",https://millercenter.org/the-presidency/presidential-speeches/june-11-1962-yale-university-commencement,"John_F._Kennedy_1962-06-11T13:00:00-04:00_June_11,_1962:_Yale_University_Commencement.json",3843,61,104,15.87,27.06,0.3697,Other,False,spoken_era
John F. Kennedy,1962-09-12,1962,"September 12, 1962: Address on the Space Effort",https://millercenter.org/the-presidency/presidential-speeches/september-12-1962-address-space-effort,"John_F._Kennedy_1962-09-12T13:00:00-04:00_September_12,_1962:_Address_on_the_Space_Effort.json",2182,19,71,8.71,32.54,0.2111,Other,False,spoken_era
John F. Kennedy,1962-09-30,1962,"September 30, 1962: Address on the Situation at the University of Mississippi",https://millercenter.org/the-presidency/presidential-speeches/september-30-1962-address-situation-university-mississippi,"John_F._Kennedy_1962-09-30T13:00:00-04:00_September_30,_1962:_Address_on_the_Situation_at_the_University_of_Mississippi.json",1131,9,12,7.96,10.61,0.4286,Other,False,spoken_era
John F. Kennedy,1962-10-22,1962,"October 22, 1962: Address on the Buildup of Arms in Cuba",https://millercenter.org/the-presidency/presidential-speeches/october-22-1962-address-buildup-arms-cuba,"John_F._Kennedy_1962-10-22T13:00:00-04:00_October_22,_1962:_Address_on_the_Buildup_of_Arms_in_Cuba.json",2437,25,50,10.26,20.52,0.3333,Other,False,spoken_era
John F. Kennedy,1963-01-14,1963,"January 14, 1963: State of the Union Address",https://millercenter.org/the-presidency/presidential-speeches/january-14-1963-state-union-address,"John_F._Kennedy_1963-01-14T13:00:00-05:00_January_14,_1963:_State_of_the_Union_Address.json",5363,27,165,5.03,30.77,0.1406,State of the Union,True,spoken_era
John F. Kennedy,1963-05-18,1963,"May 18, 1963: 90th Anniversary of Vanderbilt University",https://millercenter.org/the-presidency/presidential-speeches/may-18-1963-90th-anniversary-vanderbilt-university,"John_F._Kennedy_1963-05-18T13:00:00-04:00_May_18,_1963:_90th_Anniversary_of_Vanderbilt_University.json",2018,14,32,6.94,15.86,0.3043,Other,False,spoken_era
John F. Kennedy,1963-06-05,1963,"June 5, 1963: Remarks at U.S. Air Force Academy",https://millercenter.org/the-presidency/presidential-speeches/june-5-1963-remarks-us-air-force-academy,"John_F._Kennedy_1963-06-05T13:00:00-04:00_June_5,_1963:_Remarks_at_U.S._Air_Force_Academy.json",2187,14,52,6.4,23.78,0.2121,Other,False,spoken_era
John F. Kennedy,1963-06-10,1963,"June 10, 1963: American University Commencement",https://millercenter.org/the-presidency/presidential-speeches/june-10-1963-american-university-commencement,"John_F._Kennedy_1963-06-10T13:00:00-04:00_June_10,_1963:_American_University_Commencement.json",3438,24,127,6.98,36.94,0.1589,Other,False,spoken_era
John F. Kennedy,1963-06-11,1963,"June 11, 1963: Address on Civil Rights",https://millercenter.org/the-presidency/presidential-speeches/june-11-1963-address-civil-rights,"John_F._Kennedy_1963-06-11T13:00:00-04:00_June_11,_1963:_Address_on_Civil_Rights.json",1984,17,40,8.57,20.16,0.2982,Other,False,spoken_era
John F. Kennedy,1963-06-26,1963,"June 26, 1963: ""Ich bin ein Berliner"" Speech",https://millercenter.org/the-presidency/presidential-speeches/june-26-1963-ich-bin-ein-berliner-speech,"John_F._Kennedy_1963-06-26T13:00:00-04:00_June_26,_1963:_""Ich_bin_ein_Berliner""_Speech.json",671,12,8,17.88,11.92,0.6,Other,False,spoken_era
John F. Kennedy,1963-07-26,1963,"July 26, 1963: Address on the Nuclear Test Ban Treaty",https://millercenter.org/the-presidency/presidential-speeches/july-26-1963-address-nuclear-test-ban-treaty,"John_F._Kennedy_1963-07-26T13:00:00-04:00_July_26,_1963:_Address_on_the_Nuclear_Test_Ban_Treaty.json",3115,11,75,3.53,24.08,0.1279,Other,False,spoken_era
John F. Kennedy,1963-09-20,1963,"September 20, 1963: Address to the UN General Assembly",https://millercenter.org/the-presidency/presidential-speeches/september-20-1963-address-un-general-assembly,"John_F._Kennedy_1963-09-20T13:00:00-04:00_September_20,_1963:_Address_to_the_UN_General_Assembly.json",3544,25,97,7.05,27.37,0.2049,Other,False,spoken_era
John F. Kennedy,1963-09-26,1963,"September 26, 1963: Address at the Mormon Tabernacle",https://millercenter.org/the-presidency/presidential-speeches/september-26-1963-address-mormon-tabernacle,"John_F._Kennedy_1963-09-26T13:00:00-04:00_September_26,_1963:_Address_at_the_Mormon_Tabernacle.json",3725,34,177,9.13,47.52,0.1611,Other,False,spoken_era
John F. Kennedy,1963-10-26,1963,"October 26, 1963: Remarks at Amherst College",https://millercenter.org/the-presidency/presidential-speeches/october-26-1963-remarks-amherst-college,"John_F._Kennedy_1963-10-26T13:00:00-04:00_October_26,_1963:_Remarks_at_Amherst_College.json",1852,23,45,12.42,24.3,0.3382,Other,False,spoken_era
John Quincy Adams,1821-07-04,1821,"July 4, 1821: Speech to the U.S. House of Representatives on Foreign Policy",https://millercenter.org/the-presidency/presidential-speeches/july-4-1821-speech-us-house-representatives-foreign-policy,"John_Quincy_Adams_1821-07-04T13:03:58-04:56_July_4,_1821:_Speech_to_the_U.S._House_of_Representatives_on_Foreign_Policy.json",446,0,1,0.0,2.24,0.0,Other,False,written_era
John Quincy Adams,1825-03-04,1825,"March 4, 1825: Inaugural Address",https://millercenter.org/the-presidency/presidential-speeches/march-4-1825-inaugural-address,"John_Quincy_Adams_1825-03-04T13:03:58-04:56_March_4,_1825:_Inaugural_Address.json",2916,35,49,12.0,16.8,0.4167,Inaugural Address,False,written_era
John Quincy Adams,1825-12-06,1825,"December 6, 1825: Message Regarding the Congress of American Nations",https://millercenter.org/the-presidency/presidential-speeches/december-6-1825-message-regarding-congress-american-nations,"John_Quincy_Adams_1825-12-06T11:56:58-04:56_December_6,_1825:_Message_Regarding_the_Congress_of_American_Nations.json",1051,6,7,5.71,6.66,0.4615,Other,False,written_era
John Quincy Adams,1825-12-06,1825,"December 6, 1825: First Annual Message",https://millercenter.org/the-presidency/presidential-speeches/december-6-1825-first-annual-message,"John_Quincy_Adams_1825-12-06T13:03:58-04:56_December_6,_1825:_First_Annual_Message.json",8917,18,117,2.02,13.12,0.1333,Annual Message,True,written_era
John Quincy Adams,1826-12-05,1826,"December 5, 1826: Second Annual Address",https://millercenter.org/the-presidency/presidential-speeches/december-5-1826-second-annual-address,"John_Quincy_Adams_1826-12-05T13:03:58-04:56_December_5,_1826:_Second_Annual_Address.json",7624,11,114,1.44,14.95,0.088,Other,False,written_era
John Quincy Adams,1827-02-05,1827,"February 5, 1827: Message Regarding the Creek Indians",https://millercenter.org/the-presidency/presidential-speeches/february-5-1827-message-regarding-creek-indians,"John_Quincy_Adams_1827-02-05T11:43:58-04:56_February_5,_1827:_Message_Regarding_the_Creek_Indians.json",1466,7,1,4.77,0.68,0.875,Other,False,written_era
John Quincy Adams,1827-12-04,1827,"December 4, 1827: Third Annual Message",https://millercenter.org/the-presidency/presidential-speeches/december-4-1827-third-annual-message,"John_Quincy_Adams_1827-12-04T13:03:58-04:56_December_4,_1827:_Third_Annual_Message.json",6831,11,40,1.61,5.86,0.2157,Annual Message,True,written_era
John Quincy Adams,1828-12-02,1828,"December 2, 1828: Fourth Annual Message",https://millercenter.org/the-presidency/presidential-speeches/december-2-1828-fourth-annual-message,"John_Quincy_Adams_1828-12-02T13:03:58-04:56_December_2,_1828:_Fourth_Annual_Message.json",7214,16,98,2.22,13.58,0.1404,Annual Message,True,written_era
John Tyler,1841-04-09,1841,"April 9, 1841: Address Upon Assuming the Office of President of the United States",https://millercenter.org/the-presidency/presidential-speeches/april-9-1841-address-upon-assuming-office-president-united,"John_Tyler_1841-04-09T13:36:58-04:56_April_9,_1841:_Address_Upon_Assuming_the_Office_of_President_of_the_United_States.json",1677,42,12,25.04,7.16,0.7778,Other,False,written_era
John Tyler,1841-06-01,1841,"June 1, 1841: Special Session Message to Congress Regarding General Affairs of the Country",https://millercenter.org/the-presidency/presidential-speeches/june-1-1841-special-session-message-congress-regarding-general,"John_Tyler_1841-06-01T13:40:58-04:56_June_1,_1841:_Special_Session_Message_to_Congress_Regarding_General_Affairs_of_the_Country.json",5934,53,47,8.93,7.92,0.53,Address to Congress,False,written_era
John Tyler,1841-08-16,1841,"August 16, 1841: Veto Message Regarding the Bank of the United States",https://millercenter.org/the-presidency/presidential-speeches/august-16-1841-veto-message-regarding-bank-united-states,"John_Tyler_1841-08-16T13:45:58-04:56_August_16,_1841:_Veto_Message_Regarding_the_Bank_of_the_United_States.json",2513,51,2,20.29,0.8,0.9623,Other,False,written_era
John Tyler,1841-09-09,1841,"September 9, 1841: Veto Message on the Creation of a Fiscal Corporation",https://millercenter.org/the-presidency/presidential-speeches/september-9-1841-veto-message-creation-fiscal-corporation,"John_Tyler_1841-09-09T13:47:58-04:56_September_9,_1841:_Veto_Message_on_the_Creation_of_a_Fiscal_Corporation.json",2271,55,9,24.22,3.96,0.8594,Other,False,written_era
John Tyler,1841-12-07,1841,"December 7, 1841: First Annual Message",https://millercenter.org/the-presidency/presidential-speeches/december-7-1841-first-annual-message,"John_Tyler_1841-12-07T13:03:58-04:56_December_7,_1841:_First_Annual_Message.json",8222,54,60,6.57,7.3,0.4737,Annual Message,True,written_era
John Tyler,1842-03-25,1842,"March 25, 1842: Message Regarding Finances and Fiscal Policy",https://millercenter.org/the-presidency/presidential-speeches/march-25-1842-message-regarding-finances-and-fiscal-policy,"John_Tyler_1842-03-25T14:02:58-04:56_March_25,_1842:_Message_Regarding_Finances_and_Fiscal_Policy.json",2557,37,13,14.47,5.08,0.74,Other,False,written_era
John Tyler,1842-05-10,1842,"May 10, 1842: Message Regarding Indian Affairs in Florida",https://millercenter.org/the-presidency/presidential-speeches/may-10-1842-message-regarding-indian-affairs-florida,"John_Tyler_1842-05-10T14:03:58-04:56_May_10,_1842:_Message_Regarding_Indian_Affairs_in_Florida.json",693,8,2,11.54,2.89,0.8,Other,False,written_era
John Tyler,1842-08-09,1842,"August 9, 1842: Veto Message Regarding Import Duties",https://millercenter.org/the-presidency/presidential-speeches/august-9-1842-veto-message-regarding-import-duties,"John_Tyler_1842-08-09T14:06:58-04:56_August_9,_1842:_Veto_Message_Regarding_Import_Duties.json",3197,50,3,15.64,0.94,0.9434,Other,False,written_era
John Tyler,1842-08-11,1842,"August 11, 1842: Message to Senate on Negotiations with Britain",https://millercenter.org/the-presidency/presidential-speeches/august-11-1842-message-senate-negotiations-britain,"John_Tyler_1842-08-11T14:07:58-04:56_August_11,_1842:_Message_to_Senate_on_Negotiations_with_Britain.json",8086,16,2,1.98,0.25,0.8889,Other,False,written_era
John Tyler,1842-08-18,1842,"August 18, 1842: Message Regarding Treaty with Texas",https://millercenter.org/the-presidency/presidential-speeches/august-18-1842-message-regarding-treaty-texas,"John_Tyler_1842-08-18T14:20:58-04:56_August_18,_1842:_Message_Regarding_Treaty_with_Texas.json",657,1,1,1.52,1.52,0.5,Other,False,written_era
John Tyler,1842-12-06,1842,"December 6, 1842: Second Annual Message",https://millercenter.org/the-presidency/presidential-speeches/december-6-1842-second-annual-message,"John_Tyler_1842-12-06T14:26:58-04:56_December_6,_1842:_Second_Annual_Message.json",8393,37,44,4.41,5.24,0.4568,Annual Message,True,written_era
John Tyler,1842-12-30,1842,"December 30, 1842: Message to Congress Regarding US-Hawaiian Relations",https://millercenter.org/the-presidency/presidential-speeches/december-30-1842-message-congress-regarding-us-hawaiian,"John_Tyler_1842-12-30T14:27:58-04:56_December_30,_1842:_Message_to_Congress_Regarding_US-Hawaiian_Relations.json",1486,3,0,2.02,0.0,1.0,Address to Congress,False,written_era
John Tyler,1843-12-05,1843,"December 5, 1843: Third Annual Message to Congress",https://millercenter.org/the-presidency/presidential-speeches/december-5-1843-third-annual-message-congress,"John_Tyler_1843-12-05T14:28:58-04:56_December_5,_1843:_Third_Annual_Message_to_Congress.json",8009,51,59,6.37,7.37,0.4636,Annual Message,True,written_era
John Tyler,1844-04-09,1844,"April 9, 1844: Message Regarding Disturbances in Rhode Island",https://millercenter.org/the-presidency/presidential-speeches/april-9-1844-message-regarding-disturbances-rhode-island,"John_Tyler_1844-04-09T14:34:58-04:56_April_9,_1844:_Message_Regarding_Disturbances_in_Rhode_Island.json",1954,16,1,8.19,0.51,0.9412,Other,False,written_era
John Tyler,1844-06-11,1844,"June 11, 1844: Veto Message Regarding Infrastructure Improvements",https://millercenter.org/the-presidency/presidential-speeches/june-11-1844-veto-message-regarding-infrastructure,"John_Tyler_1844-06-11T14:35:58-04:56_June_11,_1844:_Veto_Message_Regarding_Infrastructure_Improvements.json",1612,13,2,8.06,1.24,0.8667,Other,False,written_era
John Tyler,1844-12-03,1844,"December 3, 1844: Fourth Annual Message",https://millercenter.org/the-presidency/presidential-speeches/december-3-1844-fourth-annual-message,"John_Tyler_1844-12-03T14:36:58-04:56_December_3,_1844:_Fourth_Annual_Message.json",9313,62,91,6.66,9.77,0.4052,Annual Message,True,written_era
John Tyler,1844-12-18,1844,"December 18, 1844: Message Regarding US-Mexican Affairs",https://millercenter.org/the-presidency/presidential-speeches/december-18-1844-message-regarding-us-mexican-affairs,"John_Tyler_1844-12-18T14:39:58-04:56_December_18,_1844:_Message_Regarding_US-Mexican_Affairs.json",1767,3,13,1.7,7.36,0.1875,Other,False,written_era
John Tyler,1845-02-20,1845,"February 20, 1845: Message Regarding the Slave Trade",https://millercenter.org/the-presidency/presidential-speeches/february-20-1845-message-regarding-slave-trade,"John_Tyler_1845-02-20T14:40:58-04:56_February_20,_1845:_Message_Regarding_the_Slave_Trade.json",1090,3,7,2.75,6.42,0.3,Other,False,written_era
Lyndon B. Johnson,1963-05-30,1963,"May 30, 1963: Remarks at Gettysburg on Civil Rights",https://millercenter.org/the-presidency/presidential-speeches/may-30-1963-remarks-gettysburg-civil-rights,"Lyndon_B._Johnson_1963-05-30T13:00:00-04:00_May_30,_1963:_Remarks_at_Gettysburg_on_Civil_Rights.json",705,0,31,0.0,43.97,0.0,Other,False,spoken_era
Lyndon B. Johnson,1963-11-27,1963,"November 27, 1963: Address to Joint Session of Congress",https://millercenter.org/the-presidency/presidential-speeches/november-27-1963-address-joint-session-congress,"Lyndon_B._Johnson_1963-11-27T13:00:00-05:00_November_27,_1963:_Address_to_Joint_Session_of_Congress.json",1635,26,78,15.9,47.71,0.25,Address to Congress,False,spoken_era
Lyndon B. Johnson,1963-11-28,1963,"November 28, 1963: Thanksgiving Message",https://millercenter.org/the-presidency/presidential-speeches/november-28-1963-thanksgiving-message,"Lyndon_B._Johnson_1963-11-28T13:00:00-05:00_November_28,_1963:_Thanksgiving_Message.json",2049,44,140,21.47,68.33,0.2391,Other,False,spoken_era
Lyndon B. Johnson,1963-12-17,1963,"December 17, 1963: Address to the U.N. General Assembly",https://millercenter.org/the-presidency/presidential-speeches/december-17-1963-address-un-general-assembly,"Lyndon_B._Johnson_1963-12-17T13:00:00-05:00_December_17,_1963:_Address_to_the_U.N._General_Assembly.json",3079,57,94,18.51,30.53,0.3775,Other,False,spoken_era
Lyndon B. Johnson,1964-01-08,1964,"January 8, 1964: State of the Union",https://millercenter.org/the-presidency/presidential-speeches/january-8-1964-state-union,"Lyndon_B._Johnson_1964-01-08T13:00:00-05:00_January_8,_1964:_State_of_the_Union.json",3182,24,149,7.54,46.83,0.1387,State of the Union,True,spoken_era
Lyndon B. Johnson,1964-02-01,1964,"February 1, 1964: Press Conference",https://millercenter.org/the-presidency/presidential-speeches/february-1-1964-press-conference,"Lyndon_B._Johnson_1964-02-01T13:00:00-05:00_February_1,_1964:_Press_Conference.json",3969,128,90,32.25,22.68,0.5872,Press/News Conference,False,spoken_era
Lyndon B. Johnson,1964-02-21,1964,"February 21, 1964: Remarks at the Ninety Sixth Charter Day Observances",https://millercenter.org/the-presidency/presidential-speeches/february-21-1964-remarks-ninety-sixth-charter-day-observances,"Lyndon_B._Johnson_1964-02-21T13:00:00-05:00_February_21,_1964:_Remarks_at_the_Ninety_Sixth_Charter_Day_Observances.json",1177,5,62,4.25,52.68,0.0746,Other,False,spoken_era
Lyndon B. Johnson,1964-02-29,1964,"February 29, 1964: Press Conference at the State Department",https://millercenter.org/the-presidency/presidential-speeches/february-29-1964-press-conference-state-department,"Lyndon_B._Johnson_1964-02-29T13:00:00-05:00_February_29,_1964:_Press_Conference_at_the_State_Department.json",8492,224,232,26.38,27.32,0.4912,Press/News Conference,False,spoken_era
Lyndon B. Johnson,1964-03-07,1964,"March 7, 1964: Press Conference at the White House",https://millercenter.org/the-presidency/presidential-speeches/march-7-1964-press-conference-white-house,"Lyndon_B._Johnson_1964-03-07T13:00:00-05:00_March_7,_1964:_Press_Conference_at_the_White_House.json",4671,116,94,24.83,20.12,0.5524,Press/News Conference,False,spoken_era
Lyndon B. Johnson,1964-04-16,1964,"April 16, 1964: Press Conference at the State Department",https://millercenter.org/the-presidency/presidential-speeches/april-16-1964-press-conference-state-department,"Lyndon_B._Johnson_1964-04-16T13:00:00-05:00_April_16,_1964:_Press_Conference_at_the_State_Department.json",4559,134,83,29.39,18.21,0.6175,Press/News Conference,False,spoken_era
Lyndon B. Johnson,1964-04-20,1964,"April 20, 1964: Speech to the Associated Press Luncheon",https://millercenter.org/the-presidency/presidential-speeches/april-20-1964-speech-associated-press-luncheon,"Lyndon_B._Johnson_1964-04-20T13:00:00-05:00_April_20,_1964:_Speech_to_the_Associated_Press_Luncheon.json",8696,56,424,6.44,48.76,0.1167,Other,False,spoken_era
Lyndon B. Johnson,1964-05-06,1964,"May 6, 1964: Press Conference on the South Lawn",https://millercenter.org/the-presidency/presidential-speeches/may-6-1964-press-conference-south-lawn,"Lyndon_B._Johnson_1964-05-06T13:00:00-04:00_May_6,_1964:_Press_Conference_on_the_South_Lawn.json",4448,157,82,35.3,18.44,0.6569,Press/News Conference,False,spoken_era
Lyndon B. Johnson,1964-05-22,1964,"May 22, 1964: Remarks at the University of Michigan",,"Lyndon_B._Johnson_1964-05-22T13:00:00-04:00_May_22,_1964:_Remarks_at_the_University_of_Michigan.json",1802,14,70,7.77,38.85,0.1667,Other,False,spoken_era
Lyndon B. Johnson,1964-07-02,1964,"July 2, 1964: Remarks upon Signing the Civil Rights Bill",https://millercenter.org/the-presidency/presidential-speeches/july-2-1964-remarks-upon-signing-civil-rights-bill,"Lyndon_B._Johnson_1964-07-02T13:00:00-04:00_July_2,_1964:_Remarks_upon_Signing_the_Civil_Rights_Bill.json",1033,17,33,16.46,31.95,0.34,Other,False,spoken_era
Lyndon B. Johnson,1964-07-24,1964,"July 24, 1964: Press Conference at the State Department",https://millercenter.org/the-presidency/presidential-speeches/july-24-1964-press-conference-state-department,"Lyndon_B._Johnson_1964-07-24T13:00:00-04:00_July_24,_1964:_Press_Conference_at_the_State_Department.json",4491,143,84,31.84,18.7,0.63,Press/News Conference,False,spoken_era
Lyndon B. Johnson,1964-08-04,1964,"August 4, 1964: Report on the Gulf of Tonkin Incident",https://millercenter.org/the-presidency/presidential-speeches/august-4-1964-report-gulf-tonkin-incident,"Lyndon_B._Johnson_1964-08-04T13:00:00-04:00_August_4,_1964:_Report_on_the_Gulf_of_Tonkin_Incident.json",548,15,8,27.37,14.6,0.6522,Other,False,spoken_era
Lyndon B. Johnson,1964-08-05,1964,"August 5, 1964: Remarks on Vietnam at Syracuse University",https://millercenter.org/the-presidency/presidential-speeches/august-5-1964-remarks-vietnam-syracuse-university,"Lyndon_B._Johnson_1964-08-05T13:00:00-04:00_August_5,_1964:_Remarks_on_Vietnam_at_Syracuse_University.json",1083,11,30,10.16,27.7,0.2683,Other,False,spoken_era
Lyndon B. Johnson,1964-08-27,1964,"August 27, 1964: Acceptance Speech at the Democratic National Convention",https://millercenter.org/the-presidency/presidential-speeches/august-27-1964-acceptance-speech-democratic-national,"Lyndon_B._Johnson_1964-08-27T13:00:00-04:00_August_27,_1964:_Acceptance_Speech_at_the_Democratic_National_Convention.json",4582,102,214,22.26,46.7,0.3228,Nomination Acceptance,False,spoken_era
Lyndon B. Johnson,1964-10-09,1964,"October 9, 1964: Speech at the Jung Hotel, New Orleans",https://millercenter.org/the-presidency/presidential-speeches/october-9-1964-speech-jung-hotel-new-orleans,"Lyndon_B._Johnson_1964-10-09T13:00:00-04:00_October_9,_1964:_Speech_at_the_Jung_Hotel,_New_Orleans.json",4275,160,131,37.43,30.64,0.5498,Other,False,spoken_era
Lyndon B. Johnson,1964-10-18,1964,"October 18, 1964: Report to the Nation on Events in China and the USSR",https://millercenter.org/the-presidency/presidential-speeches/october-18-1964-report-nation-events-china-and-ussr,"Lyndon_B._Johnson_1964-10-18T13:00:00-04:00_October_18,_1964:_Report_to_the_Nation_on_Events_in_China_and_the_USSR.json",3886,46,140,11.84,36.03,0.2473,Other,False,spoken_era
Lyndon B. Johnson,1965-01-04,1965,"January 4, 1965: State of the Union",https://millercenter.org/the-presidency/presidential-speeches/january-4-1965-state-union,"Lyndon_B._Johnson_1965-01-04T13:00:00-05:00_January_4,_1965:_State_of_the_Union.json",4372,70,200,16.01,45.75,0.2593,State of the Union,True,spoken_era
Lyndon B. Johnson,1965-01-20,1965,"January 20, 1965: Inaugural Address",https://millercenter.org/the-presidency/presidential-speeches/january-20-1965-inaugural-address,"Lyndon_B._Johnson_1965-01-20T13:00:00-05:00_January_20,_1965:_Inaugural_Address.json",1487,24,83,16.14,55.82,0.2243,Inaugural Address,False,spoken_era
Lyndon B. Johnson,1965-02-04,1965,"February 4, 1965: Press Conference",https://millercenter.org/the-presidency/presidential-speeches/february-4-1965-press-conference,"Lyndon_B._Johnson_1965-02-04T13:00:00-05:00_February_4,_1965:_Press_Conference.json",4481,133,131,29.68,29.23,0.5038,Press/News Conference,False,spoken_era
Lyndon B. Johnson,1965-03-13,1965,"March 13, 1965: Press Conference at the White House",https://millercenter.org/the-presidency/presidential-speeches/march-13-1965-press-conference-white-house,"Lyndon_B._Johnson_1965-03-13T13:00:00-05:00_March_13,_1965:_Press_Conference_at_the_White_House.json",3887,128,80,32.93,20.58,0.6154,Press/News Conference,False,spoken_era
Lyndon B. Johnson,1965-03-15,1965,"March 15, 1965: Speech Before Congress on Voting Rights",https://millercenter.org/the-presidency/presidential-speeches/march-15-1965-speech-congress-voting-rights,"Lyndon_B._Johnson_1965-03-15T13:00:00-05:00_March_15,_1965:_Speech_Before_Congress_on_Voting_Rights.json",3719,71,91,19.09,24.47,0.4383,Other,False,spoken_era
Lyndon B. Johnson,1965-03-20,1965,"March 20, 1965: Press Conference at the LBJ Ranch",https://millercenter.org/the-presidency/presidential-speeches/march-20-1965-press-conference-lbj-ranch,"Lyndon_B._Johnson_1965-03-20T13:00:00-05:00_March_20,_1965:_Press_Conference_at_the_LBJ_Ranch.json",4736,140,97,29.56,20.48,0.5907,Press/News Conference,False,spoken_era
Lyndon B. Johnson,1965-03-26,1965,"March 26, 1965: Remarks at a Reception for Astronauts Grissom and Young",https://millercenter.org/the-presidency/presidential-speeches/march-26-1965-remarks-reception-astronauts-grissom-and-young,"Lyndon_B._Johnson_1965-03-26T13:00:00-05:00_March_26,_1965:_Remarks_at_a_Reception_for_Astronauts_Grissom_and_Young.json",923,10,40,10.83,43.34,0.2,Other,False,spoken_era
Lyndon B. Johnson,1965-03-26,1965,"March 26, 1965: Statement on Arrests in Violo Liuzzo Murder",https://millercenter.org/the-presidency/presidential-speeches/march-26-1965-statement-arrests-violo-liuzzo-murder,"Lyndon_B._Johnson_1965-03-26T13:00:00-05:00_March_26,_1965:_Statement_on_Arrests_in_Violo_Liuzzo_Murder.json",763,17,9,22.28,11.8,0.6538,Other,False,spoken_era
Lyndon B. Johnson,1965-04-07,1965,"April 7, 1965: Address at Johns Hopkins University",,"Lyndon_B._Johnson_1965-04-07T13:00:00-05:00_April_7,_1965:_Address_at_Johns_Hopkins_University.json",2853,29,114,10.16,39.96,0.2028,Other,False,spoken_era
Lyndon B. Johnson,1965-04-27,1965,"April 27, 1965: Press Conference in the East Room",https://millercenter.org/the-presidency/presidential-speeches/april-27-1965-press-conference-east-room,"Lyndon_B._Johnson_1965-04-27T13:00:00-04:00_April_27,_1965:_Press_Conference_in_the_East_Room.json",4622,118,151,25.53,32.67,0.4387,Press/News Conference,False,spoken_era
Lyndon B. Johnson,1965-04-28,1965,"April 28, 1965: Statement on Sending Troops to the Dominican Republic",https://millercenter.org/the-presidency/presidential-speeches/april-28-1965-statement-sending-troops-dominican-republic,"Lyndon_B._Johnson_1965-04-28T13:00:00-04:00_April_28,_1965:_Statement_on_Sending_Troops_to_the_Dominican_Republic.json",246,7,2,28.46,8.13,0.7778,Other,False,spoken_era
Lyndon B. Johnson,1965-05-02,1965,"May 2, 1965: Report on the Situation in the Dominican Republic",https://millercenter.org/the-presidency/presidential-speeches/may-2-1965-report-situation-dominican-republic,"Lyndon_B._Johnson_1965-05-02T13:00:00-04:00_May_2,_1965:_Report_on_the_Situation_in_the_Dominican_Republic.json",2647,41,90,15.49,34.0,0.313,Other,False,spoken_era
Lyndon B. Johnson,1965-05-13,1965,"May 13, 1965: Speech to the Association of American Editorial Cartoonists",https://millercenter.org/the-presidency/presidential-speeches/may-13-1965-speech-association-american-editorial-cartoonists,"Lyndon_B._Johnson_1965-05-13T13:00:00-04:00_May_13,_1965:_Speech_to_the_Association_of_American_Editorial_Cartoonists.json",2436,26,63,10.67,25.86,0.2921,Other,False,spoken_era
Lyndon B. Johnson,1965-06-01,1965,"June 1, 1965: Press Conference in the East Room",https://millercenter.org/the-presidency/presidential-speeches/june-1-1965-press-conference-east-room,"Lyndon_B._Johnson_1965-06-01T13:00:00-04:00_June_1,_1965:_Press_Conference_in_the_East_Room.json",4546,62,152,13.64,33.44,0.2897,Press/News Conference,False,spoken_era
Lyndon B. Johnson,1965-06-04,1965,"June 4, 1965: Remarks at the Howard University Commencement",https://millercenter.org/the-presidency/presidential-speeches/june-4-1965-remarks-howard-university-commencement,"Lyndon_B._Johnson_1965-06-04T13:00:00-04:00_June_4,_1965:_Remarks_at_the_Howard_University_Commencement.json",2800,19,49,6.79,17.5,0.2794,Other,False,spoken_era
Lyndon B. Johnson,1965-06-11,1965,"June 11, 1965: Remarks at the Manned Space Flight Center",https://millercenter.org/the-presidency/presidential-speeches/june-11-1965-remarks-manned-space-flight-center,"Lyndon_B._Johnson_1965-06-11T13:00:00-04:00_June_11,_1965:_Remarks_at_the_Manned_Space_Flight_Center.json",1125,38,23,33.78,20.44,0.623,Other,False,spoken_era
Lyndon B. Johnson,1965-06-25,1965,"June 25, 1965: Remarks on the 20th Anniversary of the U.N. Charter",https://millercenter.org/the-presidency/presidential-speeches/june-25-1965-remarks-20th-anniversary-un-charter,"Lyndon_B._Johnson_1965-06-25T13:00:00-04:00_June_25,_1965:_Remarks_on_the_20th_Anniversary_of_the_U.N._Charter.json",3660,40,90,10.93,24.59,0.3077,Other,False,spoken_era
Lyndon B. Johnson,1965-07-13,1965,"July 13, 1965: Press Conference in the East Room",https://millercenter.org/the-presidency/presidential-speeches/july-13-1965-press-conference-east-room,"Lyndon_B._Johnson_1965-07-13T13:00:00-04:00_July_13,_1965:_Press_Conference_in_the_East_Room.json",4260,132,86,30.99,20.19,0.6055,Press/News Conference,False,spoken_era
Lyndon B. Johnson,1965-07-28,1965,"July 28, 1965: Press Conference",https://millercenter.org/the-presidency/presidential-speeches/july-28-1965-press-conference,"Lyndon_B._Johnson_1965-07-28T13:00:00-04:00_July_28,_1965:_Press_Conference.json",5210,174,145,33.4,27.83,0.5455,Press/News Conference,False,spoken_era
Lyndon B. Johnson,1965-08-06,1965,"August 6, 1965: Remarks on the Signing of the Voting Rights Act",https://millercenter.org/the-presidency/presidential-speeches/august-6-1965-remarks-signing-voting-rights-act,"Lyndon_B._Johnson_1965-08-06T13:00:00-04:00_August_6,_1965:_Remarks_on_the_Signing_of_the_Voting_Rights_Act.json",1858,18,25,9.69,13.46,0.4186,Other,False,spoken_era
Lyndon B. Johnson,1965-08-25,1965,"August 25, 1965: Press Conference at the White House",https://millercenter.org/the-presidency/presidential-speeches/august-25-1965-press-conference-white-house,"Lyndon_B._Johnson_1965-08-25T13:00:00-04:00_August_25,_1965:_Press_Conference_at_the_White_House.json",4904,111,139,22.63,28.34,0.444,Press/News Conference,False,spoken_era
Lyndon B. Johnson,1966-01-12,1966,"January 12, 1966: State of the Union",https://millercenter.org/the-presidency/presidential-speeches/january-12-1966-state-union,"Lyndon_B._Johnson_1966-01-12T13:00:00-05:00_January_12,_1966:_State_of_the_Union.json",5520,70,206,12.68,37.32,0.2536,State of the Union,True,spoken_era
Lyndon B. Johnson,1966-01-31,1966,"January 31, 1966: Statement on the Resumption of Bombing in North Vietnam",https://millercenter.org/the-presidency/presidential-speeches/january-31-1966-statement-resumption-bombing-north-vietnam,"Lyndon_B._Johnson_1966-01-31T13:00:00-05:00_January_31,_1966:_Statement_on_the_Resumption_of_Bombing_in_North_Vietnam.json",800,11,21,13.75,26.25,0.3438,Other,False,spoken_era
Lyndon B. Johnson,1966-02-23,1966,"February 23, 1966: Remarks on Receiving the National Freedom Award",https://millercenter.org/the-presidency/presidential-speeches/february-23-1966-remarks-receiving-national-freedom-award,"Lyndon_B._Johnson_1966-02-23T13:00:00-05:00_February_23,_1966:_Remarks_on_Receiving_the_National_Freedom_Award.json",3910,45,133,11.51,34.02,0.2528,Other,False,spoken_era
Lyndon B. Johnson,1966-03-23,1966,"March 23, 1966: Speech Before the Foreign Institute",https://millercenter.org/the-presidency/presidential-speeches/march-23-1966-speech-foreign-institute,"Lyndon_B._Johnson_1966-03-23T13:00:00-05:00_March_23,_1966:_Speech_Before_the_Foreign_Institute.json",1584,8,29,5.05,18.31,0.2162,Other,False,spoken_era
Lyndon B. Johnson,1966-06-30,1966,"June 30, 1966: Remarks in Omaha, Nebraska",https://millercenter.org/the-presidency/presidential-speeches/june-30-1966-remarks-omaha-nebraska,"Lyndon_B._Johnson_1966-06-30T13:00:00-04:00_June_30,_1966:_Remarks_in_Omaha,_Nebraska.json",3820,51,106,13.35,27.75,0.3248,Other,False,spoken_era
Lyndon B. Johnson,1966-07-05,1966,"July 5, 1966: Press Conference at the LBJ Ranch",https://millercenter.org/the-presidency/presidential-speeches/july-5-1966-press-conference-lbj-ranch,"Lyndon_B._Johnson_1966-07-05T13:00:00-04:00_July_5,_1966:_Press_Conference_at_the_LBJ_Ranch.json",4846,87,216,17.95,44.57,0.2871,Press/News Conference,False,spoken_era
Lyndon B. Johnson,1966-07-12,1966,"July 12, 1966: Speech on U.S. Foreign Policy in Asia",https://millercenter.org/the-presidency/presidential-speeches/july-12-1966-speech-us-foreign-policy-asia,"Lyndon_B._Johnson_1966-07-12T13:00:00-04:00_July_12,_1966:_Speech_on_U.S._Foreign_Policy_in_Asia.json",2538,29,105,11.43,41.37,0.2164,Other,False,spoken_era
Lyndon B. Johnson,1966-07-20,1966,"July 20, 1966: Press Conference in the East Room",https://millercenter.org/the-presidency/presidential-speeches/july-20-1966-press-conference-east-room,"Lyndon_B._Johnson_1966-07-20T13:00:00-04:00_July_20,_1966:_Press_Conference_in_the_East_Room.json",4061,98,104,24.13,25.61,0.4851,Press/News Conference,False,spoken_era
Lyndon B. Johnson,1966-10-06,1966,"October 6, 1966: Press Conference",https://millercenter.org/the-presidency/presidential-speeches/october-6-1966-press-conference,"Lyndon_B._Johnson_1966-10-06T13:00:00-04:00_October_6,_1966:_Press_Conference.json",3911,112,110,28.64,28.13,0.5045,Press/News Conference,False,spoken_era
Lyndon B. Johnson,1966-10-15,1966,"October 15, 1966: Remarks on the Creation of the Department of Transportation",https://millercenter.org/the-presidency/presidential-speeches/october-15-1966-remarks-creation-department-transportation,"Lyndon_B._Johnson_1966-10-15T13:00:00-04:00_October_15,_1966:_Remarks_on_the_Creation_of_the_Department_of_Transportation.json",838,12,33,14.32,39.38,0.2667,Other,False,spoken_era
Lyndon B. Johnson,1966-10-17,1966,"October 17, 1966: Remarks on Departing for the Asia-Pacific Trip",https://millercenter.org/the-presidency/presidential-speeches/october-17-1966-remarks-departing-asia-pacific-trip,"Lyndon_B._Johnson_1966-10-17T13:00:00-04:00_October_17,_1966:_Remarks_on_Departing_for_the_Asia-Pacific_Trip.json",319,16,7,50.16,21.94,0.6957,Other,False,spoken_era
Lyndon B. Johnson,1966-12-31,1966,"December 31, 1966: Press Conference",https://millercenter.org/the-presidency/presidential-speeches/december-31-1966-press-conference,"Lyndon_B._Johnson_1966-12-31T13:00:00-05:00_December_31,_1966:_Press_Conference.json",3170,78,161,24.61,50.79,0.3264,Press/News Conference,False,spoken_era
Lyndon B. Johnson,1967-01-10,1967,"January 10, 1967: State of the Union Address",https://millercenter.org/the-presidency/presidential-speeches/january-10-1967-state-union-address,"Lyndon_B._Johnson_1967-01-10T13:00:00-05:00_January_10,_1967:_State_of_the_Union_Address.json",14226,188,692,13.22,48.64,0.2136,State of the Union,True,spoken_era
Lyndon B. Johnson,1967-02-02,1967,"February 2, 1967: Press Conference",https://millercenter.org/the-presidency/presidential-speeches/february-2-1967-press-conference,"Lyndon_B._Johnson_1967-02-02T13:00:00-05:00_February_2,_1967:_Press_Conference.json",3239,131,113,40.44,34.89,0.5369,Press/News Conference,False,spoken_era
Lyndon B. Johnson,1967-03-09,1967,"March 9, 1967: Press Conference",https://millercenter.org/the-presidency/presidential-speeches/march-9-1967-press-conference,"Lyndon_B._Johnson_1967-03-09T13:00:00-05:00_March_9,_1967:_Press_Conference.json",4404,162,144,36.78,32.7,0.5294,Press/News Conference,False,spoken_era
Lyndon B. Johnson,1967-03-15,1967,"March 15, 1967: Address on Vietnam to the Tennessee General Assembly",https://millercenter.org/the-presidency/presidential-speeches/march-15-1967-address-vietnam-tennessee-general-assembly,"Lyndon_B._Johnson_1967-03-15T13:00:00-05:00_March_15,_1967:_Address_on_Vietnam_to_the_Tennessee_General_Assembly.json",3420,41,114,11.99,33.33,0.2645,Other,False,spoken_era
Lyndon B. Johnson,1967-07-24,1967,"July 24, 1967: Address After Ordering Federal Troops to Detroit, Michigan",https://millercenter.org/the-presidency/presidential-speeches/july-24-1967-address-after-ordering-federal-troops-detroit,"Lyndon_B._Johnson_1967-07-24T13:00:00-04:00_July_24,_1967:_Address_After_Ordering_Federal_Troops_to_Detroit,_Michigan.json",891,16,5,17.96,5.61,0.7619,Other,False,spoken_era
Lyndon B. Johnson,1967-07-27,1967,"July 27, 1967: Speech to the Nation on Civil Disorders",https://millercenter.org/the-presidency/presidential-speeches/july-27-1967-speech-nation-civil-disorders,"Lyndon_B._Johnson_1967-07-27T13:00:00-04:00_July_27,_1967:_Speech_to_the_Nation_on_Civil_Disorders.json",1910,19,56,9.95,29.32,0.2533,Other,False,spoken_era
Lyndon B. Johnson,1967-08-18,1967,"August 18, 1967: Press Conference",https://millercenter.org/the-presidency/presidential-speeches/august-18-1967-press-conference,"Lyndon_B._Johnson_1967-08-18T13:00:00-04:00_August_18,_1967:_Press_Conference.json",4323,61,176,14.11,40.71,0.2574,Press/News Conference,False,spoken_era
Lyndon B. Johnson,1967-09-29,1967,"September 29, 1967: Speech on Vietnam",https://millercenter.org/the-presidency/presidential-speeches/september-29-1967-speech-vietnam,"Lyndon_B._Johnson_1967-09-29T13:00:00-04:00_September_29,_1967:_Speech_on_Vietnam.json",2783,33,80,11.86,28.75,0.292,Other,False,spoken_era
Lyndon B. Johnson,1967-11-17,1967,"November 17, 1967: Press Conference",https://millercenter.org/the-presidency/presidential-speeches/november-17-1967-press-conference,"Lyndon_B._Johnson_1967-11-17T13:00:00-05:00_November_17,_1967:_Press_Conference.json",5500,119,213,21.64,38.73,0.3584,Press/News Conference,False,spoken_era
Lyndon B. Johnson,1967-12-19,1967,"December 19, 1967: A Conversation with President Lyndon Johnson",https://millercenter.org/the-presidency/presidential-speeches/december-19-1967-conversation-president-lyndon-johnson,"Lyndon_B._Johnson_1967-12-19T13:00:00-05:00_December_19,_1967:_A_Conversation_with_President_Lyndon_Johnson.json",8919,214,339,23.99,38.01,0.387,Other,False,spoken_era
Lyndon B. Johnson,1968-01-17,1968,"January 17, 1968: State of the Union Address",https://millercenter.org/the-presidency/presidential-speeches/january-17-1968-state-union-address,"Lyndon_B._Johnson_1968-01-17T13:00:00-05:00_January_17,_1968:_State_of_the_Union_Address.json",9728,156,394,16.04,40.5,0.2836,State of the Union,True,spoken_era
Lyndon B. Johnson,1968-03-31,1968,"March 31, 1968: Remarks on Decision not to Seek Re-Election",,"Lyndon_B._Johnson_1968-03-31T13:00:00-05:00_March_31,_1968:_Remarks_on_Decision_not_to_Seek_Re-Election.json",4070,83,114,20.39,28.01,0.4213,Other,False,spoken_era
Lyndon B. Johnson,1968-04-01,1968,"April 1, 1968: Address to the National Association of Broadcasters",https://millercenter.org/the-presidency/presidential-speeches/april-1-1968-address-national-association-broadcasters,"Lyndon_B._Johnson_1968-04-01T13:00:00-05:00_April_1,_1968:_Address_to_the_National_Association_of_Broadcasters.json",2604,82,54,31.49,20.74,0.6029,Other,False,spoken_era
Lyndon B. Johnson,1968-04-03,1968,"April 3, 1968: Press Conference",https://millercenter.org/the-presidency/presidential-speeches/april-3-1968-press-conference,"Lyndon_B._Johnson_1968-04-03T13:00:00-05:00_April_3,_1968:_Press_Conference.json",420,10,6,23.81,14.29,0.625,Press/News Conference,False,spoken_era
Lyndon B. Johnson,1968-04-11,1968,"April 11, 1968: Remarks on Signing the Civil Rights Act",https://millercenter.org/the-presidency/presidential-speeches/april-11-1968-remarks-signing-civil-rights-act,"Lyndon_B._Johnson_1968-04-11T13:00:00-05:00_April_11,_1968:_Remarks_on_Signing_the_Civil_Rights_Act.json",679,15,13,22.09,19.15,0.5357,Other,False,spoken_era
Lyndon B. Johnson,1968-07-01,1968,"July 1, 1968: Remarks on Signing the Nuclear Nonproliferation Treaty",https://millercenter.org/the-presidency/presidential-speeches/july-1-1968-remarks-signing-nuclear-nonproliferation-treaty,"Lyndon_B._Johnson_1968-07-01T13:00:00-04:00_July_1,_1968:_Remarks_on_Signing_the_Nuclear_Nonproliferation_Treaty.json",1141,8,29,7.01,25.42,0.2162,Other,False,spoken_era
Lyndon B. Johnson,1968-10-31,1968,"October 31, 1968: Remarks on the Cessation of Bombing of North Vietnam",https://millercenter.org/the-presidency/presidential-speeches/october-31-1968-remarks-cessation-bombing-north-vietnam,"Lyndon_B._Johnson_1968-10-31T13:00:00-05:00_October_31,_1968:_Remarks_on_the_Cessation_of_Bombing_of_North_Vietnam.json",2092,62,65,29.64,31.07,0.4882,Other,False,spoken_era
Lyndon B. Johnson,1969-01-14,1969,"January 14, 1969: State of the Union Address",https://millercenter.org/the-presidency/presidential-speeches/january-14-1969-state-union-address,"Lyndon_B._Johnson_1969-01-14T13:00:00-05:00_January_14,_1969:_State_of_the_Union_Address.json",8132,234,260,28.78,31.97,0.4737,State of the Union,True,spoken_era
Martin Van Buren,1837-03-04,1837,"March 4, 1837: Inaugural Address",https://millercenter.org/the-presidency/presidential-speeches/march-4-1837-inaugural-address,"Martin_Van_Buren_1837-03-04T13:03:58-04:56_March_4,_1837:_Inaugural_Address.json",3844,89,104,23.15,27.06,0.4611,Inaugural Address,False,written_era
Martin Van Buren,1837-09-04,1837,"September 4, 1837: Special Session Message",https://millercenter.org/the-presidency/presidential-speeches/september-4-1837-special-session-message,"Martin_Van_Buren_1837-09-04T13:03:58-04:56_September_4,_1837:_Special_Session_Message.json",11733,65,81,5.54,6.9,0.4452,Other,False,written_era
Martin Van Buren,1837-12-05,1837,"December 5, 1837: First Annual Message to Congress",https://millercenter.org/the-presidency/presidential-speeches/december-5-1837-first-annual-message-congress,"Martin_Van_Buren_1837-12-05T13:03:58-04:56_December_5,_1837:_First_Annual_Message_to_Congress.json",11427,70,84,6.13,7.35,0.4545,Annual Message,True,written_era
Martin Van Buren,1838-01-05,1838,"January 5, 1838: Proclamation",https://millercenter.org/the-presidency/presidential-speeches/january-5-1838-proclamation,"Martin_Van_Buren_1838-01-05T13:03:58-04:56_January_5,_1838:_Proclamation.json",395,4,1,10.13,2.53,0.8,Other,False,written_era
Martin Van Buren,1838-11-21,1838,"November 21, 1838: Message Regarding Disturbances and Hostilities on the Canadian Border",https://millercenter.org/the-presidency/presidential-speeches/november-21-1838-message-regarding-disturbances-and,"Martin_Van_Buren_1838-11-21T13:31:58-04:56_November_21,_1838:_Message_Regarding_Disturbances_and_Hostilities_on_the_Canadian_Border.json",510,4,1,7.84,1.96,0.8,Other,False,written_era
Martin Van Buren,1838-12-03,1838,"December 3, 1838: Second Annual Message to Congress",https://millercenter.org/the-presidency/presidential-speeches/december-3-1838-second-annual-message-congress,"Martin_Van_Buren_1838-12-03T13:03:58-04:56_December_3,_1838:_Second_Annual_Message_to_Congress.json",11471,46,80,4.01,6.97,0.3651,Annual Message,True,written_era
Martin Van Buren,1839-02-16,1839,"February 16, 1839: Message Regarding Disputes on the Maine-Canadian Border",https://millercenter.org/the-presidency/presidential-speeches/february-16-1839-message-regarding-disputes-maine-canadian,"Martin_Van_Buren_1839-02-16T13:33:58-04:56_February_16,_1839:_Message_Regarding_Disputes_on_the_Maine-Canadian_Border.json",2102,14,2,6.66,0.95,0.875,Other,False,written_era
Martin Van Buren,1839-12-02,1839,"December 2, 1839: Third Annual Message to Congress",https://millercenter.org/the-presidency/presidential-speeches/december-2-1839-third-annual-message-congress,"Martin_Van_Buren_1839-12-02T13:03:58-04:56_December_2,_1839:_Third_Annual_Message_to_Congress.json",13412,99,174,7.38,12.97,0.3626,Annual Message,True,written_era
Martin Van Buren,1840-12-05,1840,"December 5, 1840: Fourth Annual Message to Congress",https://millercenter.org/the-presidency/presidential-speeches/december-5-1840-fourth-annual-message-congress,"Martin_Van_Buren_1840-12-05T13:03:58-04:56_December_5,_1840:_Fourth_Annual_Message_to_Congress.json",8961,49,60,5.47,6.7,0.4495,Annual Message,True,written_era
Martin Van Buren,1841-01-02,1841,"January 2, 1841: Special Message about the Desctruction of Steamboat “Caroline”",https://millercenter.org/the-presidency/presidential-speeches/january-2-1841-special-message-about-desctruction-steamboat,"Martin_Van_Buren_1841-01-02T13:03:58-04:56_January_2,_1841:_Special_Message_about_the_Desctruction_of_Steamboat_“Caroline”.json",865,29,0,33.53,0.0,1.0,Other,False,written_era
Millard Fillmore,1850-08-06,1850,"August 6, 1850: Message Regarding Compromise with Texas",https://millercenter.org/the-presidency/presidential-speeches/august-6-1850-message-regarding-compromise-texas,"Millard_Fillmore_1850-08-06T11:45:58-04:56_August_6,_1850:_Message_Regarding_Compromise_with_Texas.json",3208,30,1,9.35,0.31,0.9677,Other,False,written_era
Millard Fillmore,1850-12-02,1850,"December 2, 1850: First Annual Message",https://millercenter.org/the-presidency/presidential-speeches/december-2-1850-first-annual-message,"Millard_Fillmore_1850-12-02T13:03:58-04:56_December_2,_1850:_First_Annual_Message.json",7755,88,69,11.35,8.9,0.5605,Annual Message,True,written_era
Millard Fillmore,1850-12-13,1850,"December 13, 1850: Announcement of Texas’ Acceptance of Compromise Propositions",https://millercenter.org/the-presidency/presidential-speeches/december-13-1850-announcement-texas-acceptance-compromise,"Millard_Fillmore_1850-12-13T11:48:58-04:56_December_13,_1850:_Announcement_of_Texas’_Acceptance_of_Compromise_Propositions.json",609,2,1,3.28,1.64,0.6667,Other,False,written_era
Millard Fillmore,1850-12-13,1850,"December 13, 1850: Message Regarding Agreement with Texas",https://millercenter.org/the-presidency/presidential-speeches/december-13-1850-message-regarding-agreement-texas,"Millard_Fillmore_1850-12-13T13:04:58-04:56_December_13,_1850:_Message_Regarding_Agreement_with_Texas.json",891,2,0,2.24,0.0,1.0,Other,False,written_era
Millard Fillmore,1851-02-19,1851,"February 19, 1851: Message Regarding Disturbance in Boston",https://millercenter.org/the-presidency/presidential-speeches/february-19-1851-message-regarding-disturbance-boston,"Millard_Fillmore_1851-02-19T13:06:58-04:56_February_19,_1851:_Message_Regarding_Disturbance_in_Boston.json",3292,26,9,7.9,2.73,0.7429,Other,False,written_era
Millard Fillmore,1851-12-02,1851,"December 2, 1851: Second Annual Message",https://millercenter.org/the-presidency/presidential-speeches/december-2-1851-second-annual-message,"Millard_Fillmore_1851-12-02T13:07:58-04:56_December_2,_1851:_Second_Annual_Message.json",13166,86,104,6.53,7.9,0.4526,Annual Message,True,written_era
Millard Fillmore,1852-12-06,1852,"December 6, 1852: Third Annual Message",https://millercenter.org/the-presidency/presidential-speeches/december-6-1852-third-annual-message,"Millard_Fillmore_1852-12-06T13:09:58-04:56_December_6,_1852:_Third_Annual_Message.json",9903,76,120,7.67,12.12,0.3878,Annual Message,True,written_era
Richard M. Nixon,1952-09-23,1952,"September 23, 1952: ""Checkers"" Speech",https://millercenter.org/the-presidency/presidential-speeches/september-23-1952-checkers-speech,"Richard_M._Nixon_1952-09-23T13:00:00-04:00_September_23,_1952:_""Checkers""_Speech.json",4634,276,63,59.56,13.6,0.8142,Other,False,spoken_era
Richard M. Nixon,1969-01-20,1969,"January 20, 1969: First Inaugural Address",https://millercenter.org/the-presidency/presidential-speeches/january-20-1969-first-inaugural-address,"Richard_M._Nixon_1969-01-20T13:00:00-05:00_January_20,_1969:_First_Inaugural_Address.json",2124,29,136,13.65,64.03,0.1758,Inaugural Address,False,spoken_era
Richard M. Nixon,1969-11-03,1969,"November 3, 1969: Address to the Nation on the War in Vietnam",https://millercenter.org/the-presidency/presidential-speeches/november-3-1969-address-nation-war-vietnam,"Richard_M._Nixon_1969-11-03T13:00:00-05:00_November_3,_1969:_Address_to_the_Nation_on_the_War_in_Vietnam.json",4534,125,141,27.57,31.1,0.4699,Other,False,spoken_era
Richard M. Nixon,1970-01-22,1970,"January 22, 1970: State of the Union Address",https://millercenter.org/the-presidency/presidential-speeches/january-22-1970-state-union-address,"Richard_M._Nixon_1970-01-22T13:00:00-05:00_January_22,_1970:_State_of_the_Union_Address.json",4446,50,187,11.25,42.06,0.211,State of the Union,True,spoken_era
Richard M. Nixon,1970-04-30,1970,"April 30, 1970: Address to the Nation on the Situation in Southeast Asia",https://millercenter.org/the-presidency/presidential-speeches/april-30-1970-address-nation-situation-southeast-asia,"Richard_M._Nixon_1970-04-30T13:00:00-04:00_April_30,_1970:_Address_to_the_Nation_on_the_Situation_in_Southeast_Asia.json",2692,59,72,21.92,26.75,0.4504,Other,False,spoken_era
Richard M. Nixon,1971-01-22,1971,"January 22, 1971: State of the Union Address",https://millercenter.org/the-presidency/presidential-speeches/january-22-1971-state-union-address,"Richard_M._Nixon_1971-01-22T13:00:00-05:00_January_22,_1971:_State_of_the_Union_Address.json",4520,59,130,13.05,28.76,0.3122,State of the Union,True,spoken_era
Richard M. Nixon,1971-02-25,1971,"February 25, 1971: Radio Address About Second Annual Foreign Policy Report to the Congress",https://millercenter.org/the-presidency/presidential-speeches/february-25-1971-radio-address-about-second-annual-foreign,"Richard_M._Nixon_1971-02-25T13:00:00-05:00_February_25,_1971:_Radio_Address_About_Second_Annual_Foreign_Policy_Report_to_the_Congress.json",3538,20,165,5.65,46.64,0.1081,Other,False,spoken_era
Richard M. Nixon,1971-04-07,1971,"April 7, 1971: Address to the Nation on the Situation in Southeast Asia",https://millercenter.org/the-presidency/presidential-speeches/april-7-1971-address-nation-situation-southeast-asia,"Richard_M._Nixon_1971-04-07T13:00:00-05:00_April_7,_1971:_Address_to_the_Nation_on_the_Situation_in_Southeast_Asia.json",2570,82,76,31.91,29.57,0.519,Other,False,spoken_era
Richard M. Nixon,1971-05-20,1971,"May 20, 1971: Remarks Announcing an Agreement on Strategic Arms Limitation Talks",https://millercenter.org/the-presidency/presidential-speeches/may-20-1971-remarks-announcing-agreement-strategic-arms,"Richard_M._Nixon_1971-05-20T13:00:00-04:00_May_20,_1971:_Remarks_Announcing_an_Agreement_on_Strategic_Arms_Limitation_Talks.json",270,3,1,11.11,3.7,0.75,Other,False,spoken_era
Richard M. Nixon,1972-01-20,1972,"January 20, 1972: State of the Union Address",https://millercenter.org/the-presidency/presidential-speeches/january-20-1972-state-union-address,"Richard_M._Nixon_1972-01-20T13:00:00-05:00_January_20,_1972:_State_of_the_Union_Address.json",3981,39,167,9.8,41.95,0.1893,State of the Union,True,spoken_era
Richard M. Nixon,1972-01-25,1972,"January 25, 1972: Address to the Nation on Plan for Peace in Vietnam",https://millercenter.org/the-presidency/presidential-speeches/january-25-1972-address-nation-plan-peace-vietnam,"Richard_M._Nixon_1972-01-25T13:00:00-05:00_January_25,_1972:_Address_to_the_Nation_on_Plan_for_Peace_in_Vietnam.json",2498,34,89,13.61,35.63,0.2764,Other,False,spoken_era
Richard M. Nixon,1972-05-08,1972,"May 8, 1972: Address to the Nation on the Situation in Southeast Asia",https://millercenter.org/the-presidency/presidential-speeches/may-8-1972-address-nation-situation-southeast-asia,"Richard_M._Nixon_1972-05-08T13:00:00-04:00_May_8,_1972:_Address_to_the_Nation_on_the_Situation_in_Southeast_Asia.json",2209,31,59,14.03,26.71,0.3444,Other,False,spoken_era
Richard M. Nixon,1972-11-06,1972,"November 6, 1972: Remarks on Election Eve",https://millercenter.org/the-presidency/presidential-speeches/november-6-1972-remarks-election-eve,"Richard_M._Nixon_1972-11-06T13:00:00-05:00_November_6,_1972:_Remarks_on_Election_Eve.json",591,16,17,27.07,28.76,0.4848,Other,False,spoken_era
Richard M. Nixon,1972-11-07,1972,"November 7, 1972: Remarks on Being Reelected to the Presidency",https://millercenter.org/the-presidency/presidential-speeches/november-7-1972-remarks-being-reelected-presidency,"Richard_M._Nixon_1972-11-07T13:00:00-05:00_November_7,_1972:_Remarks_on_Being_Reelected_to_the_Presidency.json",701,16,24,22.82,34.24,0.4,Other,False,spoken_era
Richard M. Nixon,1973-01-20,1973,"January 20, 1973: Second Inaugural Address",https://millercenter.org/the-presidency/presidential-speeches/january-20-1973-second-inaugural-address,"Richard_M._Nixon_1973-01-20T13:00:00-05:00_January_20,_1973:_Second_Inaugural_Address.json",1804,16,107,8.87,59.31,0.1301,Inaugural Address,False,spoken_era
Richard M. Nixon,1973-01-23,1973,"January 23, 1973: Address to the Nation Announcing an Agreement on Ending the War in Vietnam",https://millercenter.org/the-presidency/presidential-speeches/january-23-1973-address-nation-announcing-agreement-ending-war,"Richard_M._Nixon_1973-01-23T13:00:00-05:00_January_23,_1973:_Address_to_the_Nation_Announcing_an_Agreement_on_Ending_the_War_in_Vietnam.json",1236,18,35,14.56,28.32,0.3396,Other,False,spoken_era
Richard M. Nixon,1973-04-30,1973,"April 30, 1973: Address to the Nation About the Watergate Investigations",https://millercenter.org/the-presidency/presidential-speeches/april-30-1973-address-nation-about-watergate-investigations,"Richard_M._Nixon_1973-04-30T13:00:00-04:00_April_30,_1973:_Address_to_the_Nation_About_the_Watergate_Investigations.json",2752,124,38,45.06,13.81,0.7654,Other,False,spoken_era
Richard M. Nixon,1973-08-15,1973,"August 15, 1973: Address to the Nation About the Watergate Investigations",https://millercenter.org/the-presidency/presidential-speeches/august-15-1973-address-nation-about-watergate-investigations,"Richard_M._Nixon_1973-08-15T13:00:00-04:00_August_15,_1973:_Address_to_the_Nation_About_the_Watergate_Investigations.json",3600,113,60,31.39,16.67,0.6532,Other,False,spoken_era
Richard M. Nixon,1974-01-30,1974,"January 30, 1974: State of the Union Address",https://millercenter.org/the-presidency/presidential-speeches/january-30-1974-state-union-address,"Richard_M._Nixon_1974-01-30T13:00:00-04:00_January_30,_1974:_State_of_the_Union_Address.json",5139,96,203,18.68,39.5,0.3211,State of the Union,True,spoken_era
Richard M. Nixon,1974-02-25,1974,"February 25, 1974: The President's News Conference",https://millercenter.org/the-presidency/presidential-speeches/february-25-1974-presidents-news-conference,"Richard_M._Nixon_1974-02-25T13:00:00-04:00_February_25,_1974:_The_President's_News_Conference.json",5372,147,108,27.36,20.1,0.5765,Press/News Conference,False,spoken_era
Richard M. Nixon,1974-04-29,1974,"April 29, 1974: Address to the Nation on Presidential Tape Recordings",https://millercenter.org/the-presidency/presidential-speeches/april-29-1974-address-nation-presidential-tape-recordings,"Richard_M._Nixon_1974-04-29T13:00:00-04:00_April_29,_1974:_Address_to_the_Nation_on_Presidential_Tape_Recordings.json",4754,209,25,43.96,5.26,0.8932,Other,False,spoken_era
Richard M. Nixon,1974-08-08,1974,"August 8, 1974: Address to the Nation Announcing Decision To Resign the Office of President",https://millercenter.org/the-presidency/presidential-speeches/august-8-1974-address-nation-announcing-decision-resign-office,"Richard_M._Nixon_1974-08-08T13:00:00-04:00_August_8,_1974:_Address_to_the_Nation_Announcing_Decision_To_Resign_the_Office_of_President.json",1792,83,40,46.32,22.32,0.6748,Other,False,spoken_era
Richard M. Nixon,1974-08-09,1974,"August 9, 1974: Remarks on Departure From the White House",https://millercenter.org/the-presidency/presidential-speeches/august-9-1974-remarks-departure-white-house,"Richard_M._Nixon_1974-08-09T13:00:00-04:00_August_9,_1974:_Remarks_on_Departure_From_the_White_House.json",1818,71,54,39.05,29.7,0.568,Other,False,spoken_era
Ronald Reagan,1964-10-27,1964,"October 27, 1964: ""A Time for Choosing""",https://millercenter.org/the-presidency/presidential-speeches/october-27-1964-time-choosing,"Ronald_Reagan_1964-10-27T13:00:00-05:00_October_27,_1964:_""A_Time_for_Choosing"".json",4575,50,172,10.93,37.6,0.2252,Other,False,spoken_era
Ronald Reagan,1976-08-19,1976,"August 19, 1976: Remarks at the Republican National Convention",https://millercenter.org/the-presidency/presidential-speeches/august-19-1976-remarks-republican-national-convention,"Ronald_Reagan_1976-08-19T13:00:00-04:00_August_19,_1976:_Remarks_at_the_Republican_National_Convention.json",771,19,33,24.64,42.8,0.3654,Other,False,spoken_era
Ronald Reagan,1979-11-13,1979,"November 13, 1979: Announcement for Presidential Candidacy",https://millercenter.org/the-presidency/presidential-speeches/november-13-1979-announcement-presidential-candidacy,"Ronald_Reagan_1979-11-13T13:00:00-05:00_November_13,_1979:_Announcement_for_Presidential_Candidacy.json",3671,55,169,14.98,46.04,0.2455,Other,False,spoken_era
Ronald Reagan,1980-07-17,1980,"July 17, 1980: Republican National Convention",https://millercenter.org/the-presidency/presidential-speeches/july-17-1980-republican-national-convention,"Ronald_Reagan_1980-07-17T14:00:00-04:00_July_17,_1980:_Republican_National_Convention.json",4656,68,210,14.6,45.1,0.2446,Other,False,spoken_era
Ronald Reagan,1981-01-20,1981,"January 20, 1981: First Inaugural Address",https://millercenter.org/the-presidency/presidential-speeches/january-20-1981-first-inaugural-address,"Ronald_Reagan_1981-01-20T13:00:00-05:00_January_20,_1981:_First_Inaugural_Address.json",2424,31,144,12.79,59.41,0.1771,Inaugural Address,False,spoken_era
Ronald Reagan,1981-01-29,1981,"January 29, 1981: First Press Conference",https://millercenter.org/the-presidency/presidential-speeches/january-29-1981-first-press-conference,"Ronald_Reagan_1981-01-29T13:00:00-05:00_January_29,_1981:_First_Press_Conference.json",4460,116,97,26.01,21.75,0.5446,Press/News Conference,False,spoken_era
Ronald Reagan,1981-04-28,1981,"April 28, 1981: Address on the Program for Economic Recovery",https://millercenter.org/the-presidency/presidential-speeches/april-28-1981-address-program-economic-recovery,"Ronald_Reagan_1981-04-28T14:00:00-04:00_April_28,_1981:_Address_on_the_Program_for_Economic_Recovery.json",2404,51,89,21.21,37.02,0.3643,Other,False,spoken_era
Ronald Reagan,1981-05-17,1981,"May 17, 1981: Address at University of Notre Dame",https://millercenter.org/the-presidency/presidential-speeches/may-17-1981-address-university-notre-dame,"Ronald_Reagan_1981-05-17T14:00:00-04:00_May_17,_1981:_Address_at_University_of_Notre_Dame.json",3225,65,52,20.16,16.12,0.5556,Other,False,spoken_era
Ronald Reagan,1981-06-29,1981,"June 29, 1981: Speech to the NAACP Annual Convention",https://millercenter.org/the-presidency/presidential-speeches/june-29-1981-speech-naacp-annual-convention,"Ronald_Reagan_1981-06-29T14:00:00-04:00_June_29,_1981:_Speech_to_the_NAACP_Annual_Convention.json",3874,84,90,21.68,23.23,0.4828,Other,False,spoken_era
Ronald Reagan,1981-07-27,1981,"July 27, 1981: Address on Federal Tax Reduction Legislation",https://millercenter.org/the-presidency/presidential-speeches/july-27-1981-address-federal-tax-reduction-legislation,"Ronald_Reagan_1981-07-27T14:00:00-04:00_July_27,_1981:_Address_on_Federal_Tax_Reduction_Legislation.json",3423,50,88,14.61,25.71,0.3623,Other,False,spoken_era
Ronald Reagan,1981-08-03,1981,"August 3, 1981: Remarks on the Air Traffic Controllers Strike",https://millercenter.org/the-presidency/presidential-speeches/august-3-1981-remarks-air-traffic-controllers-strike,"Ronald_Reagan_1981-08-03T14:00:00-04:00_August_3,_1981:_Remarks_on_the_Air_Traffic_Controllers_Strike.json",2435,47,57,19.3,23.41,0.4519,Other,False,spoken_era
Ronald Reagan,1981-11-18,1981,"November 18, 1981: Speech on the Strategic Arms Reduction Talks",https://millercenter.org/the-presidency/presidential-speeches/november-18-1981-speech-strategic-arms-reduction-talks,"Ronald_Reagan_1981-11-18T13:00:00-05:00_November_18,_1981:_Speech_on_the_Strategic_Arms_Reduction_Talks.json",3240,52,95,16.05,29.32,0.3537,Other,False,spoken_era
Ronald Reagan,1981-12-23,1981,"December 23, 1981: Address to the Nation on Christmas and the Situation in Poland",https://millercenter.org/the-presidency/presidential-speeches/december-23-1981-address-nation-christmas-and-situation-poland,"Ronald_Reagan_1981-12-23T13:00:00-05:00_December_23,_1981:_Address_to_the_Nation_on_Christmas_and_the_Situation_in_Poland.json",2175,22,72,10.11,33.1,0.234,Other,False,spoken_era
Ronald Reagan,1982-01-26,1982,"January 26, 1982: State of the Union Address",https://millercenter.org/the-presidency/presidential-speeches/january-26-1982-state-union-address,"Ronald_Reagan_1982-01-26T13:00:00-05:00_January_26,_1982:_State_of_the_Union_Address.json",5133,45,199,8.77,38.77,0.1844,State of the Union,True,spoken_era
Ronald Reagan,1982-06-08,1982,"June 8, 1982: Address to the British Parliament",https://millercenter.org/the-presidency/presidential-speeches/june-8-1982-address-british-parliament,"Ronald_Reagan_1982-06-08T14:00:00-04:00_June_8,_1982:_Address_to_the_British_Parliament.json",4416,35,112,7.93,25.36,0.2381,Other,False,spoken_era
Ronald Reagan,1982-06-09,1982,"June 9, 1982: Address to the Bundestag in West Germany",https://millercenter.org/the-presidency/presidential-speeches/june-9-1982-address-bundestag-west-germany,"Ronald_Reagan_1982-06-09T14:00:00-04:00_June_9,_1982:_Address_to_the_Bundestag_in_West_Germany.json",3425,47,141,13.72,41.17,0.25,Other,False,spoken_era
Ronald Reagan,1982-06-17,1982,"June 17, 1982: Speech to the United Nations General Assembly",https://millercenter.org/the-presidency/presidential-speeches/june-17-1982-speech-united-nations-general-assembly,"Ronald_Reagan_1982-06-17T14:00:00-04:00_June_17,_1982:_Speech_to_the_United_Nations_General_Assembly.json",3497,36,110,10.29,31.46,0.2466,Other,False,spoken_era
Ronald Reagan,1982-08-16,1982,"August 16, 1982: Address on Tax and Budget Legislation",https://millercenter.org/the-presidency/presidential-speeches/august-16-1982-address-tax-and-budget-legislation,"Ronald_Reagan_1982-08-16T14:00:00-04:00_August_16,_1982:_Address_on_Tax_and_Budget_Legislation.json",2986,40,89,13.4,29.81,0.3101,Other,False,spoken_era
Ronald Reagan,1982-09-01,1982,"September 1, 1982: Speech to the Nation on U.S. Policy in the Middle East",https://millercenter.org/the-presidency/presidential-speeches/september-1-1982-speech-nation-us-policy-middle-east,"Ronald_Reagan_1982-09-01T14:00:00-04:00_September_1,_1982:_Speech_to_the_Nation_on_U.S._Policy_in_the_Middle_East.json",2920,32,64,10.96,21.92,0.3333,Other,False,spoken_era
Ronald Reagan,1982-09-20,1982,"September 20, 1982: Address to the Nation on Lebanon",https://millercenter.org/the-presidency/presidential-speeches/september-20-1982-address-nation-lebanon,"Ronald_Reagan_1982-09-20T14:00:00-04:00_September_20,_1982:_Address_to_the_Nation_on_Lebanon.json",1274,12,41,9.42,32.18,0.2264,Other,False,spoken_era
Ronald Reagan,1983-01-25,1983,"January 25, 1983: State of the Union Address",https://millercenter.org/the-presidency/presidential-speeches/january-25-1983-state-union-address,"Ronald_Reagan_1983-01-25T13:00:00-05:00_January_25,_1983:_State_of_the_Union_Address.json",5566,53,238,9.52,42.76,0.1821,State of the Union,True,spoken_era
Ronald Reagan,1983-02-18,1983,"February 18, 1983: Speech at the Conservative Political Action Conference",https://millercenter.org/the-presidency/presidential-speeches/february-18-1983-speech-conservative-political-action,"Ronald_Reagan_1983-02-18T13:00:00-05:00_February_18,_1983:_Speech_at_the_Conservative_Political_Action_Conference.json",4988,69,159,13.83,31.88,0.3026,Other,False,spoken_era
Ronald Reagan,1983-03-08,1983,"March 8, 1983: ""Evil Empire"" Speech",https://millercenter.org/the-presidency/presidential-speeches/march-8-1983-evil-empire-speech,"Ronald_Reagan_1983-03-08T13:00:00-05:00_March_8,_1983:_""Evil_Empire""_Speech.json",3867,84,84,21.72,21.72,0.5,Other,False,spoken_era
Ronald Reagan,1983-03-23,1983,"March 23, 1983: Address to the Nation on National Security",https://millercenter.org/the-presidency/presidential-speeches/march-23-1983-address-nation-national-security,"Ronald_Reagan_1983-03-23T13:00:00-05:00_March_23,_1983:_Address_to_the_Nation_on_National_Security.json",4480,52,204,11.61,45.54,0.2031,Other,False,spoken_era
Ronald Reagan,1983-04-27,1983,"April 27, 1983: Address on Central America",https://millercenter.org/the-presidency/presidential-speeches/april-27-1983-address-central-america,"Ronald_Reagan_1983-04-27T14:00:00-04:00_April_27,_1983:_Address_on_Central_America.json",4308,37,112,8.59,26.0,0.2483,Other,False,spoken_era
Ronald Reagan,1983-09-05,1983,"September 5, 1983: Speech on the Soviet Attack on a Korean Airliner",https://millercenter.org/the-presidency/presidential-speeches/september-5-1983-speech-soviet-attack-korean-airliner,"Ronald_Reagan_1983-09-05T14:00:00-04:00_September_5,_1983:_Speech_on_the_Soviet_Attack_on_a_Korean_Airliner.json",2559,19,85,7.42,33.22,0.1827,Other,False,spoken_era
Ronald Reagan,1983-10-27,1983,"October 27, 1983: Speech to the Nation on Lebanon and Grenada",https://millercenter.org/the-presidency/presidential-speeches/october-27-1983-speech-nation-lebanon-and-grenada,"Ronald_Reagan_1983-10-27T13:00:00-04:00_October_27,_1983:_Speech_to_the_Nation_on_Lebanon_and_Grenada.json",8275,84,294,10.15,35.53,0.2222,Other,False,spoken_era
Ronald Reagan,1983-11-02,1983,"November 2, 1983: Speech on the Creation of the Martin Luther King, Jr., National Holiday",https://millercenter.org/the-presidency/presidential-speeches/november-2-1983-speech-creation-martin-luther-king-jr-national,"Ronald_Reagan_1983-11-02T13:00:00-05:00_November_2,_1983:_Speech_on_the_Creation_of_the_Martin_Luther_King,_Jr.,_National_Holiday.json",853,6,19,7.03,22.27,0.24,Other,False,spoken_era
Ronald Reagan,1983-11-04,1983,"November 4, 1983: Remarks on U.S. Casualties in Lebanon and Grenada",https://millercenter.org/the-presidency/presidential-speeches/november-4-1983-remarks-us-casualties-lebanon-and-grenada,"Ronald_Reagan_1983-11-04T13:00:00-05:00_November_4,_1983:_Remarks_on_U.S._Casualties_in_Lebanon_and_Grenada.json",987,9,50,9.12,50.66,0.1525,Other,False,spoken_era
Ronald Reagan,1984-01-25,1984,"January 25, 1984: State of the Union Address",https://millercenter.org/the-presidency/presidential-speeches/january-25-1984-state-union-address,"Ronald_Reagan_1984-01-25T13:00:00-05:00_January_25,_1984:_State_of_the_Union_Address.json",4930,49,233,9.94,47.26,0.1738,State of the Union,True,spoken_era
Ronald Reagan,1984-01-29,1984,"January 29, 1984: Address Announcing His Candidacy for Reelection",https://millercenter.org/the-presidency/presidential-speeches/january-29-1984-address-announcing-his-candidacy-reelection,"Ronald_Reagan_1984-01-29T13:00:00-05:00_January_29,_1984:_Address_Announcing_His_Candidacy_for_Reelection.json",712,20,25,28.09,35.11,0.4444,Other,False,spoken_era
Ronald Reagan,1984-04-30,1984,"April 30, 1984: Remarks in a Fudan University Classroom",https://millercenter.org/the-presidency/presidential-speeches/april-30-1984-remarks-fudan-university-classroom,"Ronald_Reagan_1984-04-30T15:10:00-04:00_April_30,_1984:_Remarks_in_a_Fudan_University_Classroom_.json",2840,108,80,38.03,28.17,0.5745,Other,False,spoken_era
Ronald Reagan,1984-05-28,1984,"May 28, 1984: Remarks Honoring the Vietnam War’s Unknown Soldier",https://millercenter.org/the-presidency/presidential-speeches/may-28-1984-remarks-honoring-vietnam-wars-unknown-soldier,"Ronald_Reagan_1984-05-28T14:00:00-04:00_May_28,_1984:_Remarks_Honoring_the_Vietnam_War’s_Unknown_Soldier.json",2363,10,104,4.23,44.01,0.0877,Other,False,spoken_era
Ronald Reagan,1984-06-03,1984,"June 3, 1984: Remarks to the Citizens of Ballyporeen, Ireland",https://millercenter.org/the-presidency/presidential-speeches/june-3-1984-remarks-citizens-ballyporeen-ireland,"Ronald_Reagan_1984-06-03T14:00:00-04:00_June_3,_1984:_Remarks_to_the_Citizens_of_Ballyporeen,_Ireland.json",2296,126,40,54.88,17.42,0.759,Other,False,spoken_era
Ronald Reagan,1984-06-06,1984,"June 6, 1984: 40th Anniversary of D-Day",https://millercenter.org/the-presidency/presidential-speeches/june-6-1984-40th-anniversary-d-day,"Ronald_Reagan_1984-06-06T14:00:00-04:00_June_6,_1984:_40th_Anniversary_of_D-Day.json",1836,12,44,6.54,23.97,0.2143,Other,False,spoken_era
Ronald Reagan,1984-08-23,1984,"August 23, 1984: Republican National Convention",https://millercenter.org/the-presidency/presidential-speeches/august-23-1984-republican-national-convention,"Ronald_Reagan_1984-08-23T14:00:00-04:00_August_23,_1984:_Republican_National_Convention.json",5029,34,211,6.76,41.96,0.1388,Other,False,spoken_era
Ronald Reagan,1984-10-07,1984,"October 7, 1984: Debate with Walter Mondale (Domestic Issues)",https://millercenter.org/the-presidency/presidential-speeches/october-7-1984-debate-walter-mondale-domestic-issues,"Ronald_Reagan_1984-10-07T13:00:00-04:00_October_7,_1984:_Debate_with_Walter_Mondale_(Domestic_Issues).json",15335,447,376,29.15,24.52,0.5431,Debate,False,spoken_era
Ronald Reagan,1984-10-21,1984,"October 21, 1984: Debate with Walter Mondale (Defense and Foreign Policy)",https://millercenter.org/the-presidency/presidential-speeches/october-21-1984-debate-walter-mondale-defense-and-foreign,"Ronald_Reagan_1984-10-21T13:00:00-04:00_October_21,_1984:_Debate_with_Walter_Mondale_(Defense_and_Foreign_Policy).json",13904,309,450,22.22,32.36,0.4071,Debate,False,spoken_era
Ronald Reagan,1985-01-21,1985,"January 21, 1985: Second Inaugural Address",https://millercenter.org/the-presidency/presidential-speeches/january-21-1985-second-inaugural-address,"Ronald_Reagan_1985-01-21T13:00:00-05:00_January_21,_1985:_Second_Inaugural_Address.json",2569,25,153,9.73,59.56,0.1404,Inaugural Address,False,spoken_era
Ronald Reagan,1985-02-06,1985,"February 6, 1985: State of the Union Address",https://millercenter.org/the-presidency/presidential-speeches/february-6-1985-state-union-address,"Ronald_Reagan_1985-02-06T13:00:00-05:00_February_6,_1985:_State_of_the_Union_Address.json",4210,24,215,5.7,51.07,0.1004,State of the Union,True,spoken_era
Ronald Reagan,1985-05-05,1985,"May 5, 1985: Bergen-Belsen Concentration Camp",https://millercenter.org/the-presidency/presidential-speeches/may-5-1985-bergen-belsen-concentration-camp,"Ronald_Reagan_1985-05-05T14:00:00-04:00_May_5,_1985:_Bergen-Belsen_Concentration_Camp.json",1144,13,39,11.36,34.09,0.25,Other,False,spoken_era
Ronald Reagan,1985-11-21,1985,"November 21, 1985: Speech on the Geneva Summit",https://millercenter.org/the-presidency/presidential-speeches/november-21-1985-speech-geneva-summit,"Ronald_Reagan_1985-11-21T13:00:00-05:00_November_21,_1985:_Speech_on_the_Geneva_Summit.json",2390,55,117,23.01,48.95,0.3198,Other,False,spoken_era
Ronald Reagan,1986-01-28,1986,"January 28, 1986: Address on the Space Shuttle ""Challenger""",https://millercenter.org/the-presidency/presidential-speeches/january-28-1986-address-space-shuttle-challenger,"Ronald_Reagan_1986-01-28T13:00:00-05:00_January_28,_1986:_Address_on_the_Space_Shuttle_""Challenger"".json",646,11,38,17.03,58.82,0.2245,Other,False,spoken_era
Ronald Reagan,1986-02-04,1986,"February 4, 1986: State of the Union Address",https://millercenter.org/the-presidency/presidential-speeches/february-4-1986-state-union-address,"Ronald_Reagan_1986-02-04T13:00:00-05:00_February_4,_1986:_State_of_the_Union_Address.json",3480,41,159,11.78,45.69,0.205,State of the Union,True,spoken_era
Ronald Reagan,1986-04-14,1986,"April 14, 1986: Speech to the Nation on Air Strikes Against Libya",https://millercenter.org/the-presidency/presidential-speeches/april-14-1986-speech-nation-air-strikes-against-libya,"Ronald_Reagan_1986-04-14T14:00:00-05:00_April_14,_1986:_Speech_to_the_Nation_on_Air_Strikes_Against_Libya.json",977,15,31,15.35,31.73,0.3261,Other,False,spoken_era
Ronald Reagan,1986-09-14,1986,"September 14, 1986: Speech to the Nation on the Campaign Against Drug Abuse",https://millercenter.org/the-presidency/presidential-speeches/september-14-1986-speech-nation-campaign-against-drug-abuse,"Ronald_Reagan_1986-09-14T14:00:00-04:00_September_14,_1986:_Speech_to_the_Nation_on_the_Campaign_Against_Drug_Abuse.json",2920,35,133,11.99,45.55,0.2083,Other,False,spoken_era
Ronald Reagan,1986-10-13,1986,"October 13, 1986: Address on the Meetings with Soviet Premier Gorbachev",https://millercenter.org/the-presidency/presidential-speeches/october-13-1986-address-meetings-soviet-premier-gorbachev,"Ronald_Reagan_1986-10-13T13:00:00-04:00_October_13,_1986:_Address_on_the_Meetings_with_Soviet_Premier_Gorbachev.json",2945,56,131,19.02,44.48,0.2995,Other,False,spoken_era
Ronald Reagan,1986-10-22,1986,"October 22, 1986: Remarks on Signing the Tax Reform Act",https://millercenter.org/the-presidency/presidential-speeches/october-22-1986-remarks-signing-tax-reform-act,"Ronald_Reagan_1986-10-22T13:00:00-04:00_October_22,_1986:_Remarks_on_Signing_the_Tax_Reform_Act.json",1415,19,43,13.43,30.39,0.3065,Other,False,spoken_era
Ronald Reagan,1987-01-27,1987,"January 27, 1987: State of the Union Address",https://millercenter.org/the-presidency/presidential-speeches/january-27-1987-state-union-address,"Ronald_Reagan_1987-01-27T13:00:00-05:00_January_27,_1987:_State_of_the_Union_Address.json",3776,61,178,16.15,47.14,0.2552,State of the Union,True,spoken_era
Ronald Reagan,1987-03-04,1987,"March 4, 1987: Address to the Nation on Iran-Contra",https://millercenter.org/the-presidency/presidential-speeches/march-4-1987-address-nation-iran-contra,"Ronald_Reagan_1987-03-04T13:00:00-05:00_March_4,_1987:_Address_to_the_Nation_on_Iran-Contra.json",1888,115,15,60.91,7.94,0.8846,Other,False,spoken_era
Ronald Reagan,1987-06-12,1987,"June 12, 1987: Address from the Brandenburg Gate (Berlin Wall)",https://millercenter.org/the-presidency/presidential-speeches/june-12-1987-address-brandenburg-gate-berlin-wall,"Ronald_Reagan_1987-06-12T14:00:00-04:00_June_12,_1987:_Address_from_the_Brandenburg_Gate_(Berlin_Wall).json",2691,52,40,19.32,14.86,0.5652,Other,False,spoken_era
Ronald Reagan,1987-12-08,1987,"December 8, 1987: Remarks at the Signing of the INF Treaty with Soviet Premier Gorbachev",https://millercenter.org/the-presidency/presidential-speeches/december-8-1987-remarks-signing-inf-treaty-soviet-premier,"Ronald_Reagan_1987-12-08T13:00:00-05:00_December_8,_1987:_Remarks_at_the_Signing_of_the_INF_Treaty_with_Soviet_Premier_Gorbachev.json",947,8,24,8.45,25.34,0.25,Other,False,spoken_era
Ronald Reagan,1987-12-10,1987,"December 10, 1987: Address to the Nation on the Soviet-U.S. Summit Meeting",https://millercenter.org/the-presidency/presidential-speeches/december-10-1987-address-nation-soviet-us-summit-meeting,"Ronald_Reagan_1987-12-10T13:00:00-05:00_December_10,_1987:_Address_to_the_Nation_on_the_Soviet-U.S._Summit_Meeting.json",2721,49,94,18.01,34.55,0.3427,Other,False,spoken_era
Ronald Reagan,1988-01-25,1988,"January 25, 1988: State of the Union Address",https://millercenter.org/the-presidency/presidential-speeches/january-25-1988-state-union-address,"Ronald_Reagan_1988-01-25T13:00:00-05:00_January_25,_1988:_State_of_the_Union_Address.json",4838,65,192,13.44,39.69,0.2529,State of the Union,True,spoken_era
Ronald Reagan,1988-05-31,1988,"May 31, 1988: Address at Moscow State University",https://millercenter.org/the-presidency/presidential-speeches/may-31-1988-address-moscow-state-university,"Ronald_Reagan_1988-05-31T14:00:00-04:00_May_31,_1988:_Address_at_Moscow_State_University.json",7028,162,112,23.05,15.94,0.5912,Other,False,spoken_era
Ronald Reagan,1988-08-15,1988,"August 15, 1988: Farewell Address at the Republican National Convention",https://millercenter.org/the-presidency/presidential-speeches/august-15-1988-farewell-address-republican-national-convention,"Ronald_Reagan_1988-08-15T14:00:00-04:00_August_15,_1988:_Farewell_Address_at_the_Republican_National_Convention.json",4451,103,183,23.14,41.11,0.3601,Farewell Address,False,spoken_era
Ronald Reagan,1988-09-26,1988,"September 26, 1988: Address to the United Nations",https://millercenter.org/the-presidency/presidential-speeches/september-26-1988-address-united-nations,"Ronald_Reagan_1988-09-26T13:00:00-04:00_September_26,_1988:_Address_to_the_United_Nations.json",4959,63,99,12.7,19.96,0.3889,Other,False,spoken_era
Ronald Reagan,1988-11-11,1988,"November 11, 1988: Remarks at the Veteran's Day Ceremony",https://millercenter.org/the-presidency/presidential-speeches/november-11-1988-remarks-veterans-day-ceremony,"Ronald_Reagan_1988-11-11T13:00:00-05:00_November_11,_1988:_Remarks_at_the_Veteran's_Day_Ceremony.json",282,0,22,0.0,78.01,0.0,Other,False,spoken_era
Ronald Reagan,1988-12-16,1988,"December 16, 1988: Speech on Foreign Policy",https://millercenter.org/the-presidency/presidential-speeches/december-16-1988-speech-foreign-policy,"Ronald_Reagan_1988-12-16T13:00:00-05:00_December_16,_1988:_Speech_on_Foreign_Policy.json",7047,146,164,20.72,23.27,0.471,Other,False,spoken_era
Ronald Reagan,1989-01-11,1989,"January 11, 1989: Farewell Address",https://millercenter.org/the-presidency/presidential-speeches/january-11-1989-farewell-address,"Ronald_Reagan_1989-01-11T13:00:00-05:00_January_11,_1989:_Farewell_Address.json",3300,99,106,30.0,32.12,0.4829,Farewell Address,False,spoken_era
Rutherford B. Hayes,1877-03-05,1877,"March 5, 1877: Inaugural Address",https://millercenter.org/the-presidency/presidential-speeches/march-5-1877-inaugural-address,"Rutherford_B._Hayes_1877-03-05T13:03:58-04:56_March_5,_1877:_Inaugural_Address.json",2487,38,28,15.28,11.26,0.5758,Inaugural Address,False,written_era
Rutherford B. Hayes,1877-06-22,1877,"June 22, 1877: Prohibition of Federal Employees’ Political Involvement",https://millercenter.org/the-presidency/presidential-speeches/june-22-1877-prohibition-federal-employees-political,"Rutherford_B._Hayes_1877-06-22T12:30:58-04:56_June_22,_1877:_Prohibition_of_Federal_Employees’_Political_Involvement.json",144,2,0,13.89,0.0,1.0,Other,False,written_era
Rutherford B. Hayes,1877-07-18,1877,"July 18, 1877: Message Regarding Railroad Strike",https://millercenter.org/the-presidency/presidential-speeches/july-18-1877-message-regarding-railroad-strike,"Rutherford_B._Hayes_1877-07-18T14:13:58-04:56_July_18,_1877:_Message_Regarding_Railroad_Strike.json",303,4,0,13.2,0.0,1.0,Other,False,written_era
Rutherford B. Hayes,1877-12-03,1877,"December 3, 1877: First Annual Message",https://millercenter.org/the-presidency/presidential-speeches/december-3-1877-first-annual-message,"Rutherford_B._Hayes_1877-12-03T13:03:58-04:56_December_3,_1877:_First_Annual_Message.json",10642,110,76,10.34,7.14,0.5914,Annual Message,True,written_era
Rutherford B. Hayes,1878-02-08,1878,"February 8, 1878: Veto of Bland-Allison Act",https://millercenter.org/the-presidency/presidential-speeches/february-8-1878-veto-bland-allison-act,"Rutherford_B._Hayes_1878-02-08T14:17:58-04:56_February_8,_1878:_Veto_of_Bland-Allison_Act.json",1120,15,0,13.39,0.0,1.0,Other,False,written_era
Rutherford B. Hayes,1878-12-02,1878,"December 2, 1878: Second Annual Message",https://millercenter.org/the-presidency/presidential-speeches/december-2-1878-second-annual-message,"Rutherford_B._Hayes_1878-12-02T13:03:58-04:56_December_2,_1878:_Second_Annual_Message.json",7784,28,43,3.6,5.52,0.3944,Annual Message,True,written_era
Rutherford B. Hayes,1879-03-01,1879,"March 1, 1879: Veto Message Regarding Immigration Legislation",https://millercenter.org/the-presidency/presidential-speeches/march-1-1879-veto-message-regarding-immigration-legislation,"Rutherford_B._Hayes_1879-03-01T14:19:58-04:56_March_1,_1879:_Veto_Message_Regarding_Immigration_Legislation.json",3171,11,47,3.47,14.82,0.1897,Other,False,written_era
Rutherford B. Hayes,1879-04-26,1879,"April 26, 1879: Proclamation Regarding Indian Territory",https://millercenter.org/the-presidency/presidential-speeches/april-26-1879-proclamation-regarding-indian-territory,"Rutherford_B._Hayes_1879-04-26T14:22:58-04:56_April_26,_1879:_Proclamation_Regarding_Indian_Territory.json",387,5,0,12.92,0.0,1.0,Other,False,written_era
Rutherford B. Hayes,1879-04-29,1879,"April 29, 1879: Veto of Army Appropriations Bill",https://millercenter.org/the-presidency/presidential-speeches/april-29-1879-veto-army-appropriations-bill,"Rutherford_B._Hayes_1879-04-29T14:24:58-04:56_April_29,_1879:_Veto_of_Army_Appropriations_Bill.json",4874,21,22,4.31,4.51,0.4884,Other,False,written_era
Rutherford B. Hayes,1879-05-12,1879,"May 12, 1879: Message Regarding Election Regulations",https://millercenter.org/the-presidency/presidential-speeches/may-12-1879-message-regarding-election-regulations,"Rutherford_B._Hayes_1879-05-12T14:29:58-04:56_May_12,_1879:_Message_Regarding_Election_Regulations.json",2360,15,6,6.36,2.54,0.7143,Other,False,written_era
Rutherford B. Hayes,1879-05-29,1879,"May 29, 1879: Veto Messages Regarding Appropriations Legislation",https://millercenter.org/the-presidency/presidential-speeches/may-29-1879-veto-messages-regarding-appropriations-legislation,"Rutherford_B._Hayes_1879-05-29T14:35:58-04:56_May_29,_1879:_Veto_Messages_Regarding_Appropriations_Legislation.json",4072,27,1,6.63,0.25,0.9643,Other,False,written_era
Rutherford B. Hayes,1879-12-01,1879,"December 1, 1879: Third Annual Message",https://millercenter.org/the-presidency/presidential-speeches/december-1-1879-third-annual-message,"Rutherford_B._Hayes_1879-12-01T13:03:58-04:56_December_1,_1879:_Third_Annual_Message.json",11536,60,43,5.2,3.73,0.5825,Annual Message,True,written_era
Rutherford B. Hayes,1880-03-08,1880,"March 8, 1880: Message Regarding Central American Canal",https://millercenter.org/the-presidency/presidential-speeches/march-8-1880-message-regarding-central-american-canal,"Rutherford_B._Hayes_1880-03-08T14:43:58-04:56_March_8,_1880:_Message_Regarding_Central_American_Canal.json",539,6,7,11.13,12.99,0.4615,Other,False,written_era
Rutherford B. Hayes,1880-06-15,1880,"June 15, 1880: Veto Message Regarding Military Legislation",https://millercenter.org/the-presidency/presidential-speeches/june-15-1880-veto-message-regarding-military-legislation,"Rutherford_B._Hayes_1880-06-15T14:48:58-04:56_June_15,_1880:_Veto_Message_Regarding_Military_Legislation.json",3560,10,20,2.81,5.62,0.3333,Other,False,written_era
Rutherford B. Hayes,1880-12-06,1880,"December 6, 1880: Fourth Annual Message",https://millercenter.org/the-presidency/presidential-speeches/december-6-1880-fourth-annual-message,"Rutherford_B._Hayes_1880-12-06T13:03:58-04:56_December_6,_1880:_Fourth_Annual_Message.json",13249,72,110,5.43,8.3,0.3956,Annual Message,True,written_era
Rutherford B. Hayes,1881-03-03,1881,"March 3, 1881: Veto Message Regarding Economic Legislation",https://millercenter.org/the-presidency/presidential-speeches/march-3-1881-veto-message-regarding-economic-legislation,"Rutherford_B._Hayes_1881-03-03T14:51:58-04:56_March_3,_1881:_Veto_Message_Regarding_Economic_Legislation.json",1235,16,2,12.96,1.62,0.8889,Other,False,written_era
Theodore Roosevelt,1901-09-14,1901,"September 14, 1901: Announcement of the Death of President McKinley",https://millercenter.org/the-presidency/presidential-speeches/september-14-1901-announcement-death-president-mckinley,"Theodore_Roosevelt_1901-09-14T17:48:00-05:00_September_14,_1901:_Announcement_of_the_Death_of_President_McKinley.json",298,4,5,13.42,16.78,0.4444,Other,False,written_era
Theodore Roosevelt,1901-12-03,1901,"December 3, 1901: First Annual Message",https://millercenter.org/the-presidency/presidential-speeches/december-3-1901-first-annual-message,"Theodore_Roosevelt_1901-12-03T13:00:00-05:00_December_3,_1901:_First_Annual_Message.json",19688,27,337,1.37,17.12,0.0742,Annual Message,True,written_era
Theodore Roosevelt,1902-06-13,1902,"June 13, 1902: Message Regarding US-Cuban Relations",https://millercenter.org/the-presidency/presidential-speeches/june-13-1902-message-regarding-us-cuban-relations,"Theodore_Roosevelt_1902-06-13T17:49:00-05:00_June_13,_1902:_Message_Regarding_US-Cuban_Relations.json",1200,15,41,12.5,34.17,0.2679,Other,False,written_era
Theodore Roosevelt,1902-12-02,1902,"December 2, 1902: Second Annual Message",https://millercenter.org/the-presidency/presidential-speeches/december-2-1902-second-annual-message,"Theodore_Roosevelt_1902-12-02T13:00:00-05:00_December_2,_1902:_Second_Annual_Message.json",9806,24,166,2.45,16.93,0.1263,Annual Message,True,written_era
Theodore Roosevelt,1903-10-20,1903,"October 20, 1903: Message Convening a Special Session of Congress",https://millercenter.org/the-presidency/presidential-speeches/october-20-1903-message-convening-special-session-congress,"Theodore_Roosevelt_1903-10-20T17:53:00-05:00_October_20,_1903:_Message_Convening_a_Special_Session_of_Congress.json",236,3,1,12.71,4.24,0.75,Other,False,written_era
Theodore Roosevelt,1903-11-10,1903,"November 10, 1903: Message Regarding US-Cuban Commercial Convention",https://millercenter.org/the-presidency/presidential-speeches/november-10-1903-message-regarding-us-cuban-commercial,"Theodore_Roosevelt_1903-11-10T17:55:00-05:00_November_10,_1903:_Message_Regarding_US-Cuban_Commercial_Convention.json",2582,7,32,2.71,12.39,0.1795,Other,False,written_era
Theodore Roosevelt,1903-11-16,1903,"November 16, 1903: Message Regarding the Panamanian Revolution",https://millercenter.org/the-presidency/presidential-speeches/november-16-1903-message-regarding-panamanian-revolution,"Theodore_Roosevelt_1903-11-16T17:56:00-05:00_November_16,_1903:_Message_Regarding_the_Panamanian_Revolution.json",6459,58,18,8.98,2.79,0.7632,Other,False,written_era
Theodore Roosevelt,1903-12-07,1903,"December 7, 1903: Third Annual Message",https://millercenter.org/the-presidency/presidential-speeches/december-7-1903-third-annual-message,"Theodore_Roosevelt_1903-12-07T13:00:00-05:00_December_7,_1903:_Third_Annual_Message.json",14833,32,151,2.16,10.18,0.1749,Annual Message,True,written_era
Theodore Roosevelt,1903-12-07,1903,"December 7, 1903: Message Regarding Treaty with Panama",https://millercenter.org/the-presidency/presidential-speeches/december-7-1903-message-regarding-treaty-panama,"Theodore_Roosevelt_1903-12-07T17:59:00-05:00_December_7,_1903:_Message_Regarding_Treaty_with_Panama.json",3850,5,1,1.3,0.26,0.8333,Other,False,written_era
Theodore Roosevelt,1904-02-11,1904,"February 11, 1904: Proclamation Declaring US Neutrality",https://millercenter.org/the-presidency/presidential-speeches/february-11-1904-proclamation-declaring-us-neutrality,"Theodore_Roosevelt_1904-02-11T18:01:00-05:00_February_11,_1904:_Proclamation_Declaring_US_Neutrality.json",2204,10,1,4.54,0.45,0.9091,Other,False,written_era
Theodore Roosevelt,1904-12-06,1904,"December 6, 1904: Fourth Annual Message",https://millercenter.org/the-presidency/presidential-speeches/december-6-1904-fourth-annual-message,"Theodore_Roosevelt_1904-12-06T13:00:00-05:00_December_6,_1904:_Fourth_Annual_Message.json",17488,68,214,3.89,12.24,0.2411,Annual Message,True,written_era
Theodore Roosevelt,1905-03-04,1905,"March 4, 1905: Inaugural Address",https://millercenter.org/the-presidency/presidential-speeches/march-4-1905-inaugural-address,"Theodore_Roosevelt_1905-03-04T13:00:00-05:00_March_4,_1905:_Inaugural_Address.json",923,1,65,1.08,70.42,0.0152,Inaugural Address,False,written_era
Theodore Roosevelt,1905-12-05,1905,"December 5, 1905: Fifth Annual Message",https://millercenter.org/the-presidency/presidential-speeches/december-5-1905-fifth-annual-message,"Theodore_Roosevelt_1905-12-05T13:00:00-05:00_December_5,_1905:_Fifth_Annual_Message.json",25089,135,265,5.38,10.56,0.3375,Annual Message,True,written_era
Theodore Roosevelt,1906-01-08,1906,"January 8, 1906: Message Regarding Panama Canal",https://millercenter.org/the-presidency/presidential-speeches/january-8-1906-message-regarding-panama-canal,"Theodore_Roosevelt_1906-01-08T18:04:00-05:00_January_8,_1906:_Message_Regarding_Panama_Canal.json",1115,7,5,6.28,4.48,0.5833,Other,False,written_era
Theodore Roosevelt,1906-06-04,1906,"June 4, 1906: Message Regarding Meatpacking Plants",https://millercenter.org/the-presidency/presidential-speeches/june-4-1906-message-regarding-meatpacking-plants,"Theodore_Roosevelt_1906-06-04T18:05:00-05:00_June_4,_1906:_Message_Regarding_Meatpacking_Plants.json",950,17,0,17.89,0.0,1.0,Other,False,written_era
Theodore Roosevelt,1906-12-03,1906,"December 3, 1906: Sixth Annual Message",https://millercenter.org/the-presidency/presidential-speeches/december-3-1906-sixth-annual-message,"Theodore_Roosevelt_1906-12-03T13:00:00-05:00_December_3,_1906:_Sixth_Annual_Message.json",23614,93,220,3.94,9.32,0.2971,Annual Message,True,written_era
Theodore Roosevelt,1906-12-11,1906,"December 11, 1906: Message Regarding the State of Puerto Rico",https://millercenter.org/the-presidency/presidential-speeches/december-11-1906-message-regarding-state-puerto-rico,"Theodore_Roosevelt_1906-12-11T18:06:00-05:00_December_11,_1906:_Message_Regarding_the_State_of_Puerto_Rico.json",1494,18,14,12.05,9.37,0.5625,Other,False,written_era
Theodore Roosevelt,1906-12-17,1906,"December 17, 1906: Message Regarding Conditions in Panama",https://millercenter.org/the-presidency/presidential-speeches/december-17-1906-message-regarding-conditions-panama,"Theodore_Roosevelt_1906-12-17T18:08:00-05:00_December_17,_1906:_Message_Regarding_Conditions_in_Panama.json",12038,166,64,13.79,5.32,0.7217,Other,False,written_era
Theodore Roosevelt,1906-12-19,1906,"December 19, 1906: Message Regarding Disturbances in Texas",https://millercenter.org/the-presidency/presidential-speeches/december-19-1906-message-regarding-disturbances-texas,"Theodore_Roosevelt_1906-12-19T18:10:00-05:00_December_19,_1906:_Message_Regarding_Disturbances_in_Texas.json",4444,66,9,14.85,2.03,0.88,Other,False,written_era
Theodore Roosevelt,1907-12-03,1907,"December 3, 1907: Seventh Annual Message",https://millercenter.org/the-presidency/presidential-speeches/december-3-1907-seventh-annual-message,"Theodore_Roosevelt_1907-12-03T13:00:00-05:00_December_3,_1907:_Seventh_Annual_Message.json",27407,122,221,4.45,8.06,0.3557,Annual Message,True,written_era
Theodore Roosevelt,1908-03-25,1908,"March 25, 1908: Message Regarding Labor Legislation",https://millercenter.org/the-presidency/presidential-speeches/march-25-1908-message-regarding-labor-legislation,"Theodore_Roosevelt_1908-03-25T18:12:00-05:00_March_25,_1908:_Message_Regarding_Labor_Legislation.json",2602,20,10,7.69,3.84,0.6667,Other,False,written_era
Theodore Roosevelt,1908-12-09,1908,"December 9, 1908: Eighth Annual Message",https://millercenter.org/the-presidency/presidential-speeches/december-9-1908-eighth-annual-message,"Theodore_Roosevelt_1908-12-09T13:00:00-05:00_December_9,_1908:_Eighth_Annual_Message.json",19438,72,175,3.7,9.0,0.2915,Annual Message,True,written_era
Thomas Jefferson,1801-03-04,1801,"March 4, 1801: First Inaugural Address",https://millercenter.org/the-presidency/presidential-speeches/march-4-1801-first-inaugural-address,"Thomas_Jefferson_1801-03-04T13:03:58-04:56_March_4,_1801:_First_Inaugural_Address.json",1730,34,44,19.65,25.43,0.4359,Inaugural Address,False,written_era
Thomas Jefferson,1801-07-12,1801,"July 12, 1801: The Reply to New Haven Remonstrance",https://millercenter.org/the-presidency/presidential-speeches/july-12-1801-reply-new-haven-remonstrance,"Thomas_Jefferson_1801-07-12T13:03:58-04:56_July_12,_1801:_The_Reply_to_New_Haven_Remonstrance.json",1210,13,7,10.74,5.79,0.65,Other,False,written_era
Thomas Jefferson,1801-12-08,1801,"December 8, 1801: First Annual Message",https://millercenter.org/the-presidency/presidential-speeches/december-8-1801-first-annual-message,"Thomas_Jefferson_1801-12-08T13:03:58-04:56_December_8,_1801:_First_Annual_Message.json",3235,21,77,6.49,23.8,0.2143,Annual Message,True,written_era
Thomas Jefferson,1802-01-01,1802,"January 1, 1802: Response to Danbury Baptist Association",https://millercenter.org/the-presidency/presidential-speeches/january-1-1802-response-danbury-baptist-association,"Thomas_Jefferson_1802-01-01T13:03:58-04:56_January_1,_1802:_Response_to_Danbury_Baptist_Association.json",234,9,0,38.46,0.0,1.0,Other,False,written_era
Thomas Jefferson,1802-11-03,1802,"November 3, 1802: Address to Brother Handsome Lake",https://millercenter.org/the-presidency/presidential-speeches/november-3-1802-address-brother-handsome-lake,"Thomas_Jefferson_1802-11-03T13:03:58-04:56_November_3,_1802:_Address_to_Brother_Handsome_Lake.json",913,17,13,18.62,14.24,0.5667,Other,False,written_era
Thomas Jefferson,1802-12-15,1802,"December 15, 1802: Second Annual Message",https://millercenter.org/the-presidency/presidential-speeches/december-15-1802-second-annual-message,"Thomas_Jefferson_1802-12-15T13:03:58-04:56_December_15,_1802:_Second_Annual_Message.json",2117,6,60,2.83,28.34,0.0909,Annual Message,True,written_era
Thomas Jefferson,1803-01-18,1803,"January 18, 1803: Special Message to Congress on Indian Policy",https://millercenter.org/the-presidency/presidential-speeches/january-18-1803-special-message-congress-indian-policy,"Thomas_Jefferson_1803-01-18T13:03:58-04:56_January_18,_1803:_Special_Message_to_Congress_on_Indian_Policy.json",1281,6,26,4.68,20.3,0.1875,Address to Congress,False,written_era
Thomas Jefferson,1803-06-20,1803,"June 20, 1803: Instructions to Captain Lewis",https://millercenter.org/the-presidency/presidential-speeches/june-20-1803-instructions-captain-lewis,"Thomas_Jefferson_1803-06-20T13:03:58-04:56_June_20,_1803:_Instructions_to_Captain_Lewis.json",2334,3,22,1.29,9.43,0.12,Other,False,written_era
Thomas Jefferson,1803-10-17,1803,"October 17, 1803: Third Annual Message",https://millercenter.org/the-presidency/presidential-speeches/october-17-1803-third-annual-message,"Thomas_Jefferson_1803-10-17T13:03:58-04:56_October_17,_1803:_Third_Annual_Message.json",2300,8,61,3.48,26.52,0.1159,Annual Message,True,written_era
Thomas Jefferson,1803-12-17,1803,"December 17, 1803: Address to the Brothers of Choctaw Nation",https://millercenter.org/the-presidency/presidential-speeches/december-17-1803-address-brothers-choctaw-nation,"Thomas_Jefferson_1803-12-17T13:03:58-04:56_December_17,_1803:_Address_to_the_Brothers_of_Choctaw_Nation.json",1140,6,59,5.26,51.75,0.0923,Other,False,written_era
Thomas Jefferson,1804-11-08,1804,"November 8, 1804: Fourth Annual Message",https://millercenter.org/the-presidency/presidential-speeches/november-8-1804-fourth-annual-message,"Thomas_Jefferson_1804-11-08T13:03:58-04:56_November_8,_1804:_Fourth_Annual_Message.json",2091,7,50,3.35,23.91,0.1228,Annual Message,True,written_era
Thomas Jefferson,1805-03-04,1805,"March 4, 1805: Second Inaugural Address",https://millercenter.org/the-presidency/presidential-speeches/march-4-1805-second-inaugural-address,"Thomas_Jefferson_1805-03-04T13:03:58-04:56_March_4,_1805:_Second_Inaugural_Address.json",2151,36,46,16.74,21.39,0.439,Inaugural Address,False,written_era
Thomas Jefferson,1805-12-03,1805,"December 3, 1805: Fifth Annual Message",https://millercenter.org/the-presidency/presidential-speeches/december-3-1805-fifth-annual-message,"Thomas_Jefferson_1805-12-03T13:03:58-04:56_December_3,_1805:_Fifth_Annual_Message.json",2880,14,82,4.86,28.47,0.1458,Annual Message,True,written_era
Thomas Jefferson,1805-12-06,1805,"December 6, 1805: Special Message to Congress on Foreign Policy",https://millercenter.org/the-presidency/presidential-speeches/december-6-1805-special-message-congress-foreign-policy,"Thomas_Jefferson_1805-12-06T13:03:58-04:56_December_6,_1805:_Special_Message_to_Congress_on_Foreign_Policy.json",993,7,29,7.05,29.2,0.1944,Address to Congress,False,written_era
Thomas Jefferson,1806-01-10,1806,"January 10, 1806: Address to the Chiefs of the Cherokee Nation",https://millercenter.org/the-presidency/presidential-speeches/january-10-1806-address-chiefs-cherokee-nation,"Thomas_Jefferson_1806-01-10T13:03:58-04:56_January_10,_1806:_Address_to_the_Chiefs_of_the_Cherokee_Nation.json",847,17,20,20.07,23.61,0.4595,Other,False,written_era
Thomas Jefferson,1806-11-27,1806,"November 27, 1806: Proclamation on Spanish Territory",https://millercenter.org/the-presidency/presidential-speeches/november-27-1806-proclamation-spanish-territory,"Thomas_Jefferson_1806-11-27T13:03:58-04:56_November_27,_1806:_Proclamation_on_Spanish_Territory.json",424,6,0,14.15,0.0,1.0,Other,False,written_era
Thomas Jefferson,1806-12-02,1806,"December 2, 1806: Sixth Annual Message",https://millercenter.org/the-presidency/presidential-speeches/december-2-1806-sixth-annual-message,"Thomas_Jefferson_1806-12-02T13:03:58-04:56_December_2,_1806:_Sixth_Annual_Message.json",2881,12,50,4.17,17.36,0.1935,Annual Message,True,written_era
Thomas Jefferson,1806-12-30,1806,"December 30, 1806: Address to the Wolf and the People of the Mandan Nation",https://millercenter.org/the-presidency/presidential-speeches/december-30-1806-address-wolf-and-people-mandan-nation,"Thomas_Jefferson_1806-12-30T13:03:58-04:56_December_30,_1806:_Address_to_the_Wolf_and_the_People_of_the_Mandan_Nation.json",1175,41,34,34.89,28.94,0.5467,Other,False,written_era
Thomas Jefferson,1807-01-22,1807,"January 22, 1807: Special Message to Congress on the Burr Conspiracy",https://millercenter.org/the-presidency/presidential-speeches/january-22-1807-special-message-congress-burr-conspiracy,"Thomas_Jefferson_1807-01-22T13:03:58-04:56_January_22,_1807:_Special_Message_to_Congress_on_the_Burr_Conspiracy.json",2472,13,16,5.26,6.47,0.4483,Address to Congress,False,written_era
Thomas Jefferson,1807-02-10,1807,"February 10, 1807: Special Message to Congress on the Gun Boats",https://millercenter.org/the-presidency/presidential-speeches/february-10-1807-special-message-congress-gun-boats,"Thomas_Jefferson_1807-02-10T13:03:58-04:56_February_10,_1807:_Special_Message_to_Congress_on_the_Gun_Boats.json",1141,1,7,0.88,6.13,0.125,Address to Congress,False,written_era
Thomas Jefferson,1807-07-02,1807,"July 2, 1807: Proclamation in Response to the Chesapeake Affair",https://millercenter.org/the-presidency/presidential-speeches/july-2-1807-proclamation-response-chesapeake-affair,"Thomas_Jefferson_1807-07-02T13:03:58-04:56_July_2,_1807:_Proclamation_in_Response_to_the_Chesapeake_Affair.json",1173,6,8,5.12,6.82,0.4286,Other,False,written_era
Thomas Jefferson,1807-10-27,1807,"October 27, 1807: Seventh Annual Message",https://millercenter.org/the-presidency/presidential-speeches/october-27-1807-seventh-annual-message,"Thomas_Jefferson_1807-10-27T13:03:58-04:56_October_27,_1807:_Seventh_Annual_Message.json",2362,12,63,5.08,26.67,0.16,Annual Message,True,written_era
Thomas Jefferson,1808-11-08,1808,"November 8, 1808: Eighth Annual Message",https://millercenter.org/the-presidency/presidential-speeches/november-8-1808-eighth-annual-message,"Thomas_Jefferson_1808-11-08T13:03:58-04:56_November_8,_1808:_Eighth_Annual_Message.json",2708,23,55,8.49,20.31,0.2949,Annual Message,True,written_era
Thomas Jefferson,1809-04-03,1809,"April 3, 1809: Message to the Inhabitants of Albemarle County",https://millercenter.org/the-presidency/presidential-speeches/april-3-1809-message-inhabitants-albemarle-county,"Thomas_Jefferson_1809-04-03T13:03:58-04:56_April_3,_1809:_Message_to_the_Inhabitants_of_Albemarle_County.json",337,28,1,83.09,2.97,0.9655,Other,False,written_era
Ulysses S. Grant,1869-03-04,1869,"March 4, 1869: First Inaugural Address",https://millercenter.org/the-presidency/presidential-speeches/march-4-1869-first-inaugural-address,"Ulysses_S._Grant_1869-03-04T13:03:58-04:56_March_4,_1869:_First_Inaugural_Address.json",1132,31,17,27.39,15.02,0.6458,Inaugural Address,False,written_era
Ulysses S. Grant,1869-04-07,1869,"April 7, 1869: Message Regarding Virginia Constitution",https://millercenter.org/the-presidency/presidential-speeches/april-7-1869-message-regarding-virginia-constitution,"Ulysses_S._Grant_1869-04-07T11:48:58-04:56_April_7,_1869:_Message_Regarding_Virginia_Constitution.json",609,9,0,14.78,0.0,1.0,Other,False,written_era
Ulysses S. Grant,1869-05-14,1869,"May 14, 1869: Message Submitting State Constitutions to a Vote",https://millercenter.org/the-presidency/presidential-speeches/may-14-1869-message-submitting-state-constitutions-vote,"Ulysses_S._Grant_1869-05-14T11:49:58-04:56_May_14,_1869:_Message_Submitting_State_Constitutions_to_a_Vote.json",816,20,0,24.51,0.0,1.0,Other,False,written_era
Ulysses S. Grant,1869-05-19,1869,"May 19, 1869: Proclamation Establishing Eight Hour Workday",https://millercenter.org/the-presidency/presidential-speeches/may-19-1869-proclamation-establishing-eight-hour-workday,"Ulysses_S._Grant_1869-05-19T11:51:58-04:56_May_19,_1869:_Proclamation_Establishing_Eight_Hour_Workday.json",163,3,0,18.4,0.0,1.0,Other,False,written_era
Ulysses S. Grant,1869-12-06,1869,"December 6, 1869: First Annual Message",https://millercenter.org/the-presidency/presidential-speeches/december-6-1869-first-annual-message,"Ulysses_S._Grant_1869-12-06T13:03:58-04:56_December_6,_1869:_First_Annual_Message.json",7647,60,56,7.85,7.32,0.5172,Annual Message,True,written_era
Ulysses S. Grant,1870-03-30,1870,"March 30, 1870: Announcement of Fifteenth Amendment Ratification",https://millercenter.org/the-presidency/presidential-speeches/march-30-1870-announcement-fifteenth-amendment-ratification,"Ulysses_S._Grant_1870-03-30T11:53:58-04:56_March_30,_1870:_Announcement_of_Fifteenth_Amendment_Ratification.json",996,8,4,8.03,4.02,0.6667,Other,False,written_era
Ulysses S. Grant,1870-05-24,1870,"May 24, 1870: Proclamation Regarding Fenian Brotherhood",https://millercenter.org/the-presidency/presidential-speeches/may-24-1870-proclamation-regarding-fenian-brotherhood,"Ulysses_S._Grant_1870-05-24T11:54:58-04:56_May_24,_1870:_Proclamation_Regarding_Fenian_Brotherhood.json",271,6,0,22.14,0.0,1.0,Other,False,written_era
Ulysses S. Grant,1870-05-31,1870,"May 31, 1870: Message Regarding Dominican Republic Annexation",https://millercenter.org/the-presidency/presidential-speeches/may-31-1870-message-regarding-dominican-republic-annexation,"Ulysses_S._Grant_1870-05-31T11:57:58-04:56_May_31,_1870:_Message_Regarding_Dominican_Republic_Annexation.json",1083,10,28,9.23,25.85,0.2632,Other,False,written_era
Ulysses S. Grant,1870-06-13,1870,"June 13, 1870: Message Regarding Insurrection in Cuba",https://millercenter.org/the-presidency/presidential-speeches/june-13-1870-message-regarding-insurrection-cuba,"Ulysses_S._Grant_1870-06-13T12:05:58-04:56_June_13,_1870:_Message_Regarding_Insurrection_in_Cuba.json",2538,11,25,4.33,9.85,0.3056,Other,False,written_era
Ulysses S. Grant,1870-07-14,1870,"July 14, 1870: Message Regarding US International Relations",https://millercenter.org/the-presidency/presidential-speeches/july-14-1870-message-regarding-us-international-relations,"Ulysses_S._Grant_1870-07-14T12:07:58-04:56_July_14,_1870:_Message_Regarding_US_International_Relations.json",5508,1,117,0.18,21.24,0.0085,Other,False,written_era
Ulysses S. Grant,1870-08-22,1870,"August 22, 1870: Proclamation Establishing US Neutrality",https://millercenter.org/the-presidency/presidential-speeches/august-22-1870-proclamation-establishing-us-neutrality,"Ulysses_S._Grant_1870-08-22T12:10:58-04:56_August_22,_1870:_Proclamation_Establishing_US_Neutrality.json",1691,10,0,5.91,0.0,1.0,Other,False,written_era
Ulysses S. Grant,1870-12-05,1870,"December 5, 1870: Second Annual Message",https://millercenter.org/the-presidency/presidential-speeches/december-5-1870-second-annual-message,"Ulysses_S._Grant_1870-12-05T13:03:58-04:56_December_5,_1870:_Second_Annual_Message.json",8702,58,97,6.67,11.15,0.3742,Annual Message,True,written_era
Ulysses S. Grant,1871-02-07,1871,"February 7, 1871: Message Regarding Unification of Germany",https://millercenter.org/the-presidency/presidential-speeches/february-7-1871-message-regarding-unification-germany,"Ulysses_S._Grant_1871-02-07T12:11:58-04:56_February_7,_1871:_Message_Regarding_Unification_of_Germany.json",562,1,3,1.78,5.34,0.25,Other,False,written_era
Ulysses S. Grant,1871-02-15,1871,"February 15, 1871: Veto Message Regarding Restrictions on Rebellion Participants",https://millercenter.org/the-presidency/presidential-speeches/february-15-1871-veto-message-regarding-restrictions-rebellion,"Ulysses_S._Grant_1871-02-15T12:13:58-04:56_February_15,_1871:_Veto_Message_Regarding_Restrictions_on_Rebellion_Participants.json",252,6,0,23.81,0.0,1.0,Other,False,written_era
Ulysses S. Grant,1871-05-03,1871,"May 3, 1871: Message Regarding Fourteenth Amendment",https://millercenter.org/the-presidency/presidential-speeches/may-3-1871-message-regarding-fourteenth-amendment,"Ulysses_S._Grant_1871-05-03T12:14:58-04:56_May_3,_1871:_Message_Regarding_Fourteenth_Amendment.json",504,11,3,21.83,5.95,0.7857,Other,False,written_era
Ulysses S. Grant,1871-10-17,1871,"October 17, 1871: Proclamation Suspending Habeas Corpus",https://millercenter.org/the-presidency/presidential-speeches/october-17-1871-proclamation-suspending-habeas-corpus,"Ulysses_S._Grant_1871-10-17T12:16:58-04:56_October_17,_1871:_Proclamation_Suspending_Habeas_Corpus.json",820,5,0,6.1,0.0,1.0,Other,False,written_era
Ulysses S. Grant,1871-12-04,1871,"December 4, 1871: Third Annual Message",https://millercenter.org/the-presidency/presidential-speeches/december-4-1871-third-annual-message,"Ulysses_S._Grant_1871-12-04T13:03:58-04:56_December_4,_1871:_Third_Annual_Message.json",6452,62,30,9.61,4.65,0.6739,Annual Message,True,written_era
Ulysses S. Grant,1871-12-19,1871,"December 19, 1871: Message on Civil Service Reform",https://millercenter.org/the-presidency/presidential-speeches/december-19-1871-message-civil-service-reform,"Ulysses_S._Grant_1871-12-19T12:17:58-04:56_December_19,_1871:_Message_on_Civil_Service_Reform.json",1415,13,0,9.19,0.0,1.0,Other,False,written_era
Ulysses S. Grant,1872-12-02,1872,"December 2, 1872: Fourth Annual Message",https://millercenter.org/the-presidency/presidential-speeches/december-2-1872-fourth-annual-message,"Ulysses_S._Grant_1872-12-02T13:03:58-04:56_December_2,_1872:_Fourth_Annual_Message.json",9909,70,44,7.06,4.44,0.614,Annual Message,True,written_era
Ulysses S. Grant,1873-03-04,1873,"March 4, 1873: Second Inaugural Address",https://millercenter.org/the-presidency/presidential-speeches/march-4-1873-second-inaugural-address,"Ulysses_S._Grant_1873-03-04T13:03:58-04:56_March_4,_1873:_Second_Inaugural_Address.json",1337,51,16,38.15,11.97,0.7612,Inaugural Address,False,written_era
Ulysses S. Grant,1873-12-01,1873,"December 1, 1873: Fifth Annual Message",https://millercenter.org/the-presidency/presidential-speeches/december-1-1873-fifth-annual-message,"Ulysses_S._Grant_1873-12-01T13:03:58-04:56_December_1,_1873:_Fifth_Annual_Message.json",9946,90,51,9.05,5.13,0.6383,Annual Message,True,written_era
Ulysses S. Grant,1874-04-22,1874,"April 22, 1874: Veto Message on Monetary Legislation",https://millercenter.org/the-presidency/presidential-speeches/april-22-1874-veto-message-monetary-legislation,"Ulysses_S._Grant_1874-04-22T12:18:58-04:56_April_22,_1874:_Veto_Message_on_Monetary_Legislation.json",1474,14,0,9.5,0.0,1.0,Other,False,written_era
Ulysses S. Grant,1874-09-15,1874,"September 15, 1874: Proclamation Regarding Disturbances in Louisiana",https://millercenter.org/the-presidency/presidential-speeches/september-15-1874-proclamation-regarding-disturbances,"Ulysses_S._Grant_1874-09-15T12:19:58-04:56_September_15,_1874:_Proclamation_Regarding_Disturbances_in_Louisiana.json",456,6,0,13.16,0.0,1.0,Other,False,written_era
Ulysses S. Grant,1874-12-07,1874,"December 7, 1874: Sixth Annual Message",https://millercenter.org/the-presidency/presidential-speeches/december-7-1874-sixth-annual-message,"Ulysses_S._Grant_1874-12-07T13:03:58-04:56_December_7,_1874:_Sixth_Annual_Message.json",9760,104,53,10.66,5.43,0.6624,Annual Message,True,written_era
Ulysses S. Grant,1875-01-13,1875,"January 13, 1875: Message Regarding Intervention in Louisiana",https://millercenter.org/the-presidency/presidential-speeches/january-13-1875-message-regarding-intervention-louisiana,"Ulysses_S._Grant_1875-01-13T12:20:58-04:56_January_13,_1875:_Message_Regarding_Intervention_in_Louisiana.json",4868,55,5,11.3,1.03,0.9167,Other,False,written_era
Ulysses S. Grant,1875-01-14,1875,"January 14, 1875: Message Approving Specie Resumption Act",https://millercenter.org/the-presidency/presidential-speeches/january-14-1875-message-approving-specie-resumption-act,"Ulysses_S._Grant_1875-01-14T12:22:58-04:56_January_14,_1875:_Message_Approving_Specie_Resumption_Act.json",1060,17,0,16.04,0.0,1.0,Other,False,written_era
Ulysses S. Grant,1875-04-18,1875,"April 18, 1875: Veto of Legislation Fixing the Presidential Salary",https://millercenter.org/the-presidency/presidential-speeches/april-18-1875-veto-legislation-fixing-presidential-salary,"Ulysses_S._Grant_1875-04-18T12:23:58-04:56_April_18,_1875:_Veto_of_Legislation_Fixing_the_Presidential_Salary.json",405,11,2,27.16,4.94,0.8462,Other,False,written_era
Ulysses S. Grant,1875-12-07,1875,"December 7, 1875: Seventh Annual Message",https://millercenter.org/the-presidency/presidential-speeches/december-7-1875-seventh-annual-message,"Ulysses_S._Grant_1875-12-07T13:03:58-04:56_December_7,_1875:_Seventh_Annual_Message.json",12145,97,99,7.99,8.15,0.4949,Annual Message,True,written_era
Ulysses S. Grant,1876-05-04,1876,"May 4, 1876: Message on Presidential Powers and Obligations",https://millercenter.org/the-presidency/presidential-speeches/may-4-1876-message-presidential-powers-and-obligations,"Ulysses_S._Grant_1876-05-04T12:24:58-04:56_May_4,_1876:_Message_on_Presidential_Powers_and_Obligations.json",2765,39,0,14.1,0.0,1.0,Other,False,written_era
Ulysses S. Grant,1876-06-26,1876,"June 26, 1876: Proclamation Celebrating the Hundredth Anniversary of Independence",https://millercenter.org/the-presidency/presidential-speeches/june-26-1876-proclamation-celebrating-hundredth-anniversary,"Ulysses_S._Grant_1876-06-26T12:26:58-04:56_June_26,_1876:_Proclamation_Celebrating_the_Hundredth_Anniversary_of_Independence.json",298,3,4,10.07,13.42,0.4286,Other,False,written_era
Ulysses S. Grant,1876-12-05,1876,"December 5, 1876: Eighth Annual Message",https://millercenter.org/the-presidency/presidential-speeches/december-5-1876-eighth-annual-message,"Ulysses_S._Grant_1876-12-05T13:03:58-04:56_December_5,_1876:_Eighth_Annual_Message.json",6727,64,23,9.51,3.42,0.7356,Annual Message,True,written_era
Ulysses S. Grant,1877-01-29,1877,"January 29, 1877: Message Regarding Presidential Election",https://millercenter.org/the-presidency/presidential-speeches/january-29-1877-message-regarding-presidential-election,"Ulysses_S._Grant_1877-01-29T12:27:58-04:56_January_29,_1877:_Message_Regarding_Presidential_Election.json",864,10,3,11.57,3.47,0.7692,Other,False,written_era
Warren G. Harding,1917-04-04,1917,"April 4, 1917: The Republic Must Awaken",https://millercenter.org/the-presidency/presidential-speeches/april-4-1917-republic-must-awaken,"Warren_G._Harding_1917-04-04T10:06:00-05:00_April_4,_1917:_The_Republic_Must_Awaken.json",436,1,20,2.29,45.87,0.0476,Other,False,spoken_era
Warren G. Harding,1919-09-11,1919,"September 11, 1919: Safeguarding America",https://millercenter.org/the-presidency/presidential-speeches/september-11-1919-safeguarding-america,"Warren_G._Harding_1919-09-11T14:22:00-04:00_September_11,_1919:_Safeguarding_America.json",543,6,26,11.05,47.88,0.1875,Other,False,spoken_era
Warren G. Harding,1920-01-20,1920,"January 20, 1920: Americanism",https://millercenter.org/the-presidency/presidential-speeches/january-20-1920-americanism,"Warren_G._Harding_1920-01-20T15:24:00-05:00_January_20,_1920:_Americanism.json",490,5,19,10.2,38.78,0.2083,Other,False,spoken_era
Warren G. Harding,1920-05-14,1920,"May 14, 1920: Readjustment",https://millercenter.org/the-presidency/presidential-speeches/may-14-1920-readjustment,"Warren_G._Harding_1920-05-14T15:35:00-04:00_May_14,_1920:_Readjustment.json",549,2,23,3.64,41.89,0.08,Other,False,spoken_era
Warren G. Harding,1920-06-12,1920,"June 12, 1920: Speech Accepting the Republican Nomination",https://millercenter.org/the-presidency/presidential-speeches/june-12-1920-speech-accepting-republican-nomination,"Warren_G._Harding_1920-06-12T18:48:00-04:00_June_12,_1920:_Speech_Accepting_the_Republican_Nomination.json",6868,78,198,11.36,28.83,0.2826,Other,False,spoken_era
Warren G. Harding,1920-07-22,1920,"July 22, 1920: Enduring Popular Government",https://millercenter.org/the-presidency/presidential-speeches/july-22-1920-enduring-popular-government,"Warren_G._Harding_1920-07-22T15:49:00-04:00_July_22,_1920:_Enduring_Popular_Government.json",546,2,19,3.66,34.8,0.0952,Other,False,spoken_era
Warren G. Harding,1920-07-22,1920,"July 22, 1920: An Association of Nations",https://millercenter.org/the-presidency/presidential-speeches/july-22-1920-association-nations,"Warren_G._Harding_1920-07-22T15:53:00-04:00_July_22,_1920:_An_Association_of_Nations.json",525,8,19,15.24,36.19,0.2963,Other,False,spoken_era
Warren G. Harding,1920-07-22,1920,"July 22, 1920: High Wages for High Production",https://millercenter.org/the-presidency/presidential-speeches/july-22-1920-high-wages-high-production,"Warren_G._Harding_1920-07-22T15:59:00-04:00_July_22,_1920:_High_Wages_for_High_Production.json",513,10,12,19.49,23.39,0.4545,Other,False,spoken_era
Warren G. Harding,1920-07-22,1920,"July 22, 1920: Liberty Under the Law",https://millercenter.org/the-presidency/presidential-speeches/july-22-1920-liberty-under-law,"Warren_G._Harding_1920-07-22T16:01:00-04:00_July_22,_1920:_Liberty_Under_the_Law.json",557,1,21,1.8,37.7,0.0455,Other,False,spoken_era
Warren G. Harding,1920-07-22,1920,"July 22, 1920: The American Soldier",https://millercenter.org/the-presidency/presidential-speeches/july-22-1920-american-soldier,"Warren_G._Harding_1920-07-22T16:03:00-04:00_July_22,_1920:_The_American_Soldier.json",548,16,11,29.2,20.07,0.5926,Other,False,spoken_era
Warren G. Harding,1920-08-25,1920,"August 25, 1920: The Republican Party",https://millercenter.org/the-presidency/presidential-speeches/august-25-1920-republican-party,"Warren_G._Harding_1920-08-25T16:12:00-04:00_August_25,_1920:_The_Republican_Party.json",469,6,4,12.79,8.53,0.6,Other,False,spoken_era
Warren G. Harding,1920-08-28,1920,"August 28, 1920: America",https://millercenter.org/the-presidency/presidential-speeches/august-28-1920-america,"Warren_G._Harding_1920-08-28T16:24:00-04:00_August_28,_1920:_America.json",355,11,13,30.99,36.62,0.4583,Other,False,spoken_era
Warren G. Harding,1921-03-04,1921,"March 4, 1921: Inaugural Address",https://millercenter.org/the-presidency/presidential-speeches/march-4-1921-inaugural-address,"Warren_G._Harding_1921-03-04T13:00:00-05:00_March_4,_1921:_Inaugural_Address.json",3303,26,163,7.87,49.35,0.1376,Inaugural Address,False,spoken_era
Warren G. Harding,1921-03-31,1921,"March 31, 1921: Nationalism and Americanism",https://millercenter.org/the-presidency/presidential-speeches/march-31-1921-nationalism-and-americanism,"Warren_G._Harding_1921-03-31T16:35:00-05:00_March_31,_1921:_Nationalism_and_Americanism.json",545,10,25,18.35,45.87,0.2857,Other,False,spoken_era
Warren G. Harding,1921-05-23,1921,"May 23, 1921: Speech Upon Arrival of World War One Dead for Burial",https://millercenter.org/the-presidency/presidential-speeches/may-23-1921-speech-upon-arrival-world-war-one-dead-burial,"Warren_G._Harding_1921-05-23T16:37:00-04:00_May_23,_1921:_Speech_Upon_Arrival_of_World_War_One_Dead_for_Burial.json",686,10,16,14.58,23.32,0.3846,Other,False,spoken_era
Warren G. Harding,1921-11-12,1921,"November 12, 1921: Opening Speech of the Conference on Limitation of Armament",https://millercenter.org/the-presidency/presidential-speeches/november-12-1921-opening-speech-conference-limitation-armament,"Warren_G._Harding_1921-11-12T16:41:00-05:00_November_12,_1921:_Opening_Speech_of_the_Conference_on_Limitation_of_Armament.json",550,5,25,9.09,45.45,0.1667,Other,False,spoken_era
Warren G. Harding,1921-12-06,1921,"December 6, 1921: First Annual Message",https://millercenter.org/the-presidency/presidential-speeches/december-6-1921-first-annual-message,"Warren_G._Harding_1921-12-06T13:00:00-05:00_December_6,_1921:_First_Annual_Message.json",5594,37,149,6.61,26.64,0.1989,Annual Message,True,spoken_era
Warren G. Harding,1922-12-08,1922,"December 8, 1922: Second Annual Message",https://millercenter.org/the-presidency/presidential-speeches/december-8-1922-second-annual-message,"Warren_G._Harding_1922-12-08T13:00:00-05:00_December_8,_1922:_Second_Annual_Message.json",5752,27,151,4.69,26.25,0.1517,Annual Message,True,spoken_era
William Harrison,1841-03-04,1841,"March 4, 1841: Inaugural Address",https://millercenter.org/the-presidency/presidential-speeches/march-4-1841-inaugural-address,"William_Harrison_1841-03-04T13:03:58-04:56_March_4,_1841:_Inaugural_Address.json",8459,93,87,10.99,10.28,0.5167,Inaugural Address,False,written_era
William McKinley,1897-03-04,1897,"March 4, 1897: First Inaugural Address",https://millercenter.org/the-presidency/presidential-speeches/march-4-1897-first-inaugural-address,"William_McKinley_1897-03-04T13:00:00-05:00_March_4,_1897:_First_Inaugural_Address.json",3696,36,85,9.74,23.0,0.2975,Inaugural Address,False,written_era
William McKinley,1897-03-15,1897,"March 15, 1897: Message Regarding Special Session of Congress",https://millercenter.org/the-presidency/presidential-speeches/march-15-1897-message-regarding-special-session-congress,"William_McKinley_1897-03-15T17:19:00-05:00_March_15,_1897:_Message_Regarding_Special_Session_of_Congress.json",911,3,10,3.29,10.98,0.2308,Other,False,written_era
William McKinley,1897-05-17,1897,"May 17, 1897: Message Regarding Relief of Americans in Cuba",https://millercenter.org/the-presidency/presidential-speeches/may-17-1897-message-regarding-relief-americans-cuba,"William_McKinley_1897-05-17T17:00:00-05:00_May_17,_1897:_Message_Regarding_Relief_of_Americans_in_Cuba.json",212,2,2,9.43,9.43,0.5,Other,False,written_era
William McKinley,1897-07-24,1897,"July 24, 1897: Message Regarding Banking and Currency Laws",https://millercenter.org/the-presidency/presidential-speeches/july-24-1897-message-regarding-banking-and-currency-laws,"William_McKinley_1897-07-24T17:31:00-05:00_July_24,_1897:_Message_Regarding_Banking_and_Currency_Laws.json",576,9,8,15.62,13.89,0.5294,Other,False,written_era
William McKinley,1897-12-06,1897,"December 6, 1897: First Annual Message",https://millercenter.org/the-presidency/presidential-speeches/december-6-1897-first-annual-message,"William_McKinley_1897-12-06T13:00:00-05:00_December_6,_1897:_First_Annual_Message.json",12060,61,108,5.06,8.96,0.3609,Annual Message,True,written_era
William McKinley,1898-04-11,1898,"April 11, 1898: Message Regarding Cuban Civil War",https://millercenter.org/the-presidency/presidential-speeches/april-11-1898-message-regarding-cuban-civil-war,"William_McKinley_1898-04-11T17:32:00-05:00_April_11,_1898:_Message_Regarding_Cuban_Civil_War.json",5805,40,77,6.89,13.26,0.3419,Other,False,written_era
William McKinley,1898-04-22,1898,"April 22, 1898: Proclamation Regarding Blockade of Cuba",https://millercenter.org/the-presidency/presidential-speeches/april-22-1898-proclamation-regarding-blockade-cuba,"William_McKinley_1898-04-22T17:36:00-05:00_April_22,_1898:_Proclamation_Regarding_Blockade_of_Cuba.json",443,3,0,6.77,0.0,1.0,Other,False,written_era
William McKinley,1898-04-23,1898,"April 23, 1898: Proclamation Calling for Military Volunteers",https://millercenter.org/the-presidency/presidential-speeches/april-23-1898-proclamation-calling-military-volunteers,"William_McKinley_1898-04-23T17:37:00-05:00_April_23,_1898:_Proclamation_Calling_for_Military_Volunteers.json",317,4,0,12.62,0.0,1.0,Other,False,written_era
William McKinley,1898-12-05,1898,"December 5, 1898: Second Annual Message",https://millercenter.org/the-presidency/presidential-speeches/december-5-1898-second-annual-message,"William_McKinley_1898-12-05T13:00:00-05:00_December_5,_1898:_Second_Annual_Message.json",19954,106,153,5.31,7.67,0.4093,Annual Message,True,written_era
William McKinley,1899-12-05,1899,"December 5, 1899: Third Annual Message",https://millercenter.org/the-presidency/presidential-speeches/december-5-1899-third-annual-message,"William_McKinley_1899-12-05T13:00:00-05:00_December_5,_1899:_Third_Annual_Message.json",22643,101,214,4.46,9.45,0.3206,Annual Message,True,written_era
William McKinley,1900-07-12,1900,"July 12, 1900: Speech Accepting the Republican Nomination",https://millercenter.org/the-presidency/presidential-speeches/july-12-1900-speech-accepting-republican-nomination,"William_McKinley_1900-07-12T17:42:00-05:00_July_12,_1900:_Speech_Accepting_the_Republican_Nomination.json",2007,17,63,8.47,31.39,0.2125,Other,False,written_era
William McKinley,1900-12-03,1900,"December 3, 1900: Fourth Annual Message",https://millercenter.org/the-presidency/presidential-speeches/december-3-1900-fourth-annual-message,"William_McKinley_1900-12-03T13:00:00-05:00_December_3,_1900:_Fourth_Annual_Message.json",18912,91,141,4.81,7.46,0.3922,Annual Message,True,written_era
William McKinley,1901-03-04,1901,"March 4, 1901: Second Inaugural Address",https://millercenter.org/the-presidency/presidential-speeches/march-4-1901-second-inaugural-address,"William_McKinley_1901-03-04T13:00:00-05:00_March_4,_1901:_Second_Inaugural_Address.json",2067,20,56,9.68,27.09,0.2632,Inaugural Address,False,written_era
William McKinley,1901-09-05,1901,"September 5, 1901: Speech in Buffalo, New York",https://millercenter.org/the-presidency/presidential-speeches/september-5-1901-speech-buffalo-new-york,"William_McKinley_1901-09-05T17:46:00-05:00_September_5,_1901:_Speech_in_Buffalo,_New_York.json",2198,5,67,2.27,30.48,0.0694,Other,False,written_era
William Taft,1909-03-04,1909,"March 4, 1909: Inaugural Address",https://millercenter.org/the-presidency/presidential-speeches/march-4-1909-inaugural-address,"William_Taft_1909-03-04T13:00:00-05:00_March_4,_1909:_Inaugural_Address.json",5071,54,63,10.65,12.42,0.4615,Inaugural Address,False,written_era
William Taft,1909-03-16,1909,"March 16, 1909: Message Regarding Tariff Legislation",https://millercenter.org/the-presidency/presidential-speeches/march-16-1909-message-regarding-tariff-legislation,"William_Taft_1909-03-16T18:15:00-05:00_March_16,_1909:_Message_Regarding_Tariff_Legislation.json",327,8,0,24.46,0.0,1.0,Other,False,written_era
William Taft,1909-06-16,1909,"June 16, 1909: Message Regarding Income Tax",https://millercenter.org/the-presidency/presidential-speeches/june-16-1909-message-regarding-income-tax,"William_Taft_1909-06-16T18:16:00-05:00_June_16,_1909:_Message_Regarding_Income_Tax.json",1170,16,2,13.68,1.71,0.8889,Other,False,written_era
William Taft,1909-11-17,1909,"November 17, 1909: Address on the Tariff Law of 1909",https://millercenter.org/the-presidency/presidential-speeches/november-17-1909-address-tariff-law-1909,"William_Taft_1909-11-17T13:00:00-05:00_November_17,_1909:_Address_on_the_Tariff_Law_of_1909.json",7532,102,32,13.54,4.25,0.7612,Other,False,written_era
William Taft,1909-12-07,1909,"December 7, 1909: First Annual Message",https://millercenter.org/the-presidency/presidential-speeches/december-7-1909-first-annual-message,"William_Taft_1909-12-07T13:00:00-05:00_December_7,_1909:_First_Annual_Message.json",13849,111,46,8.02,3.32,0.707,Annual Message,True,written_era
William Taft,1910-01-07,1910,"January 7, 1910: Message Regarding Economic Legislation",https://millercenter.org/the-presidency/presidential-speeches/january-7-1910-message-regarding-economic-legislation,"William_Taft_1910-01-07T18:18:00-05:00_January_7,_1910:_Message_Regarding_Economic_Legislation.json",8188,33,15,4.03,1.83,0.6875,Other,False,written_era
William Taft,1910-01-14,1910,"January 14, 1910: Message Regarding Environmental Preservation",https://millercenter.org/the-presidency/presidential-speeches/january-14-1910-message-regarding-environmental-preservation,"William_Taft_1910-01-14T18:19:00-05:00_January_14,_1910:_Message_Regarding_Environmental_Preservation.json",4043,28,22,6.93,5.44,0.56,Other,False,written_era
William Taft,1910-12-06,1910,"December 6, 1910: Second Annual Message",https://millercenter.org/the-presidency/presidential-speeches/december-6-1910-second-annual-message,"William_Taft_1910-12-06T13:00:00-05:00_December_6,_1910:_Second_Annual_Message.json",27305,227,97,8.31,3.55,0.7006,Annual Message,True,written_era
William Taft,1911-01-26,1911,"January 26, 1911: Special Message on Canadian Reciprocity",https://millercenter.org/the-presidency/presidential-speeches/january-26-1911-special-message-canadian-reciprocity,"William_Taft_1911-01-26T13:00:00-05:00_January_26,_1911:_Special_Message_on_Canadian_Reciprocity.json",2280,10,65,4.39,28.51,0.1333,Other,False,written_era
William Taft,1911-01-26,1911,"January 26, 1911: Message Regarding US-Canadian Relations",https://millercenter.org/the-presidency/presidential-speeches/january-26-1911-message-regarding-us-canadian-relations,"William_Taft_1911-01-26T18:21:00-05:00_January_26,_1911:_Message_Regarding_US-Canadian_Relations.json",2280,10,65,4.39,28.51,0.1333,Other,False,written_era
William Taft,1911-12-05,1911,"December 5, 1911: Third Annual Message",https://millercenter.org/the-presidency/presidential-speeches/december-5-1911-third-annual-message,"William_Taft_1911-12-05T13:00:00-05:00_December_5,_1911:_Third_Annual_Message.json",23557,186,94,7.9,3.99,0.6643,Annual Message,True,written_era
William Taft,1912-12-03,1912,"December 3, 1912: Fourth Annual Message",https://millercenter.org/the-presidency/presidential-speeches/december-3-1912-fourth-annual-message,"William_Taft_1912-12-03T13:00:00-05:00_December_3,_1912:_Fourth_Annual_Message.json",25071,158,212,6.3,8.46,0.427,Annual Message,True,written_era
Woodrow Wilson,1913-03-04,1913,"March 4, 1913: First Inaugural Address",https://millercenter.org/the-presidency/presidential-speeches/march-4-1913-first-inaugural-address,"Woodrow_Wilson_1913-03-04T13:00:00-05:00_March_4,_1913:_First_Inaugural_Address.json",1604,7,69,4.36,43.02,0.0921,Inaugural Address,False,spoken_era
Woodrow Wilson,1913-04-08,1913,"April 8, 1913: Message Regarding Tariff Duties",https://millercenter.org/the-presidency/presidential-speeches/april-8-1913-message-regarding-tariff-duties,"Woodrow_Wilson_1913-04-08T18:24:00-05:00_April_8,_1913:_Message_Regarding_Tariff_Duties.json",1156,9,44,7.79,38.06,0.1698,Other,False,spoken_era
Woodrow Wilson,1913-06-23,1913,"June 23, 1913: Message Regarding Banking System",https://millercenter.org/the-presidency/presidential-speeches/june-23-1913-message-regarding-banking-system,"Woodrow_Wilson_1913-06-23T18:25:00-05:00_June_23,_1913:_Message_Regarding_Banking_System.json",1181,15,44,12.7,37.26,0.2542,Other,False,spoken_era
Woodrow Wilson,1913-07-04,1913,"July 4, 1913: Address at Gettysburg",https://millercenter.org/the-presidency/presidential-speeches/july-4-1913-address-gettysburg,"Woodrow_Wilson_1913-07-04T13:00:00-05:00_July_4,_1913:_Address_at_Gettysburg.json",1263,10,40,7.92,31.67,0.2,Other,False,spoken_era
Woodrow Wilson,1913-10-25,1913,"October 25, 1913: Address at Congress Hall, Philadelphia",https://millercenter.org/the-presidency/presidential-speeches/october-25-1913-address-congress-hall-philadelphia,"Woodrow_Wilson_1913-10-25T13:00:00-05:00_October_25,_1913:_Address_at_Congress_Hall,_Philadelphia.json",1952,30,40,15.37,20.49,0.4286,Other,False,spoken_era
Woodrow Wilson,1913-12-02,1913,"December 2, 1913: First Annual Message",https://millercenter.org/the-presidency/presidential-speeches/december-2-1913-first-annual-message,"Woodrow_Wilson_1913-12-02T13:00:00-05:00_December_2,_1913:_First_Annual_Message.json",3563,51,90,14.31,25.26,0.3617,Annual Message,True,spoken_era
Woodrow Wilson,1914-01-20,1914,"January 20, 1914: Address to a Joint Session of Congress on Trusts and Monopolies",https://millercenter.org/the-presidency/presidential-speeches/january-20-1914-address-joint-session-congress-trusts-and,"Woodrow_Wilson_1914-01-20T13:00:00-05:00_January_20,_1914:_Address_to_a_Joint_Session_of_Congress_on_Trusts_and_Monopolies.json",2522,11,41,4.36,16.26,0.2115,Address to Congress,False,spoken_era
Woodrow Wilson,1914-04-20,1914,"April 20, 1914: Message Regarding Tampico Incident",https://millercenter.org/the-presidency/presidential-speeches/april-20-1914-message-regarding-tampico-incident,"Woodrow_Wilson_1914-04-20T18:27:00-05:00_April_20,_1914:_Message_Regarding_Tampico_Incident.json",1305,17,20,13.03,15.33,0.4595,Other,False,spoken_era
Woodrow Wilson,1914-05-30,1914,"May 30, 1914: Memorial Day Address",https://millercenter.org/the-presidency/presidential-speeches/may-30-1914-memorial-day-address,"Woodrow_Wilson_1914-05-30T18:29:00-05:00_May_30,_1914:_Memorial_Day_Address.json",944,12,25,12.71,26.48,0.3243,Other,False,spoken_era
Woodrow Wilson,1914-07-04,1914,"July 4, 1914: Fourth of July Address",https://millercenter.org/the-presidency/presidential-speeches/july-4-1914-fourth-july-address,"Woodrow_Wilson_1914-07-04T18:31:00-05:00_July_4,_1914:_Fourth_of_July_Address.json",3217,50,73,15.54,22.69,0.4065,Other,False,spoken_era
Woodrow Wilson,1914-08-19,1914,"August 19, 1914: Message on Neutrality",https://millercenter.org/the-presidency/presidential-speeches/august-19-1914-message-neutrality,"Woodrow_Wilson_1914-08-19T13:00:00-05:00_August_19,_1914:_Message_on_Neutrality.json",631,8,14,12.68,22.19,0.3636,Other,False,spoken_era
Woodrow Wilson,1914-10-20,1914,"October 20, 1914: ""The Opinion of the World"" Speech",https://millercenter.org/the-presidency/presidential-speeches/october-20-1914-opinion-world-speech,"Woodrow_Wilson_1914-10-20T13:00:00-05:00_October_20,_1914:_""The_Opinion_of_the_World""_Speech.json",1077,28,22,26.0,20.43,0.56,Other,False,spoken_era
Woodrow Wilson,1914-12-08,1914,"December 8, 1914: Second Annual Message",https://millercenter.org/the-presidency/presidential-speeches/december-8-1914-second-annual-message,"Woodrow_Wilson_1914-12-08T13:00:00-05:00_December_8,_1914:_Second_Annual_Message.json",4545,42,242,9.24,53.25,0.1479,Annual Message,True,spoken_era
Woodrow Wilson,1915-01-28,1915,"January 28, 1915: Veto of Immigration Legislation",https://millercenter.org/the-presidency/presidential-speeches/january-28-1915-veto-immigration-legislation,"Woodrow_Wilson_1915-01-28T18:32:00-05:00_January_28,_1915:_Veto_of_Immigration_Legislation.json",859,18,12,20.95,13.97,0.6,Other,False,spoken_era
Woodrow Wilson,1915-12-07,1915,"December 7, 1915: Third Annual Message",https://millercenter.org/the-presidency/presidential-speeches/december-7-1915-third-annual-message,"Woodrow_Wilson_1915-12-07T13:00:00-05:00_December_7,_1915:_Third_Annual_Message.json",7706,64,221,8.31,28.68,0.2246,Annual Message,True,spoken_era
Woodrow Wilson,1916-04-19,1916,"April 19, 1916: Message Regarding German Actions",https://millercenter.org/the-presidency/presidential-speeches/april-19-1916-message-regarding-german-actions,"Woodrow_Wilson_1916-04-19T18:33:00-05:00_April_19,_1916:_Message_Regarding_German_Actions.json",1962,6,9,3.06,4.59,0.4,Other,False,spoken_era
Woodrow Wilson,1916-09-02,1916,"September 2, 1916: Speech of Acceptance",https://millercenter.org/the-presidency/presidential-speeches/september-2-1916-speech-acceptance,"Woodrow_Wilson_1916-09-02T14:00:00-05:00_September_2,_1916:_Speech_of_Acceptance.json",5527,38,153,6.88,27.68,0.199,Other,False,spoken_era
Woodrow Wilson,1916-09-02,1916,"September 3, 1916: Speech Accepting the Democratic Nomination",https://millercenter.org/the-presidency/presidential-speeches/september-3-1916-speech-accepting-democratic-nomination,"Woodrow_Wilson_1916-09-02T19:34:00-05:00_September_3,_1916:_Speech_Accepting_the_Democratic_Nomination.json",5527,38,153,6.88,27.68,0.199,Other,False,spoken_era
Woodrow Wilson,1916-09-08,1916,"September 9, 1916: Message Regarding Women’s Suffrage",https://millercenter.org/the-presidency/presidential-speeches/september-9-1916-message-regarding-womens-suffrage,"Woodrow_Wilson_1916-09-08T19:38:00-05:00_September_9,_1916:_Message_Regarding_Women’s_Suffrage.json",1306,23,11,17.61,8.42,0.6765,Other,False,spoken_era
Woodrow Wilson,1916-12-05,1916,"December 5, 1916: Fourth Annual Message",https://millercenter.org/the-presidency/presidential-speeches/december-5-1916-fourth-annual-message,"Woodrow_Wilson_1916-12-05T13:00:00-05:00_December_5,_1916:_Fourth_Annual_Message.json",2125,30,17,14.12,8.0,0.6383,Annual Message,True,spoken_era
Woodrow Wilson,1917-01-22,1917,"January 22, 1917: ""A World League for Peace"" Speech",https://millercenter.org/the-presidency/presidential-speeches/january-22-1917-world-league-peace-speech,"Woodrow_Wilson_1917-01-22T13:00:00-05:00_January_22,_1917:_""A_World_League_for_Peace""_Speech.json",2682,42,18,15.66,6.71,0.7,Other,False,spoken_era
Woodrow Wilson,1917-02-03,1917,"February 3, 1917: Message Regarding US-German Relations",https://millercenter.org/the-presidency/presidential-speeches/february-3-1917-message-regarding-us-german-relations,"Woodrow_Wilson_1917-02-03T18:39:00-05:00_February_3,_1917:_Message_Regarding_US-German_Relations.json",1488,16,16,10.75,10.75,0.5,Other,False,spoken_era
Woodrow Wilson,1917-02-26,1917,"February 26, 1917: Message Regarding Safety of Merchant Ships",https://millercenter.org/the-presidency/presidential-speeches/february-26-1917-message-regarding-safety-merchant-ships,"Woodrow_Wilson_1917-02-26T18:40:00-05:00_February_26,_1917:_Message_Regarding_Safety_of_Merchant_Ships.json",1639,46,39,28.07,23.79,0.5412,Other,False,spoken_era
Woodrow Wilson,1917-03-05,1917,"March 5, 1917: Second Inaugural Address",https://millercenter.org/the-presidency/presidential-speeches/march-5-1917-second-inaugural-address,"Woodrow_Wilson_1917-03-05T13:00:00-05:00_March_5,_1917:_Second_Inaugural_Address.json",1431,17,87,11.88,60.8,0.1635,Inaugural Address,False,spoken_era
Woodrow Wilson,1917-04-02,1917,"April 2, 1917: Address to Congress Requesting a Declaration of War Against Germany",https://millercenter.org/the-presidency/presidential-speeches/april-2-1917-address-congress-requesting-declaration-war,"Woodrow_Wilson_1917-04-02T13:00:00-05:00_April_2,_1917:_Address_to_Congress_Requesting_a_Declaration_of_War_Against_Germany.json",3675,31,113,8.44,30.75,0.2153,Address to Congress,False,spoken_era
Woodrow Wilson,1917-04-06,1917,"April 6, 1917: Proclamation 1364",https://millercenter.org/the-presidency/presidential-speeches/april-6-1917-proclamation-1364,"Woodrow_Wilson_1917-04-06T13:00:00-05:00_April_6,_1917:_Proclamation_1364.json",1533,10,1,6.52,0.65,0.9091,Other,False,spoken_era
Woodrow Wilson,1917-04-16,1917,"April 17, 1917: Message Regarding World War I",https://millercenter.org/the-presidency/presidential-speeches/april-17-1917-message-regarding-world-war-i,"Woodrow_Wilson_1917-04-16T19:41:00-05:00_April_17,_1917:_Message_Regarding_World_War_I.json",1728,19,39,11.0,22.57,0.3276,Other,False,spoken_era
Woodrow Wilson,1917-05-18,1917,"May 19, 1917: Message Regarding Military Draft",https://millercenter.org/the-presidency/presidential-speeches/may-19-1917-message-regarding-military-draft,"Woodrow_Wilson_1917-05-18T19:43:00-05:00_May_19,_1917:_Message_Regarding_Military_Draft.json",1909,5,16,2.62,8.38,0.2381,Other,False,spoken_era
Woodrow Wilson,1917-12-04,1917,"December 4, 1917: Fifth Annual Message",https://millercenter.org/the-presidency/presidential-speeches/december-4-1917-fifth-annual-message,"Woodrow_Wilson_1917-12-04T13:00:00-05:00_December_4,_1917:_Fifth_Annual_Message.json",3932,44,114,11.19,28.99,0.2785,Annual Message,True,spoken_era
Woodrow Wilson,1918-01-08,1918,"January 8, 1918: Wilson's ""Fourteen Points""",https://millercenter.org/the-presidency/presidential-speeches/january-8-1918-wilsons-fourteen-points,"Woodrow_Wilson_1918-01-08T18:45:00-05:00_January_8,_1918:_Wilson's_""Fourteen_Points"".json",2499,5,43,2.0,17.21,0.1042,Other,False,spoken_era
Woodrow Wilson,1918-12-02,1918,"December 2, 1918: Sixth Annual Message",https://millercenter.org/the-presidency/presidential-speeches/december-2-1918-sixth-annual-message,"Woodrow_Wilson_1918-12-02T13:00:00-05:00_December_2,_1918:_Sixth_Annual_Message.json",5466,91,103,16.65,18.84,0.4691,Annual Message,True,spoken_era
Woodrow Wilson,1919-12-02,1919,"December 2, 1919: Seventh Annual Message",https://millercenter.org/the-presidency/presidential-speeches/december-2-1919-seventh-annual-message,"Woodrow_Wilson_1919-12-02T13:00:00-05:00_December_2,_1919:_Seventh_Annual_Message.json",4762,36,45,7.56,9.45,0.4444,Annual Message,True,spoken_era
Woodrow Wilson,1920-12-07,1920,"December 7, 1920: Eighth Annual Message",https://millercenter.org/the-presidency/presidential-speeches/december-7-1920-eighth-annual-message,"Woodrow_Wilson_1920-12-07T13:00:00-05:00_December_7,_1920:_Eighth_Annual_Message.json",2698,39,24,14.46,8.9,0.619,Annual Message,True,spoken_era
Zachary Taylor,1849-03-05,1849,"March 5, 1849: Inaugural Address",https://millercenter.org/the-presidency/presidential-speeches/march-5-1849-inaugural-address,"Zachary_Taylor_1849-03-05T13:03:58-04:56_March_5,_1849:_Inaugural_Address.json",1091,33,22,30.25,20.16,0.6,Inaugural Address,False,written_era
Zachary Taylor,1849-12-04,1849,"December 4, 1849: First Annual Message",https://millercenter.org/the-presidency/presidential-speeches/december-4-1849-first-annual-message,"Zachary_Taylor_1849-12-04T11:42:58-04:56_December_4,_1849:_First_Annual_Message.json",7611,80,103,10.51,13.53,0.4372,Annual Message,True,written_era
Zachary Taylor,1850-01-23,1850,"January 23, 1850: Message Regarding Newly Acquired Territories",https://millercenter.org/the-presidency/presidential-speeches/january-23-1850-message-regarding-newly-acquired-territories,"Zachary_Taylor_1850-01-23T11:43:58-04:56_January_23,_1850:_Message_Regarding_Newly_Acquired_Territories.json",1679,33,8,19.65,4.76,0.8049,Other,False,written_era
Zachary Taylor,1850-04-22,1850,"April 22, 1850: Message Regarding Treaty with Great Britain",https://millercenter.org/the-presidency/presidential-speeches/april-22-1850-message-regarding-treaty-great-britain,"Zachary_Taylor_1850-04-22T11:44:58-04:56_April_22,_1850:_Message_Regarding_Treaty_with_Great_Britain.json",983,15,3,15.26,3.05,0.8333,Other,False,written_era
